-- phpMyAdmin SQL Dump
-- version 5.2.0
-- https://www.phpmyadmin.net/
--
-- Host: 127.0.0.1
-- Generation Time: Feb 06, 2023 at 01:14 PM
-- Server version: 10.4.27-MariaDB
-- PHP Version: 8.2.0

SET SQL_MODE = "NO_AUTO_VALUE_ON_ZERO";
START TRANSACTION;
SET time_zone = "+00:00";


/*!40101 SET @OLD_CHARACTER_SET_CLIENT=@@CHARACTER_SET_CLIENT */;
/*!40101 SET @OLD_CHARACTER_SET_RESULTS=@@CHARACTER_SET_RESULTS */;
/*!40101 SET @OLD_COLLATION_CONNECTION=@@COLLATION_CONNECTION */;
/*!40101 SET NAMES utf8mb4 */;

--
-- Database: `envote`
--

-- --------------------------------------------------------

--
-- Table structure for table `adminlogs`
--

CREATE TABLE `adminlogs` (
  `id` bigint(20) UNSIGNED NOT NULL,
  `admin` varchar(255) NOT NULL,
  `activity` varchar(255) NOT NULL,
  `created_at` timestamp NULL DEFAULT NULL,
  `updated_at` timestamp NULL DEFAULT NULL
) ENGINE=InnoDB DEFAULT CHARSET=utf8mb4 COLLATE=utf8mb4_unicode_ci;

--
-- Dumping data for table `adminlogs`
--

INSERT INTO `adminlogs` (`id`, `admin`, `activity`, `created_at`, `updated_at`) VALUES
(1, 'Odell Goldner', 'Logged out', '2023-02-03 23:08:11', '2023-02-03 23:08:11'),
(2, 'Lemuel Bauch', 'Created a template', '2023-02-03 23:08:15', '2023-02-03 23:08:15'),
(3, 'Lemuel Bauch', 'Created College Election', '2023-02-03 23:08:44', '2023-02-03 23:08:44'),
(4, 'Lemuel Bauch', 'Created Senior High Election', '2023-02-03 23:09:07', '2023-02-03 23:09:07'),
(5, 'Lemuel Bauch', 'Accepted Mayra Williamson as candidate for Secretary in Senior High Election', '2023-02-03 23:12:59', '2023-02-03 23:12:59'),
(6, 'Lemuel Bauch', 'Updated Senior High Election', '2023-02-03 23:14:07', '2023-02-03 23:14:07'),
(7, 'Lemuel Bauch', 'Updated College Election', '2023-02-03 23:16:42', '2023-02-03 23:16:42'),
(8, 'Lemuel Bauch', 'Updated admin display photo', '2023-02-03 23:23:35', '2023-02-03 23:23:35'),
(9, 'Christopher Hermann', 'Logged in', '2023-02-03 23:27:53', '2023-02-03 23:27:53'),
(10, 'Lemuel Bauch', 'Created election shs titlee', '2023-02-03 23:29:48', '2023-02-03 23:29:48'),
(11, 'Christopher Hermann', 'Logged out', '2023-02-03 23:30:09', '2023-02-03 23:30:09'),
(12, 'Lemuel Bauch', 'Archived election shs titlee', '2023-02-03 23:30:28', '2023-02-03 23:30:28'),
(13, 'Lemuel Bauch', 'Created angat senior high new erection', '2023-02-03 23:30:45', '2023-02-03 23:30:45'),
(14, 'Lemuel Bauch', 'Updated angat senior high new erection', '2023-02-03 23:34:05', '2023-02-03 23:34:05'),
(15, 'Lemuel Bauch', 'Updated angat senior high new erection', '2023-02-03 23:36:25', '2023-02-03 23:36:25'),
(16, 'Lemuel Bauch', 'Archived angat senior high new erection', '2023-02-03 23:42:47', '2023-02-03 23:42:47'),
(17, 'Lemuel Bauch', 'retrieved angat senior high new erection', '2023-02-03 23:42:55', '2023-02-03 23:42:55'),
(18, 'Lemuel Bauch', 'Created senior bug', '2023-02-03 23:43:31', '2023-02-03 23:43:31'),
(19, 'Lemuel Bauch', 'Archived angat senior high new erection', '2023-02-03 23:43:47', '2023-02-03 23:43:47'),
(20, 'Lemuel Bauch', 'Updated senior bug', '2023-02-03 23:43:54', '2023-02-03 23:43:54'),
(21, 'Lemuel Bauch', 'retrieved angat senior high new erection', '2023-02-03 23:44:04', '2023-02-03 23:44:04'),
(22, 'Lemuel Bauch', 'Logged in', '2023-02-04 21:17:07', '2023-02-04 21:17:07'),
(23, 'Lemuel Bauch', 'Updated College Election', '2023-02-04 21:23:59', '2023-02-04 21:23:59'),
(24, 'Lemuel Bauch', 'Updated College Election', '2023-02-04 21:24:33', '2023-02-04 21:24:33'),
(25, 'Lemuel Bauch', 'Archived College Election', '2023-02-04 21:26:11', '2023-02-04 21:26:11'),
(26, 'Lemuel Bauch', 'retrieved College Election', '2023-02-04 21:26:20', '2023-02-04 21:26:20'),
(27, 'Lemuel Bauch', 'Logged in', '2023-02-05 00:45:45', '2023-02-05 00:45:45'),
(28, 'Lemuel Bauch', 'Updated admin display photo', '2023-02-05 00:51:57', '2023-02-05 00:51:57'),
(29, 'Lemuel Bauch', 'Archived College Election', '2023-02-05 00:53:04', '2023-02-05 00:53:04'),
(30, 'Lemuel Bauch', 'retrieved College Election', '2023-02-05 00:53:15', '2023-02-05 00:53:15'),
(31, 'Lemuel Bauch', 'Updated College Election', '2023-02-05 00:54:03', '2023-02-05 00:54:03'),
(32, 'Lemuel Bauch', 'Updated College Election', '2023-02-05 00:59:52', '2023-02-05 00:59:52'),
(33, 'Lemuel Bauch', 'Updated College Election', '2023-02-05 01:00:30', '2023-02-05 01:00:30'),
(34, 'Lemuel Bauch', 'Updated College Election', '2023-02-05 01:12:41', '2023-02-05 01:12:41'),
(35, 'Lemuel Bauch', 'Updated College Election', '2023-02-05 01:14:10', '2023-02-05 01:14:10');

-- --------------------------------------------------------

--
-- Table structure for table `admins`
--

CREATE TABLE `admins` (
  `id` bigint(20) UNSIGNED NOT NULL,
  `username` varchar(255) NOT NULL,
  `password` varchar(255) NOT NULL,
  `firstName` varchar(255) NOT NULL,
  `lastName` varchar(255) NOT NULL,
  `displayPhoto` varchar(255) DEFAULT NULL,
  `created_at` timestamp NULL DEFAULT NULL,
  `updated_at` timestamp NULL DEFAULT NULL
) ENGINE=InnoDB DEFAULT CHARSET=utf8mb4 COLLATE=utf8mb4_unicode_ci;

--
-- Dumping data for table `admins`
--

INSERT INTO `admins` (`id`, `username`, `password`, `firstName`, `lastName`, `displayPhoto`, `created_at`, `updated_at`) VALUES
(1, 'BPC_Envote@2022_1', '$2y$10$kMDM5dltGIilQwZL/lfimebOoReozIZYxtTNuLtspXvUxW2bqV4pC', 'Odell', 'Goldner', NULL, '2023-02-03 22:57:49', '2023-02-03 22:57:49'),
(2, 'BPC_Envote@2022_2', '$2y$10$Uhdn2xZQeQ3KiDAE.kYleeIz8otD/Z0GrWcOwSaOx2YUjCWv1tUfO', 'Lemuel', 'Bauch', 'adminPhotos/HvapqwD54stM1khKYvfe7kOG3SC5f3n3JpySC9Lr.jpg', '2023-02-03 22:57:49', '2023-02-05 00:51:57'),
(3, 'BPC_Envote@2022_3', '$2y$10$y.Xbg5avB8rjcMPlZdoGaOiVZgGq1mVGWEqArq3HwjyvfazT9pF0a', 'Elsa', 'Schowalter', NULL, '2023-02-03 22:57:49', '2023-02-03 22:57:49'),
(4, 'BPC_Envote@2022_4', '$2y$10$L9jAK0ENHpllafB682MWLeaAwwrE45BQJOje0V.OkLvlGgqF8soTa', 'Tamia', 'Schultz', NULL, '2023-02-03 22:57:49', '2023-02-03 22:57:49'),
(5, 'BPC_Envote@2022_5', '$2y$10$tin1ujC7c.Kir7jAWHK37OzJlHfrxWaB32MBj/UEfiBFw2WP2yp/i', 'Christopher', 'Hermann', NULL, '2023-02-03 22:57:49', '2023-02-03 22:57:49');

-- --------------------------------------------------------

--
-- Table structure for table `announcements`
--

CREATE TABLE `announcements` (
  `announcementID` bigint(20) UNSIGNED NOT NULL,
  `title` varchar(255) NOT NULL,
  `cover` varchar(255) DEFAULT NULL,
  `postedBy` varchar(255) NOT NULL,
  `content` longtext NOT NULL,
  `created_at` timestamp NULL DEFAULT NULL,
  `updated_at` timestamp NULL DEFAULT NULL
) ENGINE=InnoDB DEFAULT CHARSET=utf8mb4 COLLATE=utf8mb4_unicode_ci;

--
-- Dumping data for table `announcements`
--

INSERT INTO `announcements` (`announcementID`, `title`, `cover`, `postedBy`, `content`, `created_at`, `updated_at`) VALUES
(1, 'Iusto alias ullam impedit aut repudiandae qui.', NULL, 'Elvera', 'Cumque beatae atque excepturi aut laudantium. Similique facilis consequatur est. Minus cum sequi repellendus quisquam in maxime. Commodi dignissimos neque adipisci vel aspernatur qui. Consequatur aliquid voluptas fugiat et fugiat aspernatur sed magnam. Nemo aut aut dolorum sed tenetur mollitia. Explicabo recusandae omnis rerum ea harum similique iusto. Corporis neque aut possimus beatae dolores. Aut ut ipsum et aut qui accusantium. Laboriosam et et esse laborum autem vitae ut similique. Quia accusamus tempore minima inventore eaque. Culpa architecto sequi minus ea cumque. Hic est aut laboriosam repudiandae. Quam a esse dolores adipisci incidunt quia ipsa. Aperiam eveniet eius eum laboriosam quaerat. Soluta adipisci non molestiae incidunt cupiditate molestiae qui nulla. Mollitia quo qui omnis ut minima. Delectus laboriosam excepturi voluptatem nisi similique. Soluta corrupti quia labore. Praesentium vitae ipsa nisi minus. Veritatis hic et deleniti dolor cumque similique voluptate. Consequatur voluptatibus omnis quam voluptatibus et maxime. Qui qui molestiae dolorum nesciunt. Consequatur pariatur eligendi debitis. Et nesciunt libero ut ducimus explicabo.', '2023-02-03 22:57:39', '2023-02-03 22:57:39'),
(2, 'Eius ipsam quasi unde at corrupti rerum aperiam.', NULL, 'Darby', 'Quo eum voluptatem voluptatum. Atque deleniti voluptatem in aut. Maiores culpa a ipsum quibusdam ex. Consequuntur aliquid quod delectus mollitia eius sit assumenda eos. Voluptas voluptatem molestiae iusto qui ipsa explicabo. Quia et doloribus doloremque et quo consequatur. Commodi consequatur et suscipit sint. Quo tenetur vel qui explicabo quae ea nobis impedit. Et quasi iure sed assumenda tenetur voluptate molestiae. Vero dolorem est dolorum laboriosam sit neque. Ipsa eveniet voluptas expedita totam est. Cupiditate illo magnam necessitatibus fugit ab. Cum autem quibusdam fuga rerum ullam. Autem voluptatem in dolore cupiditate. Porro quos in perferendis perferendis necessitatibus tempore dolores. Ducimus aut inventore molestiae non enim. Ut nihil aut laudantium. Enim ut voluptatem quae vel perspiciatis. Officiis dolor sed aut. Dolores aut cupiditate et quia est qui minus. Quibusdam facere nisi nam et porro. Sit ipsam reprehenderit corporis ut sit numquam explicabo autem. Ducimus animi mollitia reiciendis dicta officia consequatur eos. Rem praesentium quam tenetur autem eligendi vel. Quis repellendus nam animi. Consequatur eligendi commodi consequatur corrupti sunt. Deserunt delectus voluptatum eum occaecati. Id magnam laborum eveniet eum. Aut exercitationem est aperiam minima aspernatur aut reiciendis est. Voluptatem qui minus necessitatibus eum est. Sed excepturi distinctio commodi voluptatibus. Et asperiores aliquid repellat sit ex molestiae. Quidem iusto consequatur nulla delectus repellat dolore. Similique voluptatem nisi harum exercitationem debitis. Voluptatem qui laudantium voluptatem et. Saepe accusamus eveniet in ut veniam. Eaque quam earum quidem non. Consequatur eligendi necessitatibus necessitatibus cumque ad id. Quidem dolorum eos ab omnis dicta delectus eius. Ut fugit ut quis consequatur vitae. Qui non voluptas atque doloremque ut. Et impedit et et ipsa. Consequatur nihil rerum et expedita. Qui fuga pariatur distinctio eos quibusdam reprehenderit. Cupiditate sequi voluptatum asperiores quia. Voluptatem voluptatem dolorem harum inventore. Non commodi ad deserunt unde aperiam deserunt modi. Blanditiis voluptates mollitia quisquam sapiente. Qui et quia voluptatem asperiores dolorem libero modi. Voluptas eum reiciendis rem ipsum. Exercitationem dolorum est et. Voluptas ipsa eos ut corporis ex. Tenetur maxime nesciunt sint nihil voluptas ut quidem. Ut optio consequatur reprehenderit nesciunt error sunt deleniti. Fugiat aut doloremque vero similique qui corrupti fugit.', '2023-02-03 22:57:39', '2023-02-03 22:57:39'),
(3, 'Quod ut harum illo nulla et.', NULL, 'Sage', 'Natus aut porro aut repellat placeat omnis. Non quis et quia et. Atque quod illo magni laborum non. Commodi voluptatem occaecati in eum. Provident quia eius voluptatem amet consequuntur est. Voluptatum ut dolore tempora magnam. Quaerat ullam quos omnis architecto tenetur provident doloremque illum. Ut eligendi voluptates culpa debitis necessitatibus et. Ratione perspiciatis voluptates a alias ea quibusdam qui pariatur. Necessitatibus laboriosam aperiam similique quo molestiae et dolor. Assumenda cum sit deserunt error adipisci. Delectus voluptatibus dolorem occaecati exercitationem nulla aliquid. Omnis vel itaque minima in omnis eum. Et aperiam molestias provident amet quidem repellat id. Atque optio cum in porro. Voluptas libero et voluptatibus et id dolor cumque. Excepturi et at officia dignissimos aut. Perferendis debitis iusto autem repudiandae dolorem sint laboriosam. Voluptas et ea facere corrupti accusamus facilis consequatur. Magnam dicta voluptatum repellendus facere corporis magni. Modi fugit autem sunt ullam saepe tenetur et. Aliquam blanditiis quod ipsa voluptatem enim. Soluta mollitia cupiditate voluptates ullam facere blanditiis omnis. Vel sint culpa est minus sunt earum consectetur doloremque. Atque nesciunt ut et sunt sint qui in nam. Voluptatum nemo sed sed illo. Eligendi suscipit minus sunt quidem. Illum vel animi sunt quis doloribus asperiores. Sed sunt suscipit excepturi aperiam ipsa sunt. Qui consequatur esse dolorem asperiores. Consequatur repellendus temporibus quasi nostrum vel. Incidunt esse ut ut sunt qui. Repellendus esse odio voluptas aut animi aut.', '2023-02-03 22:57:39', '2023-02-03 22:57:39'),
(4, 'Omnis dolore hic aut aut.', NULL, 'Liana', 'Distinctio ex sit delectus et molestiae incidunt. Facere assumenda veritatis consequatur eaque nobis occaecati est. Dolorum aspernatur suscipit velit aut ut fuga. Consequatur suscipit nobis quis at fugiat veritatis repudiandae saepe. Quae dolorem voluptas veniam rerum consequatur. Dicta fugiat et et optio sint voluptatem. Non sed eius odit nemo molestiae. Nulla qui qui architecto natus saepe. Repellat sit qui dolore libero adipisci mollitia dolores enim. Impedit ipsa dolore neque et molestiae laborum. Minus dicta qui animi sequi dicta reiciendis sit. Delectus minus in fuga itaque cum atque voluptatem. Blanditiis nihil sunt aut incidunt. Hic ex et et dolorem id non fugit. Ab in officiis eveniet soluta minus dicta aliquid iure. Necessitatibus odio reiciendis temporibus ut sed totam. Exercitationem voluptatem non dolores perspiciatis id et. Earum ut sed laborum neque nisi blanditiis. Quasi autem sit id. Corrupti minus eos et temporibus vel molestiae. Eaque eum eos est dolorem pariatur. Tenetur consectetur vero ea id rerum enim. Corrupti veritatis molestias et ut a aliquam qui nesciunt. Magni qui consequatur excepturi corrupti sed. Ut sit tempore sed enim quidem. Molestiae iusto sequi perspiciatis a sit vel.', '2023-02-03 22:57:39', '2023-02-03 22:57:39'),
(5, 'Rerum sed nulla ab dolor optio dolor veniam.', NULL, 'Millie', 'Iure ea dolores omnis quis harum dicta. Voluptates expedita molestias aut rem dicta eveniet quia. Expedita temporibus omnis provident laborum. Ducimus beatae laudantium quaerat ratione nobis laudantium. Assumenda id et corporis porro aspernatur. Voluptatem vitae laboriosam at ratione. Qui soluta ut velit praesentium nihil maiores fuga. Illum eveniet aut itaque nulla nostrum et. Aut eveniet occaecati corrupti sed. Nulla enim harum doloribus delectus quia quia at. Sequi error ex facere doloremque. Enim fugit non nemo non ut ut. Voluptas et id non pariatur quidem natus. Quos sed magni consequuntur velit harum. Quis nemo consequatur repellendus et provident accusamus nemo. Ipsum soluta expedita officia praesentium. Qui optio vel soluta vel. Quaerat architecto vel explicabo est. Reiciendis explicabo veritatis aut non quia reiciendis animi. Earum dolor sed eveniet dignissimos consequatur. Consequuntur ea fugiat quas provident reiciendis tempore tempore. Debitis ullam suscipit quam molestiae porro nemo esse. Quos consectetur labore culpa sit. Blanditiis modi consequuntur illo consequatur distinctio quae. Impedit omnis rerum culpa iste impedit repellat. Et deserunt perspiciatis mollitia quia pariatur corporis. Enim fuga molestiae similique dignissimos illo aut ipsum. Omnis nihil magni officiis voluptas recusandae et enim. Qui nostrum eos consequatur veritatis quasi ducimus. Provident quod suscipit sit rerum saepe inventore. Amet accusantium sunt recusandae exercitationem dicta. Similique id earum et et. Facilis eum quia saepe assumenda ut. Natus qui incidunt soluta id repellendus. Et voluptatem quia quos et ex. Voluptates aut iure iure harum. Occaecati soluta aspernatur quasi explicabo quis provident quis harum. Non asperiores quis adipisci quo pariatur quaerat. Voluptatem corporis et aliquid numquam eum fuga reprehenderit.', '2023-02-03 22:57:39', '2023-02-03 22:57:39'),
(6, 'Voluptates aut impedit aut cupiditate et iusto.', NULL, 'Allen', 'Ducimus laboriosam nemo repudiandae. Unde incidunt odio minus doloremque. Repellat aspernatur et dolorem voluptas. Ad iste aut itaque necessitatibus consequatur ex. Consectetur dicta nihil nobis harum corrupti assumenda. Deleniti corrupti minima eum eum. Blanditiis quaerat omnis sit sequi odit sapiente distinctio. Veniam ad exercitationem at accusantium sequi voluptas occaecati sunt. Vel sapiente vero maiores voluptatem iste. A et veritatis et eos dolor eum. Laudantium esse quia aut et labore debitis inventore ut. Velit voluptas corrupti et velit vitae. Asperiores itaque dolorem aspernatur vitae. Tempore quas ut ad facilis harum. Soluta expedita tenetur debitis nihil. Sapiente non incidunt repellendus voluptas inventore ut doloribus dolorem. Atque quia enim nihil a incidunt commodi. Id sed molestiae illo nostrum accusamus iure cupiditate. Recusandae maiores et labore sunt. Dolorem adipisci et voluptatem sequi dolore dolorum. Sint eligendi vel omnis commodi. Nam ex voluptate harum totam. Nostrum natus amet quibusdam porro consequatur minus maiores. Et id magnam fuga. Temporibus doloremque et qui qui non. Dicta cum neque recusandae voluptas corrupti sed odit et. Porro aut esse beatae alias quos cupiditate. Dolorum quisquam quia commodi non dolorem aut iusto. Mollitia fugiat nam neque consequatur consequatur et quidem blanditiis. Consequuntur aliquam alias quia voluptatem rerum sit id sit. Minima doloribus et ut debitis vero. Voluptatum maiores molestiae nulla error nostrum. A qui aperiam vel aperiam quidem eum et alias.', '2023-02-03 22:57:39', '2023-02-03 22:57:39'),
(7, 'Et dolorum dignissimos laborum quidem neque voluptatem occaecati.', NULL, 'Telly', 'Et at blanditiis fugiat cumque ab perferendis. Ducimus atque et voluptas illo illum nisi laboriosam. Libero ut rerum nihil voluptatem. Eum dicta qui a modi nesciunt est officiis. Aut voluptates harum voluptatem excepturi. Fugit neque velit odio quod dolorem praesentium odio. Et libero officiis possimus dolore et. Itaque numquam reiciendis dolor nulla. Consequatur non qui cum tempora qui accusantium delectus. Praesentium est voluptate in. Doloribus rerum iste sit facilis molestiae omnis ut. Dolor eum incidunt aliquam numquam. Aliquid provident dolores est voluptas aliquid sapiente occaecati quae. Odit odit omnis vero architecto. Sapiente eos occaecati optio ullam. Repellat hic dolorum et aut at vero. Repudiandae non vitae tempore nobis quis ipsa. Aliquam et eligendi architecto in ducimus. Quis veniam autem eveniet aut modi inventore sunt. Aperiam dignissimos ut voluptatibus consequatur odio. Et eligendi error qui. Sit perferendis possimus temporibus. Quia labore dignissimos veniam odit sunt. Doloribus voluptatem pariatur dolor aspernatur quo molestias numquam. Consequuntur libero cum voluptates aut.', '2023-02-03 22:57:39', '2023-02-03 22:57:39'),
(8, 'Qui aut quasi architecto quos fugiat officiis inventore culpa.', NULL, 'Vernie', 'Aliquam illo laboriosam dolorum eum. Quis quibusdam aliquid ea cumque quo dolorem cupiditate. Perferendis quos nemo culpa illum dolores. Iure voluptas qui veritatis quaerat sint et cumque ipsam. Porro eos id sed perferendis sint qui quia. Voluptatem qui culpa esse voluptatem qui et eos laboriosam. Deleniti quas consequatur repellendus laudantium et repudiandae consequatur. Aut molestias architecto perferendis tenetur ex. Deleniti et in non dolor exercitationem eos incidunt. Voluptatem placeat corrupti quod animi consequatur maiores minima. Deleniti eos aut expedita rerum ipsam exercitationem dolorem. Eum est odio et quia cum magnam accusamus. Qui molestias placeat sed voluptatem. Quibusdam minus suscipit totam ipsam deleniti porro sed. Aut autem sequi error ut laudantium assumenda. Et minus doloremque quis ipsum perspiciatis quod perferendis. Sunt ipsa recusandae nisi voluptatum. Aperiam autem numquam earum nobis sapiente fugiat. Occaecati modi enim quae est voluptatem et ut. Consequuntur aut qui minus voluptatem possimus. Eum ratione voluptas unde reiciendis laboriosam voluptatem voluptas. Aut necessitatibus aut alias deleniti ea autem animi. Nam quasi aliquid tempora maxime explicabo officia rerum iste. Placeat ut aliquam sed iure exercitationem et ut. Et odio et magnam ullam. Amet quisquam eveniet sunt cum sed quisquam atque. Quam perspiciatis quo maxime qui. Omnis id aspernatur provident possimus temporibus officia. Veniam qui similique optio ullam odio et. Expedita ut dolores fugit. Dolores fugiat odit quam ab quis quidem optio. Commodi quia unde impedit assumenda fugit laudantium. Consequuntur est nisi deleniti molestiae et et dolorem. Maxime voluptas cum illo animi voluptatibus labore esse. Rerum et sunt non corrupti necessitatibus. Deserunt recusandae voluptas accusamus. Delectus quod est provident est odio nostrum sunt. Laudantium ea aperiam molestiae totam quisquam omnis libero et. Beatae magnam excepturi reiciendis enim ipsa. Fuga omnis vero quae maxime amet. A repellat autem et eos ut.', '2023-02-03 22:57:39', '2023-02-03 22:57:39'),
(9, 'Eligendi beatae quia voluptatem hic.', NULL, 'Cynthia', 'Ducimus voluptatibus rem dolores autem velit ratione. Voluptatem odio qui optio quis aperiam et consequatur quia. Magni rerum sed dolores expedita ipsam consequatur. Distinctio aliquid sit laborum esse. Eius cumque amet ea quia voluptate quo repudiandae. Odit omnis quis quas assumenda veritatis dolores. Et quaerat distinctio est alias iusto reprehenderit. Soluta qui accusamus sit accusantium quibusdam. Eius molestias pariatur voluptatem ut at consequatur est tenetur. Laboriosam tempore tempore ut enim. Quia ut cum id sed est impedit quia expedita. Quis sed laboriosam culpa animi iste optio libero minus. Perspiciatis molestias molestiae aspernatur voluptatum. Id voluptatibus tempora magnam sit itaque. Vero mollitia fugit numquam ad. Enim ipsum ut sapiente asperiores ullam exercitationem sint. Magnam suscipit culpa voluptas. Placeat doloremque numquam eum sed voluptatem est et enim. Itaque aut consequatur velit pariatur dicta. Laborum itaque sint cumque id consequatur deserunt. Odit commodi sed ea voluptatem rem quia in sit. Dolorum voluptatem quis sed molestiae laudantium. Voluptate laboriosam accusamus quo sed. Soluta molestias repellat eius voluptas quos. Iusto autem est dolore recusandae error voluptas. Perspiciatis nihil corrupti sint quia est. Nihil voluptas itaque sit non qui totam. Nihil sed nesciunt vero ipsa. Quia nam dolorem hic voluptatem qui. Ducimus enim sed perferendis unde rerum. Non sint dolores voluptatum odio et. Sunt molestiae odit quia et occaecati fugiat. Qui reprehenderit laboriosam error ratione illo omnis. Et similique soluta est. Voluptas consectetur minima occaecati accusamus omnis. Cum nisi ipsa sed nihil eum laborum. Eveniet modi reiciendis perferendis omnis. Delectus qui ab cumque in voluptatibus dolorem. Amet omnis nam earum aliquam aut. Et nam et sint. Et vero voluptas omnis repellendus. Inventore quaerat excepturi ratione qui. Nisi fuga incidunt omnis sunt. Tempora quia aut aut eos quibusdam laudantium. Voluptas soluta rerum sit maiores reprehenderit ut aut. Alias corrupti deleniti repellat libero dicta quo quisquam qui. Laboriosam deserunt unde aut delectus eos quidem. Sit dignissimos dolor expedita iure excepturi totam eligendi. Quas soluta iure et quia numquam. Sed quisquam velit culpa voluptatem voluptas. Consequatur similique fuga et itaque ut pariatur suscipit. Molestias ipsa praesentium mollitia doloremque enim sit aliquam. Nesciunt quae ut eum omnis dolores enim. At iste et sapiente repellendus doloremque maxime.', '2023-02-03 22:57:39', '2023-02-03 22:57:39'),
(10, 'Est ratione exercitationem neque dignissimos quisquam repellat.', NULL, 'Deshaun', 'Rerum commodi odit accusantium explicabo in et dignissimos. Aspernatur magnam in optio labore nisi non quia. Omnis numquam enim repudiandae sunt omnis placeat. Facere ut quia asperiores et. Ex nostrum et vitae fugiat et. Et placeat vel minus aliquid sunt quis. Aliquam nam ut at iusto eos tenetur. Et inventore iste qui culpa. Est dolor nihil debitis voluptatem. Provident et ut nulla voluptas quasi. Porro eligendi rem dolore placeat illo eum eum. Sit rerum laudantium cum consequuntur aut. Quia dolorum labore aut et. Delectus ipsam rerum debitis. Voluptas veniam quas pariatur aut. Tempora tempora at ratione. Quia minima cum voluptatem iste saepe id. Consequatur nihil aut fugit repellat. Aut omnis quaerat laborum rerum itaque. Officia explicabo minima sequi nihil. Consequatur id dignissimos deleniti. Modi maxime aut non corrupti deleniti consequatur incidunt. Perspiciatis sit neque quia. Dolore sapiente voluptas fugit error placeat iusto. Tempore voluptatem quo sed voluptatem perferendis commodi. Ut dolores et ullam eum voluptas aperiam odit. Vel quia laboriosam nihil ab natus eum quo. Quod expedita et atque et natus. Ut officiis sint ut eos aliquid repudiandae. Quaerat eum repellendus consectetur neque. Blanditiis temporibus repellat praesentium aut. Non quo dolorem esse qui. Voluptatibus ut rerum aperiam est natus corporis. Laudantium ea quia quis repellendus. Debitis error in tempora rem. Aperiam doloribus eligendi animi perferendis. Sit harum neque necessitatibus laborum ea est placeat. Sit animi qui nemo voluptatem expedita. Maiores repellendus veritatis cum odit enim. Ullam ut fugit recusandae occaecati ipsam harum dolores. Doloremque et debitis ipsa at voluptatibus nam et. Praesentium error vero quae alias magnam voluptatem. Nesciunt nostrum qui earum pariatur. Corrupti aperiam quis voluptatem repellat voluptatum. Sed et ratione totam dolor accusantium sint est animi. Quo sunt totam id velit delectus. Non aut delectus ratione odit. Ab culpa non velit autem rem. Vel necessitatibus saepe reprehenderit sint et numquam. Aut exercitationem velit sit quis doloribus cupiditate magnam. Rem ullam eum eos et rem velit magni. Quia provident molestiae deleniti corporis dolores. Ut omnis totam cupiditate mollitia non. Inventore dignissimos et quia est ut consectetur. Et sed neque aut beatae nulla voluptatum.', '2023-02-03 22:57:39', '2023-02-03 22:57:39');

-- --------------------------------------------------------

--
-- Table structure for table `applicationarchives`
--

CREATE TABLE `applicationarchives` (
  `id` bigint(20) UNSIGNED NOT NULL,
  `positionarchive_id` bigint(20) UNSIGNED NOT NULL,
  `studentID` varchar(255) NOT NULL,
  `firstName` varchar(255) NOT NULL,
  `middleName` varchar(255) NOT NULL,
  `lastName` varchar(255) NOT NULL,
  `program` varchar(255) NOT NULL,
  `yearLevel` varchar(255) NOT NULL,
  `section` varchar(255) NOT NULL,
  `party` varchar(255) NOT NULL,
  `status` varchar(255) NOT NULL,
  `created_at` timestamp NULL DEFAULT NULL,
  `updated_at` timestamp NULL DEFAULT NULL
) ENGINE=InnoDB DEFAULT CHARSET=utf8mb4 COLLATE=utf8mb4_unicode_ci;

--
-- Dumping data for table `applicationarchives`
--

INSERT INTO `applicationarchives` (`id`, `positionarchive_id`, `studentID`, `firstName`, `middleName`, `lastName`, `program`, `yearLevel`, `section`, `party`, `status`, `created_at`, `updated_at`) VALUES
(7, 13, 'AN-20081052', 'Kian', 'Goodwin', 'Treutel', 'GAS', '12', 'R', 'Independent', 'accepted', '2023-02-03 23:31:31', '2023-02-03 23:33:35'),
(8, 14, 'AN-18085516', 'Susie', 'Oberbrunner', 'Osinski', 'ABM', '11', 'S', 'Independent', 'accepted', '2023-02-03 23:32:40', '2023-02-03 23:33:35'),
(9, 15, 'AN-20083311', 'Javon', 'Ondricka', 'Wunsch', 'GAS', '12', 'I', 'Independent', 'accepted', '2023-02-03 23:33:22', '2023-02-03 23:33:35');

-- --------------------------------------------------------

--
-- Table structure for table `applications`
--

CREATE TABLE `applications` (
  `id` bigint(20) UNSIGNED NOT NULL,
  `position_id` bigint(20) UNSIGNED NOT NULL,
  `studentID` varchar(255) NOT NULL,
  `firstName` varchar(255) NOT NULL,
  `middleName` varchar(255) NOT NULL,
  `lastName` varchar(255) NOT NULL,
  `program` varchar(255) NOT NULL,
  `yearLevel` varchar(255) NOT NULL,
  `section` varchar(255) NOT NULL,
  `party` varchar(255) NOT NULL,
  `status` varchar(255) NOT NULL,
  `created_at` timestamp NULL DEFAULT NULL,
  `updated_at` timestamp NULL DEFAULT NULL
) ENGINE=InnoDB DEFAULT CHARSET=utf8mb4 COLLATE=utf8mb4_unicode_ci;

--
-- Dumping data for table `applications`
--

INSERT INTO `applications` (`id`, `position_id`, `studentID`, `firstName`, `middleName`, `lastName`, `program`, `yearLevel`, `section`, `party`, `status`, `created_at`, `updated_at`) VALUES
(1, 5, 'AN-20081052', 'Kian', 'Goodwin', 'Treutel', 'GAS', '12', 'R', 'Independent', 'accepted', '2023-02-03 23:11:02', '2023-02-03 23:13:14'),
(2, 5, 'AN-20083311', 'Javon', 'Ondricka', 'Wunsch', 'GAS', '12', 'I', 'Independent', 'accepted', '2023-02-03 23:11:08', '2023-02-03 23:13:14'),
(3, 6, 'AN-18080863', 'Jaylan', 'O\'Hara', 'Ullrich', 'ABM', '12', 'V', 'Independent', 'accepted', '2023-02-03 23:11:19', '2023-02-03 23:13:14'),
(4, 7, 'AN-16080966', 'Grover', 'Willms', 'Tromp', 'GAS', '12', 'K', 'Independent', 'accepted', '2023-02-03 23:11:37', '2023-02-03 23:13:21'),
(5, 6, 'AN-20080842', 'Celestino', 'Schaefer', 'Wisozk', 'ABM', '12', 'A', 'Independent', 'accepted', '2023-02-03 23:11:49', '2023-02-03 23:13:14'),
(6, 7, 'AN-17082436', 'Mayra', 'Senger', 'Williamson', 'ABM', '12', 'L', 'Independent', 'accepted', '2023-02-03 23:12:34', '2023-02-03 23:12:59'),
(10, 1, 'AN-18085090', 'Jules', 'Corwin', 'Stoltenberg', 'BTVTED', '2', 'Z', 'Independent', 'pending', '2023-02-05 01:00:02', '2023-02-05 01:00:02');

-- --------------------------------------------------------

--
-- Table structure for table `candidatearchives`
--

CREATE TABLE `candidatearchives` (
  `id` bigint(20) UNSIGNED NOT NULL,
  `positionarchive_id` bigint(20) UNSIGNED NOT NULL,
  `studentID` varchar(255) NOT NULL,
  `firstName` varchar(255) NOT NULL,
  `middleName` varchar(255) NOT NULL,
  `lastName` varchar(255) NOT NULL,
  `program` varchar(255) NOT NULL,
  `yearLevel` varchar(255) NOT NULL,
  `section` varchar(255) NOT NULL,
  `party` varchar(255) NOT NULL,
  `votes` int(11) NOT NULL,
  `created_at` timestamp NULL DEFAULT NULL,
  `updated_at` timestamp NULL DEFAULT NULL
) ENGINE=InnoDB DEFAULT CHARSET=utf8mb4 COLLATE=utf8mb4_unicode_ci;

-- --------------------------------------------------------

--
-- Table structure for table `candidates`
--

CREATE TABLE `candidates` (
  `id` bigint(20) UNSIGNED NOT NULL,
  `position_id` bigint(20) UNSIGNED NOT NULL,
  `studentID` varchar(255) NOT NULL,
  `firstName` varchar(255) NOT NULL,
  `middleName` varchar(255) NOT NULL,
  `lastName` varchar(255) NOT NULL,
  `program` varchar(255) NOT NULL,
  `yearLevel` varchar(255) NOT NULL,
  `section` varchar(255) NOT NULL,
  `party` varchar(255) NOT NULL,
  `votes` int(11) NOT NULL,
  `created_at` timestamp NULL DEFAULT NULL,
  `updated_at` timestamp NULL DEFAULT NULL
) ENGINE=InnoDB DEFAULT CHARSET=utf8mb4 COLLATE=utf8mb4_unicode_ci;

--
-- Dumping data for table `candidates`
--

INSERT INTO `candidates` (`id`, `position_id`, `studentID`, `firstName`, `middleName`, `lastName`, `program`, `yearLevel`, `section`, `party`, `votes`, `created_at`, `updated_at`) VALUES
(1, 7, 'AN-17082436', 'Mayra', 'Senger', 'Williamson', 'ABM', '12', 'L', 'Independent', 0, '2023-02-03 23:12:59', '2023-02-03 23:12:59'),
(2, 6, 'AN-20080842', 'Celestino', 'Schaefer', 'Wisozk', 'ABM', '12', 'A', 'Independent', 1, '2023-02-03 23:13:14', '2023-02-03 23:15:10'),
(3, 6, 'AN-18080863', 'Jaylan', 'O\'Hara', 'Ullrich', 'ABM', '12', 'V', 'Independent', 1, '2023-02-03 23:13:14', '2023-02-03 23:15:20'),
(4, 5, 'AN-20083311', 'Javon', 'Ondricka', 'Wunsch', 'GAS', '12', 'I', 'Independent', 0, '2023-02-03 23:13:14', '2023-02-03 23:13:14'),
(5, 5, 'AN-20081052', 'Kian', 'Goodwin', 'Treutel', 'GAS', '12', 'R', 'Independent', 2, '2023-02-03 23:13:14', '2023-02-03 23:15:20'),
(6, 7, 'AN-16080966', 'Grover', 'Willms', 'Tromp', 'GAS', '12', 'K', 'Independent', 1, '2023-02-03 23:13:21', '2023-02-03 23:15:10'),
(7, 15, 'AN-20083311', 'Javon', 'Ondricka', 'Wunsch', 'GAS', '12', 'I', 'Independent', 2, '2023-02-03 23:33:35', '2023-02-03 23:39:47'),
(8, 14, 'AN-18085516', 'Susie', 'Oberbrunner', 'Osinski', 'ABM', '11', 'S', 'Independent', 2, '2023-02-03 23:33:35', '2023-02-03 23:39:47'),
(9, 13, 'AN-20081052', 'Kian', 'Goodwin', 'Treutel', 'GAS', '12', 'R', 'Independent', 3, '2023-02-03 23:33:35', '2023-02-03 23:41:31');

-- --------------------------------------------------------

--
-- Table structure for table `certificatearchives`
--

CREATE TABLE `certificatearchives` (
  `id` bigint(20) UNSIGNED NOT NULL,
  `studentID` varchar(255) NOT NULL,
  `electionarchive_id` bigint(20) UNSIGNED NOT NULL,
  `firstName` varchar(255) NOT NULL,
  `middleName` varchar(255) NOT NULL,
  `lastName` varchar(255) NOT NULL,
  `schoolYear` varchar(255) NOT NULL,
  `url` varchar(255) DEFAULT NULL,
  `created_at` timestamp NULL DEFAULT NULL,
  `updated_at` timestamp NULL DEFAULT NULL
) ENGINE=InnoDB DEFAULT CHARSET=utf8mb4 COLLATE=utf8mb4_unicode_ci;

-- --------------------------------------------------------

--
-- Table structure for table `certificates`
--

CREATE TABLE `certificates` (
  `id` bigint(20) UNSIGNED NOT NULL,
  `studentID` varchar(255) NOT NULL,
  `election_id` bigint(20) UNSIGNED NOT NULL,
  `firstName` varchar(255) NOT NULL,
  `middleName` varchar(255) NOT NULL,
  `lastName` varchar(255) NOT NULL,
  `schoolYear` varchar(255) NOT NULL,
  `url` varchar(255) DEFAULT NULL,
  `created_at` timestamp NULL DEFAULT NULL,
  `updated_at` timestamp NULL DEFAULT NULL
) ENGINE=InnoDB DEFAULT CHARSET=utf8mb4 COLLATE=utf8mb4_unicode_ci;

--
-- Dumping data for table `certificates`
--

INSERT INTO `certificates` (`id`, `studentID`, `election_id`, `firstName`, `middleName`, `lastName`, `schoolYear`, `url`, `created_at`, `updated_at`) VALUES
(1, 'AN-17082436', 2, 'Mayra', ' ', 'Williamson', '2023-2024', 'http://127.0.0.1:8000/voteConfirmation/e-certificate/AN-17082436/2', '2023-02-03 23:15:10', '2023-02-03 23:15:10'),
(2, 'AN-16080966', 2, 'Grover', ' ', 'Tromp', '2023-2024', 'http://127.0.0.1:8000/voteConfirmation/e-certificate/AN-16080966/2', '2023-02-03 23:15:20', '2023-02-03 23:15:20'),
(3, 'AN-20083311', 4, 'Javon', ' ', 'Wunsch', '2023-2024', 'http://127.0.0.1:8000/voteConfirmation/e-certificate/AN-20083311/4', '2023-02-03 23:39:08', '2023-02-03 23:39:08'),
(4, 'AN-18085516', 4, 'Susie', ' ', 'Osinski', '2023-2024', 'http://localhost:8000/voteConfirmation/e-certificate/AN-18085516/4', '2023-02-03 23:39:47', '2023-02-03 23:39:47'),
(5, 'AN-20081052', 4, 'Kian', ' ', 'Treutel', '2023-2024', 'http://127.0.0.1:8000/voteConfirmation/e-certificate/AN-20081052/4', '2023-02-03 23:41:31', '2023-02-03 23:41:31'),
(6, 'AN-18080385', 1, 'Stanton', ' ', 'Stoltenberg', '2023-2024', 'http://localhost:8000/voteConfirmation/e-certificate/AN-18080385/1', '2023-02-05 00:54:11', '2023-02-05 00:54:11');

-- --------------------------------------------------------

--
-- Table structure for table `cprofilearchives`
--

CREATE TABLE `cprofilearchives` (
  `candidatearchive_id` bigint(20) UNSIGNED NOT NULL,
  `displayPhoto` varchar(255) DEFAULT NULL,
  `platforms` longtext DEFAULT NULL,
  `updatedBy` varchar(255) DEFAULT NULL,
  `created_at` timestamp NULL DEFAULT NULL,
  `updated_at` timestamp NULL DEFAULT NULL
) ENGINE=InnoDB DEFAULT CHARSET=utf8mb4 COLLATE=utf8mb4_unicode_ci;

-- --------------------------------------------------------

--
-- Table structure for table `cprofiles`
--

CREATE TABLE `cprofiles` (
  `candidate_id` bigint(20) UNSIGNED NOT NULL,
  `displayPhoto` varchar(255) DEFAULT NULL,
  `platforms` longtext DEFAULT NULL,
  `updatedBy` varchar(255) DEFAULT NULL,
  `created_at` timestamp NULL DEFAULT NULL,
  `updated_at` timestamp NULL DEFAULT NULL
) ENGINE=InnoDB DEFAULT CHARSET=utf8mb4 COLLATE=utf8mb4_unicode_ci;

--
-- Dumping data for table `cprofiles`
--

INSERT INTO `cprofiles` (`candidate_id`, `displayPhoto`, `platforms`, `updatedBy`, `created_at`, `updated_at`) VALUES
(1, '', '', '', '2023-02-03 23:12:59', '2023-02-03 23:12:59'),
(2, '', '', '', '2023-02-03 23:13:14', '2023-02-03 23:13:14'),
(3, '', '', '', '2023-02-03 23:13:14', '2023-02-03 23:13:14'),
(4, '', '', '', '2023-02-03 23:13:14', '2023-02-03 23:13:14'),
(5, '', '', '', '2023-02-03 23:13:14', '2023-02-03 23:13:14'),
(6, '', '', '', '2023-02-03 23:13:21', '2023-02-03 23:13:21'),
(9, '', '', '', '2023-02-03 23:33:35', '2023-02-03 23:33:35'),
(8, 'candidatePhoto/profilePics/jM5EMOwkGcHTckGJgbOXIfBVEUmmbWVFrSHKsOx4.gif', '', '', '2023-02-03 23:33:35', '2023-02-03 23:33:35'),
(7, '', '', '', '2023-02-03 23:33:35', '2023-02-03 23:33:35');

-- --------------------------------------------------------

--
-- Table structure for table `electionarchives`
--

CREATE TABLE `electionarchives` (
  `id` bigint(20) UNSIGNED NOT NULL,
  `title` varchar(255) NOT NULL,
  `campus` varchar(255) NOT NULL,
  `for` varchar(255) NOT NULL,
  `status` varchar(255) NOT NULL,
  `created_at` timestamp NULL DEFAULT NULL,
  `updated_at` timestamp NULL DEFAULT NULL
) ENGINE=InnoDB DEFAULT CHARSET=utf8mb4 COLLATE=utf8mb4_unicode_ci;

--
-- Dumping data for table `electionarchives`
--

INSERT INTO `electionarchives` (`id`, `title`, `campus`, `for`, `status`, `created_at`, `updated_at`) VALUES
(3, 'election shs titlee', 'Angat', 'college', 'openForFiling', '2023-02-03 23:29:48', '2023-02-03 23:29:48');

-- --------------------------------------------------------

--
-- Table structure for table `elections`
--

CREATE TABLE `elections` (
  `id` bigint(20) UNSIGNED NOT NULL,
  `title` varchar(255) NOT NULL,
  `campus` varchar(255) NOT NULL,
  `for` varchar(255) NOT NULL,
  `status` varchar(255) NOT NULL,
  `created_at` timestamp NULL DEFAULT NULL,
  `updated_at` timestamp NULL DEFAULT NULL
) ENGINE=InnoDB DEFAULT CHARSET=utf8mb4 COLLATE=utf8mb4_unicode_ci;

--
-- Dumping data for table `elections`
--

INSERT INTO `elections` (`id`, `title`, `campus`, `for`, `status`, `created_at`, `updated_at`) VALUES
(1, 'College Election', 'Angat', 'college', 'Upcoming', '2023-02-05 00:53:15', '2023-02-05 01:14:10'),
(2, 'Senior High Election', 'Angat', 'shs', 'Completed', '2023-02-03 23:09:07', '2023-02-03 23:17:15'),
(4, 'angat senior high new erection', 'Angat', 'shs', 'Completed', '2023-02-03 23:44:04', '2023-02-05 01:14:49'),
(5, 'senior bug', 'Angat', 'shs', 'Ongoing', '2023-02-03 23:43:31', '2023-02-03 23:43:54');

-- --------------------------------------------------------

--
-- Table structure for table `migrations`
--

CREATE TABLE `migrations` (
  `id` int(10) UNSIGNED NOT NULL,
  `migration` varchar(255) NOT NULL,
  `batch` int(11) NOT NULL
) ENGINE=InnoDB DEFAULT CHARSET=utf8mb4 COLLATE=utf8mb4_unicode_ci;

--
-- Dumping data for table `migrations`
--

INSERT INTO `migrations` (`id`, `migration`, `batch`) VALUES
(896, '0000_00_00_000000_create_websockets_statistics_entries_table', 1),
(897, '2014_10_12_000000_create_users_table', 1),
(898, '2014_10_12_100000_create_password_resets_table', 1),
(899, '2019_12_14_000001_create_personal_access_tokens_table', 1),
(900, '2022_10_01_035333_create_announcements_table', 1),
(901, '2022_10_01_040242_create_students_table', 1),
(902, '2022_10_05_084737_create_admins_table', 1),
(903, '2022_10_05_133041_create_officers_table', 1),
(904, '2022_10_09_063222_create_elections_table', 1),
(905, '2022_10_09_065959_create_positions_table', 1),
(906, '2022_10_09_072323_create_candidates_table', 1),
(907, '2022_10_11_114059_create_applications_table', 1),
(908, '2022_10_13_143151_create_votes_table', 1),
(909, '2022_10_13_143235_create_voteinfos_table', 1),
(910, '2022_10_13_150157_create_cprofiles_table', 1),
(911, '2022_10_13_161200_create_templates_table', 1),
(912, '2022_10_13_161735_create_templateinfos_table', 1),
(913, '2022_10_15_122430_create_certificates_table', 1),
(914, '2022_10_27_070728_create_electionarchives_table', 1),
(915, '2022_10_27_071124_create_positionarchives_table', 1),
(916, '2022_10_27_071213_create_votearchives_table', 1),
(917, '2022_10_27_071314_create_voteinfoarchives_table', 1),
(918, '2022_10_27_071338_create_certificatearchives_table', 1),
(919, '2022_10_28_114648_create_candidatearchives_table', 1),
(920, '2022_10_28_115136_create_cprofilearchives_table', 1),
(921, '2022_10_28_143159_create_applicationarchives_table', 1),
(922, '2022_10_28_173413_create_password_reset_archives_table', 1),
(923, '2022_11_08_141617_create_adminlogs_table', 1),
(924, '2022_11_08_142355_create_officerlogs_table', 1),
(925, '2022_11_24_082157_create_results_table', 1),
(926, '2022_11_24_083436_create_winners_table', 1),
(927, '2022_11_26_133957_create_partylists_table', 1);

-- --------------------------------------------------------

--
-- Table structure for table `officerlogs`
--

CREATE TABLE `officerlogs` (
  `id` bigint(20) UNSIGNED NOT NULL,
  `officer` varchar(255) NOT NULL,
  `activity` varchar(255) NOT NULL,
  `created_at` timestamp NULL DEFAULT NULL,
  `updated_at` timestamp NULL DEFAULT NULL
) ENGINE=InnoDB DEFAULT CHARSET=utf8mb4 COLLATE=utf8mb4_unicode_ci;

-- --------------------------------------------------------

--
-- Table structure for table `officers`
--

CREATE TABLE `officers` (
  `id` bigint(20) UNSIGNED NOT NULL,
  `username` varchar(255) NOT NULL,
  `password` varchar(255) NOT NULL,
  `firstName` varchar(255) NOT NULL,
  `lastName` varchar(255) NOT NULL,
  `displayPhoto` varchar(255) DEFAULT NULL,
  `created_at` timestamp NULL DEFAULT NULL,
  `updated_at` timestamp NULL DEFAULT NULL
) ENGINE=InnoDB DEFAULT CHARSET=utf8mb4 COLLATE=utf8mb4_unicode_ci;

--
-- Dumping data for table `officers`
--

INSERT INTO `officers` (`id`, `username`, `password`, `firstName`, `lastName`, `displayPhoto`, `created_at`, `updated_at`) VALUES
(1, 'Sg_Officer0@2022', '$2y$10$e2y89ixBLGDOBPfBgYiReuc17UcHlHLYfDaaAdq1/9DdqyKM.uW/2', 'Soledad', 'Blick', NULL, '2023-02-03 22:57:50', '2023-02-03 22:57:50'),
(2, 'Sg_Officer1@2022', '$2y$10$y01ms7F0pfBkUrrdOjjWpumQAWESo1p4LcG1y7X.tfR5J9hcMDA3e', 'Norval', 'D\'Amore', NULL, '2023-02-03 22:57:50', '2023-02-03 22:57:50'),
(3, 'Sg_Officer2@2022', '$2y$10$/78h/eSMr.4ojvSRTK0X/uZdAImNzRQhcU.1Ib7Ng6BJNdsdibX2W', 'Kaleb', 'Lebsack', NULL, '2023-02-03 22:57:50', '2023-02-03 22:57:50'),
(4, 'Sg_Officer3@2022', '$2y$10$UtamoQXiH8X8bA0m85jCauLS5mgrwJ4iN08j4.ksmVNWb0ZYcrVri', 'Eric', 'Kovacek', NULL, '2023-02-03 22:57:50', '2023-02-03 22:57:50'),
(5, 'Sg_Officer4@2022', '$2y$10$Fak6I5prj58WoHjtTKGoW.IqckjDKjNNFYDjt6Cb..nMHCHKVRoZi', 'Nicholaus', 'Moore', NULL, '2023-02-03 22:57:50', '2023-02-03 22:57:50'),
(6, 'Sg_Officer5@2022', '$2y$10$/LhJG6HYQDh5ODI2nz7tg.7Gh225HWzR5dNS8zUvl87eluodG1Wgq', 'Rosamond', 'Erdman', NULL, '2023-02-03 22:57:50', '2023-02-03 22:57:50'),
(7, 'Sg_Officer6@2022', '$2y$10$TWlAdtgonWqoGnMeQmflxu/Un0NZTiknf97tBRzJ4UJT3AFeYIE5O', 'Carlo', 'Mills', NULL, '2023-02-03 22:57:50', '2023-02-03 22:57:50'),
(8, 'Sg_Officer7@2022', '$2y$10$kL8Wq0Lex1KT3GTsqfwMduJJxrZCTPARnxb4veGjudGVyC19yHTT.', 'Marjolaine', 'Hessel', NULL, '2023-02-03 22:57:50', '2023-02-03 22:57:50'),
(9, 'Sg_Officer8@2022', '$2y$10$q6oYWV03UVIL21XRNn5gxOQMBbkyxr5iadbPybpAoCKSVtH5yOSdC', 'Eda', 'Carroll', NULL, '2023-02-03 22:57:50', '2023-02-03 22:57:50'),
(10, 'Sg_Officer9@2022', '$2y$10$8iignc/J1Pn8S02o1uA.juTMGw8grmxfbpYtVm64iwIffBgVQAPcy', 'Joseph', 'Ziemann', NULL, '2023-02-03 22:57:50', '2023-02-03 22:57:50');

-- --------------------------------------------------------

--
-- Table structure for table `partylists`
--

CREATE TABLE `partylists` (
  `id` bigint(20) UNSIGNED NOT NULL,
  `partyName` varchar(255) NOT NULL,
  `created_at` timestamp NULL DEFAULT NULL,
  `updated_at` timestamp NULL DEFAULT NULL
) ENGINE=InnoDB DEFAULT CHARSET=utf8mb4 COLLATE=utf8mb4_unicode_ci;

-- --------------------------------------------------------

--
-- Table structure for table `password_resets`
--

CREATE TABLE `password_resets` (
  `id` bigint(20) UNSIGNED NOT NULL,
  `username` varchar(255) NOT NULL,
  `reason` longtext NOT NULL,
  `proof` varchar(255) NOT NULL,
  `status` varchar(255) NOT NULL,
  `created_at` timestamp NULL DEFAULT NULL
) ENGINE=InnoDB DEFAULT CHARSET=utf8mb4 COLLATE=utf8mb4_unicode_ci;

-- --------------------------------------------------------

--
-- Table structure for table `password_reset_archives`
--

CREATE TABLE `password_reset_archives` (
  `id` bigint(20) UNSIGNED NOT NULL,
  `username` varchar(255) NOT NULL,
  `reason` longtext NOT NULL,
  `proof` varchar(255) NOT NULL,
  `status` varchar(255) NOT NULL,
  `created_at` timestamp NULL DEFAULT NULL
) ENGINE=InnoDB DEFAULT CHARSET=utf8mb4 COLLATE=utf8mb4_unicode_ci;

-- --------------------------------------------------------

--
-- Table structure for table `personal_access_tokens`
--

CREATE TABLE `personal_access_tokens` (
  `id` bigint(20) UNSIGNED NOT NULL,
  `tokenable_type` varchar(255) NOT NULL,
  `tokenable_id` bigint(20) UNSIGNED NOT NULL,
  `name` varchar(255) NOT NULL,
  `token` varchar(64) NOT NULL,
  `abilities` text DEFAULT NULL,
  `last_used_at` timestamp NULL DEFAULT NULL,
  `expires_at` timestamp NULL DEFAULT NULL,
  `created_at` timestamp NULL DEFAULT NULL,
  `updated_at` timestamp NULL DEFAULT NULL
) ENGINE=InnoDB DEFAULT CHARSET=utf8mb4 COLLATE=utf8mb4_unicode_ci;

-- --------------------------------------------------------

--
-- Table structure for table `positionarchives`
--

CREATE TABLE `positionarchives` (
  `id` bigint(20) UNSIGNED NOT NULL,
  `electionarchive_id` bigint(20) UNSIGNED NOT NULL,
  `title` varchar(255) NOT NULL,
  `created_at` timestamp NULL DEFAULT NULL,
  `updated_at` timestamp NULL DEFAULT NULL
) ENGINE=InnoDB DEFAULT CHARSET=utf8mb4 COLLATE=utf8mb4_unicode_ci;

--
-- Dumping data for table `positionarchives`
--

INSERT INTO `positionarchives` (`id`, `electionarchive_id`, `title`, `created_at`, `updated_at`) VALUES
(9, 3, 'President', '2023-02-03 23:29:48', '2023-02-03 23:29:48'),
(10, 3, 'Vice President', '2023-02-03 23:29:48', '2023-02-03 23:29:48'),
(11, 3, 'Secretary', '2023-02-03 23:29:48', '2023-02-03 23:29:48'),
(12, 3, 'Treasurer', '2023-02-03 23:29:48', '2023-02-03 23:29:48');

-- --------------------------------------------------------

--
-- Table structure for table `positions`
--

CREATE TABLE `positions` (
  `id` bigint(20) UNSIGNED NOT NULL,
  `election_id` bigint(20) UNSIGNED NOT NULL,
  `title` varchar(255) NOT NULL,
  `created_at` timestamp NULL DEFAULT NULL,
  `updated_at` timestamp NULL DEFAULT NULL
) ENGINE=InnoDB DEFAULT CHARSET=utf8mb4 COLLATE=utf8mb4_unicode_ci;

--
-- Dumping data for table `positions`
--

INSERT INTO `positions` (`id`, `election_id`, `title`, `created_at`, `updated_at`) VALUES
(1, 1, 'President', '2023-02-03 23:08:44', '2023-02-03 23:08:44'),
(2, 1, 'Vice President', '2023-02-03 23:08:44', '2023-02-03 23:08:44'),
(3, 1, 'Secretary', '2023-02-03 23:08:44', '2023-02-03 23:08:44'),
(4, 1, 'Treasurer', '2023-02-03 23:08:44', '2023-02-03 23:08:44'),
(5, 2, 'President', '2023-02-03 23:09:07', '2023-02-03 23:09:07'),
(6, 2, 'Vice President', '2023-02-03 23:09:07', '2023-02-03 23:09:07'),
(7, 2, 'Secretary', '2023-02-03 23:09:07', '2023-02-03 23:09:07'),
(8, 2, 'Treasurer', '2023-02-03 23:09:07', '2023-02-03 23:09:07'),
(13, 4, 'President', '2023-02-03 23:30:45', '2023-02-03 23:30:45'),
(14, 4, 'Vice President', '2023-02-03 23:30:45', '2023-02-03 23:30:45'),
(15, 4, 'Secretary', '2023-02-03 23:30:45', '2023-02-03 23:30:45'),
(16, 4, 'Treasurer', '2023-02-03 23:30:45', '2023-02-03 23:30:45'),
(17, 5, 'President', '2023-02-03 23:43:31', '2023-02-03 23:43:31'),
(18, 5, 'Vice President', '2023-02-03 23:43:31', '2023-02-03 23:43:31'),
(19, 5, 'Secretary', '2023-02-03 23:43:31', '2023-02-03 23:43:31'),
(20, 5, 'Treasurer', '2023-02-03 23:43:31', '2023-02-03 23:43:31');

-- --------------------------------------------------------

--
-- Table structure for table `results`
--

CREATE TABLE `results` (
  `id` bigint(20) UNSIGNED NOT NULL,
  `election_id` bigint(20) UNSIGNED NOT NULL,
  `totalVoters` int(11) NOT NULL,
  `created_at` timestamp NULL DEFAULT NULL,
  `updated_at` timestamp NULL DEFAULT NULL
) ENGINE=InnoDB DEFAULT CHARSET=utf8mb4 COLLATE=utf8mb4_unicode_ci;

--
-- Dumping data for table `results`
--

INSERT INTO `results` (`id`, `election_id`, `totalVoters`, `created_at`, `updated_at`) VALUES
(1, 2, 12, '2023-02-03 23:17:15', '2023-02-03 23:17:15'),
(2, 4, 13, '2023-02-05 01:14:49', '2023-02-05 01:14:49');

-- --------------------------------------------------------

--
-- Table structure for table `templateinfos`
--

CREATE TABLE `templateinfos` (
  `template_id` bigint(20) UNSIGNED NOT NULL,
  `positionName` varchar(255) NOT NULL,
  `created_at` timestamp NULL DEFAULT NULL,
  `updated_at` timestamp NULL DEFAULT NULL
) ENGINE=InnoDB DEFAULT CHARSET=utf8mb4 COLLATE=utf8mb4_unicode_ci;

--
-- Dumping data for table `templateinfos`
--

INSERT INTO `templateinfos` (`template_id`, `positionName`, `created_at`, `updated_at`) VALUES
(1, 'President', '2023-02-03 23:08:15', '2023-02-03 23:08:15'),
(1, 'Vice President', '2023-02-03 23:08:15', '2023-02-03 23:08:15'),
(1, 'Secretary', '2023-02-03 23:08:15', '2023-02-03 23:08:15'),
(1, 'Treasurer', '2023-02-03 23:08:15', '2023-02-03 23:08:15');

-- --------------------------------------------------------

--
-- Table structure for table `templates`
--

CREATE TABLE `templates` (
  `id` bigint(20) UNSIGNED NOT NULL,
  `title` varchar(255) NOT NULL,
  `created_at` timestamp NULL DEFAULT NULL,
  `updated_at` timestamp NULL DEFAULT NULL
) ENGINE=InnoDB DEFAULT CHARSET=utf8mb4 COLLATE=utf8mb4_unicode_ci;

--
-- Dumping data for table `templates`
--

INSERT INTO `templates` (`id`, `title`, `created_at`, `updated_at`) VALUES
(1, 'SHS', '2023-02-03 23:08:15', '2023-02-03 23:08:15');

-- --------------------------------------------------------

--
-- Table structure for table `users`
--

CREATE TABLE `users` (
  `userID` bigint(20) UNSIGNED NOT NULL,
  `displayPhoto` varchar(255) DEFAULT NULL,
  `studentID` varchar(255) NOT NULL,
  `password` varchar(255) NOT NULL,
  `firstName` varchar(255) NOT NULL,
  `middleName` varchar(255) NOT NULL,
  `lastName` varchar(255) NOT NULL,
  `program` varchar(255) NOT NULL,
  `yearLevel` varchar(255) NOT NULL,
  `section` varchar(255) NOT NULL,
  `birthDate` date NOT NULL,
  `email` varchar(255) DEFAULT NULL,
  `remember_token` varchar(100) DEFAULT NULL,
  `created_at` timestamp NULL DEFAULT NULL,
  `updated_at` timestamp NULL DEFAULT NULL
) ENGINE=InnoDB DEFAULT CHARSET=utf8mb4 COLLATE=utf8mb4_unicode_ci;

--
-- Dumping data for table `users`
--

INSERT INTO `users` (`userID`, `displayPhoto`, `studentID`, `password`, `firstName`, `middleName`, `lastName`, `program`, `yearLevel`, `section`, `birthDate`, `email`, `remember_token`, `created_at`, `updated_at`) VALUES
(1, NULL, 'AN-20081811', '$2y$10$c0ETFhTSpsQfY7izVwEmLuHpQIDJZOLM0Q1MZw6x8GrF6R8GAzg/i', 'Pansy', 'Heathcote', 'Zulauf', 'BTVTED', '2', 'T', '1970-08-24', NULL, 'krq5mSIoOs', '2023-02-03 23:01:02', '2023-02-03 23:01:02'),
(2, NULL, 'MA-20012870', '$2y$10$9RSvS/5nt2myntlR1xk2lexepsKdq9Pz0lVuvWHu2ee/yM4tbQStm', 'Rosie', 'Bogan', 'Zulauf', 'BSOM', '3', 'O', '2017-08-14', NULL, '1kgyOGj7va', '2023-02-03 23:01:02', '2023-02-03 23:01:02'),
(3, NULL, 'OB-16022948', '$2y$10$cncldz5aKuk8V2wBLKD64OONgUlWa8rLGonHGiBe7wZP/gWMdMgu.', 'Norval', 'Kozey', 'Zulauf', 'COMSEC', '4', 'A', '2020-07-23', NULL, 'ht4msXuE8Z', '2023-02-03 23:01:02', '2023-02-03 23:01:02'),
(4, NULL, 'OB-16025093', '$2y$10$7sDKdof9wrfztzHyb2tRVeUb7wxqAIgROWvH/QE3wS0meE3nCBI9W', 'Demarco', 'Botsford', 'Zulauf', 'ABM', '11', 'C', '1983-10-21', NULL, 'eviSS7okkL', '2023-02-03 23:01:02', '2023-02-03 23:01:02'),
(5, NULL, 'PA-21031218', '$2y$10$laTCxQpcTwKK5WMWvl/ADu592dfd4NQui9Y4utR/vOcF0ICbNAgle', 'Gavin', 'Weber', 'Zulauf', 'BSOM', '1', 'U', '1974-09-01', NULL, 'GE0tz3vdtV', '2023-02-03 23:01:02', '2023-02-03 23:01:02'),
(6, NULL, 'SJ-20042919', '$2y$10$bXKIwrGUbzIsHKqLCAx6mexIq5TNGjnr.KigYyUD4hTDuMJtPaUZy', 'Aliza', 'Rempel', 'Zulauf', 'BSOM', '2', 'Y', '2016-12-15', NULL, 'EoggVrmhP2', '2023-02-03 23:01:02', '2023-02-03 23:01:02'),
(7, NULL, 'SM-20055675', '$2y$10$enxwbAfdz55KvpjZyUzMSu17/GMI13yiDKTELJcpZQm.iOhNJiCn.', 'Danika', 'Nolan', 'Zulauf', 'BSOM', '1', 'J', '2013-04-01', NULL, 'kzGwmmEyEd', '2023-02-03 23:01:02', '2023-02-03 23:01:02'),
(8, NULL, 'SR-20071025', '$2y$10$728RkKw2Zj6m7IRubwVZzejG6R3l9dOKWMdCk2SFhbR2NZYE5FAmq', 'Jannie', 'Boyer', 'Zulauf', 'BSIS', '2', 'O', '2007-04-09', NULL, '9Tab90Izac', '2023-02-03 23:01:02', '2023-02-03 23:01:02'),
(9, NULL, 'SR-22075307', '$2y$10$mEg9O3uKEXC2wG.TpF1LBOORJpxZXr1JCwb0we00lauMSuA3JjxFC', 'Delphia', 'McDermott', 'Zulauf', 'BTVTED', '3', 'A', '1994-09-02', NULL, 'vtDB8jQGa3', '2023-02-03 23:01:02', '2023-02-03 23:01:02'),
(10, NULL, 'AN-17081683', '$2y$10$loWJkm6EBlBZtL2iRiU3AeEceR0EdCsP3z549AP5QIfP93V53dviG', 'Leora', 'Hills', 'Zieme', 'BSIS', '3', 'D', '1970-10-27', NULL, 'dqvlJGIguM', '2023-02-03 23:01:02', '2023-02-03 23:01:02'),
(11, NULL, 'BO-17062333', '$2y$10$QiTT28PWcDvA.m0lEeGZ4eMWa5FiWXpj.KNoIMWRV9gc8awzydNCy', 'Chauncey', 'Schmeler', 'Zieme', 'GAS', '11', 'C', '2021-11-08', NULL, '023xH4AaBB', '2023-02-03 23:01:02', '2023-02-03 23:01:02'),
(12, NULL, 'MA-18013329', '$2y$10$f4Tb5ddo0wNStMa8vrkZQORPe1SA86YJQhttpgbYq0gLgz.9dkCoO', 'Lorena', 'Ryan', 'Zieme', 'COMSEC', '2', 'B', '1992-04-24', NULL, 'QbOrL7gC5O', '2023-02-03 23:01:02', '2023-02-03 23:01:02'),
(13, NULL, 'MA-19011501', '$2y$10$VijDb.4vq9PXjCMlML11H.LTrncS0FzYCC7Bj3SkyZM4ZJdImO1Re', 'Edna', 'Roob', 'Zieme', 'GAS', '11', 'W', '1978-04-18', NULL, 'o8cIkX2L81', '2023-02-03 23:01:02', '2023-02-03 23:01:02'),
(14, NULL, 'MA-19012861', '$2y$10$NGa0Nb1NDB0zGDgAjoyCC.3IKscdkl3yoBfgo15vghjpGuiTdb9VW', 'Rudy', 'Considine', 'Zieme', 'BSAIS', '3', 'Q', '2005-06-26', NULL, 'A1MZz9o8ZL', '2023-02-03 23:01:02', '2023-02-03 23:01:02'),
(15, NULL, 'MA-21015237', '$2y$10$.iEIaElDF8Nr.6ElIQRffuIDiPdP2wbwtXdS6s.uJ1Gtuo7C0aN4W', 'Brett', 'Greenfelder', 'Zieme', 'HRS', '1', 'A', '2001-07-19', NULL, 'JEkdxgQ0DC', '2023-02-03 23:01:02', '2023-02-03 23:01:02'),
(16, NULL, 'OB-19025543', '$2y$10$WIYn95U/ZRLyvw.aH6Bc/eEIRIivqsUL8P.LH2ZUSphA/E5iD3C1W', 'Mekhi', 'Bayer', 'Zieme', 'COMSEC', '3', 'F', '2011-10-14', NULL, 'Nu4NwGOf0I', '2023-02-03 23:01:02', '2023-02-03 23:01:02'),
(17, NULL, 'OB-22024271', '$2y$10$806U8gZeVOUrQ.ZxbXWVDeX3.ntTM26ujxqOfwbU6I57FoIGwl9Wq', 'Gina', 'O\'Connell', 'Zieme', 'HRS', '3', 'N', '1976-03-29', NULL, 'YZmnxNMfN1', '2023-02-03 23:01:03', '2023-02-03 23:01:03'),
(18, NULL, 'PA-17032404', '$2y$10$VTKZ3Vl9lQErWOAJof4FJOEw6G5ycvQDr.6LMwGdkvjcB5WQ4Kb6q', 'Constance', 'Torphy', 'Zieme', 'BTVTED', '2', 'A', '1985-10-28', NULL, 'pZvUC5Qo9v', '2023-02-03 23:01:03', '2023-02-03 23:01:03'),
(19, NULL, 'PA-19034952', '$2y$10$9cEmJUse4B3n/TikDBJNZuzvbWbjC.6dMkXfrxJnJ6msVL/2a/Z1q', 'Albertha', 'Berge', 'Zieme', 'ACT', '1', 'M', '2022-06-28', NULL, 'hqxiGOOsQn', '2023-02-03 23:01:03', '2023-02-03 23:01:03'),
(20, NULL, 'SR-17071195', '$2y$10$N59KxQMWEor04RNlZXgA2un2uFLC8ylSs3R0qh1AO.eBNUvuts/zy', 'Dortha', 'Ferry', 'Zieme', 'BSIS', '2', 'L', '1995-10-25', NULL, 'lkkVQSCu26', '2023-02-03 23:01:03', '2023-02-03 23:01:03'),
(21, NULL, 'SR-20073000', '$2y$10$eddGHdQpiPyu3yqmIcAiR.P7pl0nCRyjnv6Nac5PtE/b06yJVCk/m', 'Novella', 'Kris', 'Zieme', 'GAS', '12', 'G', '2019-03-31', NULL, 'T9TwSHeVsp', '2023-02-03 23:01:03', '2023-02-03 23:01:03'),
(22, NULL, 'SR-20075160', '$2y$10$MR6nAy7qET35QbbS1GeePOwnULk6JAguS/sBAKB1.T7CKUrX5AKBG', 'Ila', 'Schiller', 'Zieme', 'ACT', '3', 'J', '1978-08-29', NULL, 'mZ3qO4wmM3', '2023-02-03 23:01:03', '2023-02-03 23:01:03'),
(23, NULL, 'SR-21070113', '$2y$10$iTWSJwojGSBwlbkbJy5SKelw0Z/NgzvfuvOZ3k0ZJAKbtUOtgoNym', 'Irma', 'Abernathy', 'Zieme', 'BSAIS', '3', 'S', '2004-01-09', NULL, 'ME2n2ey9TB', '2023-02-03 23:01:03', '2023-02-03 23:01:03'),
(24, NULL, 'BO-16062426', '$2y$10$PSaT1x7fCIApmGGTXkBIoeUbR//3cLpGKF59or5Pd.boShA5VZ5gW', 'Virginia', 'Daugherty', 'Ziemann', 'BSIS', '3', 'V', '2013-12-26', NULL, 'tlNCrXRgAs', '2023-02-03 23:01:03', '2023-02-03 23:01:03'),
(25, NULL, 'BO-16062793', '$2y$10$ulnXkZvQ5Yvnz6V/1JSqR.RNgwaLHfXv1qIBOornAFHngw/Lv0.ie', 'Solon', 'Block', 'Ziemann', 'BTVTED', '2', 'Z', '2004-03-16', NULL, 'mCyxamCjq3', '2023-02-03 23:01:03', '2023-02-03 23:01:03'),
(26, NULL, 'BO-22061708', '$2y$10$I9Qo8sCxUsg.jykAb87.pOxhYhl8ndauYGnn718CKCo47FbJNKh8q', 'Frederik', 'Treutel', 'Ziemann', 'BSIS', '2', 'T', '1982-05-23', NULL, 'k20GnR2VC2', '2023-02-03 23:01:03', '2023-02-03 23:01:03'),
(27, NULL, 'MA-17015816', '$2y$10$2UoF.j2rjkxonBYa0kBibeUq710OO.0vqYU1RzwE3Gb338DlNyX72', 'Tito', 'Dooley', 'Ziemann', 'GAS', '11', 'G', '1998-04-09', NULL, 'JTLGha4YO2', '2023-02-03 23:01:03', '2023-02-03 23:01:03'),
(28, NULL, 'OB-18024023', '$2y$10$cuFcc.NRFZhhwrcF2I9i9OwhQMzIW0av8.rHQ2ISOlU5ktjkXwnFm', 'Morgan', 'Daniel', 'Ziemann', 'BSIS', '3', 'U', '1998-06-14', NULL, 'nKpWCJznGK', '2023-02-03 23:01:03', '2023-02-03 23:01:03'),
(29, NULL, 'PA-16032685', '$2y$10$OUSDwKYm9KxvC3Nn8WhqHeBQD/3d0j964rNNpQtyyvzyKMarnNXPq', 'Jacinto', 'Schmitt', 'Ziemann', 'ABM', '12', 'T', '1998-02-10', NULL, 'pX8bir1gfM', '2023-02-03 23:01:03', '2023-02-03 23:01:03'),
(30, NULL, 'PA-17030752', '$2y$10$5/jVq8rE/ISNMPOQZW.WUuhF7VSZq35cEw2PabH1vvX7lcGPox3iS', 'Marta', 'Bosco', 'Ziemann', 'GAS', '12', 'F', '1977-10-23', NULL, 'E5OxAvnEH1', '2023-02-03 23:01:03', '2023-02-03 23:01:03'),
(31, NULL, 'PA-20031127', '$2y$10$LFDSi44O6o4LSADQ.9gF5e4Q7TWQBLcNahjH149vdPH7WZn/Buaby', 'Dylan', 'Hagenes', 'Ziemann', 'HRS', '3', 'X', '1970-12-23', NULL, 'eQGUKCMlRJ', '2023-02-03 23:01:03', '2023-02-03 23:01:03'),
(32, NULL, 'SJ-18040718', '$2y$10$rqZCXT81CKmA45/XEdFlJurh4uM/BXApdhQH8cy7Zl0dDTzb6RsM6', 'Betty', 'Nikolaus', 'Ziemann', 'ABM', '12', 'X', '1973-05-16', NULL, 'y0XT8JwmNl', '2023-02-03 23:01:03', '2023-02-03 23:01:03'),
(33, NULL, 'SJ-18041971', '$2y$10$XJzV1aajxGkV39ZyKbYzC.xAO9KWgSdwGPN5ZCFRbgzjqPxCFrFsi', 'Rolando', 'Steuber', 'Ziemann', 'BTVTED', '3', 'Q', '2005-04-19', NULL, 'lDbT0UwEem', '2023-02-03 23:01:03', '2023-02-03 23:01:03'),
(34, NULL, 'SJ-19042911', '$2y$10$G/jmmK1DxpZJyiI8SfW9W.mqDtRtogLGasi2v2H2VbmFtjf/1hsPC', 'Magnus', 'Pouros', 'Ziemann', 'BSOM', '3', 'O', '1986-12-25', NULL, '9QLtnr4BHr', '2023-02-03 23:01:03', '2023-02-03 23:01:03'),
(35, NULL, 'SM-18052576', '$2y$10$tcc7SI.W3QtNBcCP5GLop.6R.CP8ldS7GL.4rgbXz1qSkOwgOERaG', 'Paula', 'Lueilwitz', 'Ziemann', 'ACT', '4', 'D', '2003-07-20', NULL, 'zU0jjqJ2sw', '2023-02-03 23:01:03', '2023-02-03 23:01:03'),
(36, NULL, 'SM-19050732', '$2y$10$Ceq7wmA2f/SAIyJNNbohVOmwg/lcxZSqkM28hBSeHYJJXXbeQRE72', 'Tristian', 'Abshire', 'Ziemann', 'ACT', '3', 'K', '1977-10-07', NULL, 'lxXPVSrIoC', '2023-02-03 23:01:03', '2023-02-03 23:01:03'),
(37, NULL, 'SM-20050866', '$2y$10$YRYid6MUCj6VDNncW1dwwemFx4NZZq4vDi0WZt1EdiWr9vWA8D0y2', 'Jolie', 'Dibbert', 'Ziemann', 'GAS', '11', 'I', '2014-06-11', NULL, 'uIzF4eMcb7', '2023-02-03 23:01:03', '2023-02-03 23:01:03'),
(38, NULL, 'SM-22055451', '$2y$10$21EkPpli1XOG/VcCL.p8VuW01IW1i4U1xGdeIk/mf3KH.V4FNYkEu', 'Vernice', 'Lakin', 'Ziemann', 'GAS', '11', 'O', '1989-04-14', NULL, 'HO963g6lN0', '2023-02-03 23:01:03', '2023-02-03 23:01:03'),
(39, NULL, 'SR-16072471', '$2y$10$/AsvtpbzKDOxoCeiY6yQf.3fGwdPSZjfxI0uCcGTB4g2fs5/1ohgW', 'Theresia', 'Wehner', 'Ziemann', 'COMSEC', '4', 'I', '2012-05-09', NULL, 'K8uKaM9IW8', '2023-02-03 23:01:03', '2023-02-03 23:01:03'),
(40, NULL, 'AN-16080661', '$2y$10$eVb8y7ZheW8zmiBTM6yxwutxQZ5IFAmNd9gBsZJ.Yy3K7GvNLywxS', 'Nicole', 'Rolfson', 'Zemlak', 'BSIS', '2', 'M', '1998-11-26', NULL, 'eOz6W0V4Dn', '2023-02-03 23:01:03', '2023-02-03 23:01:03'),
(41, NULL, 'AN-18082752', '$2y$10$pAH8/bHR4k0yZVFyXZ0ZgOC4N1me1AZhcONeug46z4J/bcXRpgFs2', 'Percival', 'Sipes', 'Zemlak', 'BSOM', '3', 'S', '2009-01-06', NULL, '5aZYyzzpg3', '2023-02-03 23:01:03', '2023-02-03 23:01:03'),
(42, NULL, 'AN-20082888', '$2y$10$cod5m57s.x06Dwk4v05Y6ebq5UXyfCnoN2.B1typJXYRgwcS0VGIC', 'Lemuel', 'Hodkiewicz', 'Zemlak', 'BSOM', '1', 'D', '2010-02-02', NULL, 'm4jiLKSjMU', '2023-02-03 23:01:03', '2023-02-03 23:01:03'),
(43, NULL, 'AN-22083005', '$2y$10$Kr0ebYcsrfXUHhOvYwBWLupZGZAAE5p7Sm0ZNeaGEVc3F4LMnjyRC', 'Marquis', 'Luettgen', 'Zemlak', 'BSIS', '2', 'F', '2020-05-21', NULL, 'ZHSn1OnVp7', '2023-02-03 23:01:03', '2023-02-03 23:01:03'),
(44, NULL, 'BO-19062125', '$2y$10$ng0SkDSgZKDa3Jxy2V2LIuDrn619RhQSCHgbvmyJhofWN19gX9yfi', 'Jessika', 'Reynolds', 'Zemlak', 'COMSEC', '3', 'A', '1996-10-15', NULL, 'KnKjishoVh', '2023-02-03 23:01:03', '2023-02-03 23:01:03'),
(45, NULL, 'BO-20064477', '$2y$10$lwMZcC/jJU0mZJHCWwZL/uEwVT.4vmDgH6555yr.ABnH9bNBaQnuK', 'Macie', 'Davis', 'Zemlak', 'ABM', '11', 'E', '2001-07-24', NULL, 'T4FOb3vWQ4', '2023-02-03 23:01:03', '2023-02-03 23:01:03'),
(46, NULL, 'BO-20064791', '$2y$10$x/Ekj86LD.HE81i4raZ6Du58jW8SIz4WVKgM66nQFTpwIcUsPaKo2', 'Evangeline', 'Bahringer', 'Zemlak', 'BSIS', '4', 'F', '2013-07-27', NULL, 'i2hENLvtrP', '2023-02-03 23:01:03', '2023-02-03 23:01:03'),
(47, NULL, 'BO-21065546', '$2y$10$awcQf5zGODCvTpsG7B8pqefj.kfrM6bdlb1iOVFNrLpMMaQF6l4XC', 'Patience', 'Stehr', 'Zemlak', 'ABM', '12', 'D', '1982-11-30', NULL, 'pM3HmqTBSJ', '2023-02-03 23:01:03', '2023-02-03 23:01:03'),
(48, NULL, 'MA-21010112', '$2y$10$RU1EAkEZuvPq14YrCgtAleAKbAtGXuk6pnyM1XI0GwZE3JhjcI1KK', 'Faustino', 'Rogahn', 'Zemlak', 'BTVTED', '4', 'B', '2016-07-31', NULL, 'gvtwoMobMN', '2023-02-03 23:01:03', '2023-02-03 23:01:03'),
(49, NULL, 'OB-16022804', '$2y$10$/WGQlieHF.YqeURxJE7H8eMzbG1vVW0TKo3CjL.X/X9wN63S5CBhe', 'Hayley', 'Hirthe', 'Zemlak', 'ABM', '11', 'J', '1993-08-27', NULL, 'EQ0i5CfVET', '2023-02-03 23:01:03', '2023-02-03 23:01:03'),
(50, NULL, 'OB-19022658', '$2y$10$JGhRyCKVch3dIJjaY9JH8OggF0H4z4KezumC9zWUemIH/An5ZlfDS', 'Trevor', 'Kling', 'Zemlak', 'BSOM', '1', 'B', '1998-06-30', NULL, 'K0JGtOanE1', '2023-02-03 23:01:03', '2023-02-03 23:01:03'),
(51, NULL, 'SJ-18040570', '$2y$10$1DyEh/.9mS6MKGnlSfwinO7lKRIScTdI8iiDdoQDRCFOvKHUdmy4S', 'Lura', 'Beatty', 'Zemlak', 'GAS', '11', 'Z', '1995-10-15', NULL, 'IHPtGN6nr3', '2023-02-03 23:01:03', '2023-02-03 23:01:03'),
(52, NULL, 'SR-17070145', '$2y$10$3ENgpXnhZslGYAnrHg9W2OxylXu6mpoST2FAHcqsukphuBM8LQQVS', 'Ruthe', 'Littel', 'Zemlak', 'GAS', '11', 'H', '1972-04-02', NULL, 'KgGKSV3IX2', '2023-02-03 23:01:03', '2023-02-03 23:01:03'),
(53, NULL, 'SR-17071526', '$2y$10$PnqBNhXFf5JkJ0sY/JtacOvMu01egxlnVWmIyrP3CMJYyGp5BQlry', 'Dorothy', 'Towne', 'Zemlak', 'HRS', '4', 'R', '2000-01-07', NULL, 'rooG2KOMpK', '2023-02-03 23:01:03', '2023-02-03 23:01:03'),
(54, NULL, 'SR-17075204', '$2y$10$xZCQmd4C4UIDMSul6L9QfOFyeBN.NenJKefi/NfRjbLj9DqaqNYtG', 'Abigale', 'Lakin', 'Zemlak', 'ACT', '4', 'P', '1981-10-14', NULL, 'AtRi3T3NQG', '2023-02-03 23:01:03', '2023-02-03 23:01:03'),
(55, NULL, 'SR-22071259', '$2y$10$uHQVekroOwgWdKUtUtRmBOOYlpsnZY1z6KvIhJglN/5cJbybd.zkS', 'Johnathon', 'Yundt', 'Zemlak', 'GAS', '12', 'X', '1990-06-21', NULL, 'Wa0Iygk8uv', '2023-02-03 23:01:03', '2023-02-03 23:01:03'),
(56, NULL, 'SR-22072379', '$2y$10$RVfcrPP5WqQoTE7GrOzF/e.LxFKwK0uwCMnpfWZ5HWLcrMELVk0XO', 'Jacquelyn', 'Carter', 'Zemlak', 'BSOM', '4', 'O', '2002-10-30', NULL, '88ndGEat2S', '2023-02-03 23:01:03', '2023-02-03 23:01:03'),
(57, NULL, 'BO-18063168', '$2y$10$BHs2ZmPpS9/9C6hS98pZQ.h8LjJrdDno4n5uLj6RylD01z5/KlTCO', 'Jennings', 'Schowalter', 'Zboncak', 'GAS', '11', 'P', '2003-09-07', NULL, 'S6x8BrYElb', '2023-02-03 23:01:03', '2023-02-03 23:01:03'),
(58, NULL, 'BO-19062725', '$2y$10$XLzjHQ85/HBCk4xv0xwjHeSTYUb2J6KBskItDnzQsk7RinMOiTUnm', 'Gertrude', 'Homenick', 'Zboncak', 'GAS', '12', 'O', '1976-05-26', NULL, 'Oj0PAg0lqq', '2023-02-03 23:01:03', '2023-02-03 23:01:03'),
(59, NULL, 'BO-20063867', '$2y$10$0KnQhYl6r6vf70HOfayzm.9d1eUU7hzAc32Rp1xufpTmeynjYEgCC', 'Cierra', 'Prohaska', 'Zboncak', 'BSIS', '3', 'V', '1976-03-08', NULL, 'Tkn3C7CTIv', '2023-02-03 23:01:03', '2023-02-03 23:01:03'),
(60, NULL, 'BO-22063683', '$2y$10$1NHMGIEUmujue6evegv28eSIkZZ9vit1VvgnDPu20W.gTWmjtQXwm', 'Micheal', 'Herman', 'Zboncak', 'ABM', '12', 'M', '1972-06-14', NULL, 'aTMzJeMEow', '2023-02-03 23:01:03', '2023-02-03 23:01:03'),
(61, NULL, 'MA-21012621', '$2y$10$wCG.GQ0Ez6I6eqP/5ynmQusbVTDHFBs2Mt70ihq1GCisL3UPCTjjG', 'Bernard', 'Blanda', 'Zboncak', 'BSIS', '4', 'J', '1983-03-11', NULL, 'naXwgwWjQh', '2023-02-03 23:01:03', '2023-02-03 23:01:03'),
(62, NULL, 'OB-20021566', '$2y$10$SxPOxkbKWMbzmUl4oM7xKeh5oA/9YyqsF/R0Fn8yvtnJrVz/xfgNS', 'Jake', 'Bogan', 'Zboncak', 'BSIS', '1', 'C', '2014-12-11', NULL, 'plnZGYWWzM', '2023-02-03 23:01:03', '2023-02-03 23:01:03'),
(63, NULL, 'OB-20023315', '$2y$10$er2AqI1Baky2M6kh8rouwOwFMe8KGhf7EG06H2ySBZ49rwoCFC/2u', 'Cordelia', 'Krajcik', 'Zboncak', 'ACT', '4', 'K', '1976-12-09', NULL, '4RzFJbreec', '2023-02-03 23:01:03', '2023-02-03 23:01:03'),
(64, NULL, 'PA-17031235', '$2y$10$.kw5opHWKiYQ2hpdXSo4AOGqKEyeNfWOl8TDRdFKLMUawqLCpZDsW', 'Raul', 'Beier', 'Zboncak', 'BTVTED', '3', 'W', '2019-08-16', NULL, 'dmDCkGqdfC', '2023-02-03 23:01:03', '2023-02-03 23:01:03'),
(65, NULL, 'PA-21034986', '$2y$10$rTyuub0eebtqtE4eDn82VODGwDPMk16ZEPs8sR9yB0SX20xpFXkY.', 'Matteo', 'Mitchell', 'Zboncak', 'BSIS', '1', 'J', '1998-06-28', NULL, 'OpAo1czXQj', '2023-02-03 23:01:03', '2023-02-03 23:01:03'),
(66, NULL, 'SJ-20040421', '$2y$10$3FHQQ0apnV0u1BC4YkBmJOasq.97e7tE/7JtlNJnfOEpDUAhcZcVe', 'Jodie', 'Spinka', 'Zboncak', 'GAS', '11', 'Z', '1982-07-07', NULL, 'mTfAkp8jaW', '2023-02-03 23:01:03', '2023-02-03 23:01:03'),
(67, NULL, 'SJ-21043915', '$2y$10$ABsV47tXtxQaAyeGrW9R/.LZB0KN9JxT8csVz5.IFyS/pFn7VxIfa', 'Trycia', 'Prosacco', 'Zboncak', 'BTVTED', '4', 'T', '1977-04-22', NULL, 'tbLGKQfFrQ', '2023-02-03 23:01:03', '2023-02-03 23:01:03'),
(68, NULL, 'SM-18051581', '$2y$10$oWFIpmUbzoM.TSLlSEH9JOHxXa/xZ0p7eCzLMYHbuWAnFQToJnlL2', 'Irma', 'Bailey', 'Zboncak', 'GAS', '12', 'W', '2016-04-17', NULL, 'rmP0dutQSs', '2023-02-03 23:01:03', '2023-02-03 23:01:03'),
(69, NULL, 'SR-16071202', '$2y$10$2Nc3i8mNc3P9CzQG8a/1TeD213MmA/N6LxjzHC7y1VH62z8QRgPLq', 'Colleen', 'Thiel', 'Zboncak', 'GAS', '12', 'H', '1979-03-01', NULL, 'jXw9FmnZwg', '2023-02-03 23:01:03', '2023-02-03 23:01:03'),
(70, NULL, 'SR-21074769', '$2y$10$PUc2R7yfe79MuZfCEWjHxebpuF1ij4fBNFeo1DLD02YJeDR8a3jBG', 'Crystal', 'Feeney', 'Zboncak', 'COMSEC', '2', 'D', '1971-08-16', NULL, '3dqCvPZiXq', '2023-02-03 23:01:03', '2023-02-03 23:01:03'),
(71, NULL, 'SR-22070491', '$2y$10$2q2ZiQs246JZCwSYJyuHr.A7.2G3LfJUcWIFXpw8LjIvaWO3LnTP6', 'Maye', 'Smith', 'Zboncak', 'ACT', '1', 'H', '1971-03-18', NULL, 'xmphKsqKf6', '2023-02-03 23:01:03', '2023-02-03 23:01:03'),
(72, NULL, 'SR-22071176', '$2y$10$16t8EvCj24HdfH83Cg91ne6IDMFhBgl96NmwGkmWoTG9MEtIUQ7ka', 'Ardith', 'Nienow', 'Zboncak', 'BSAIS', '1', 'F', '1977-07-12', NULL, 'G910b4LW6C', '2023-02-03 23:01:03', '2023-02-03 23:01:03'),
(73, NULL, 'AN-17084330', '$2y$10$jb1qqLt2jmLWSgTZ/Y0y3.7upnd11X8NuQLh1.4vxtCld538oL03O', 'Heath', 'Connelly', 'Yundt', 'BSOM', '1', 'K', '2000-10-28', NULL, 'T76XQegCvy', '2023-02-03 23:01:03', '2023-02-03 23:01:03'),
(74, NULL, 'BO-21065315', '$2y$10$1GvW4rKa5paPlhfInZ7VOO2DdrPIpu8eqTicgGVnafzHUrwd6d4YW', 'Orion', 'Mills', 'Yundt', 'ACT', '1', 'P', '1992-04-13', NULL, '0oJKX27Q2w', '2023-02-03 23:01:03', '2023-02-03 23:01:03'),
(75, NULL, 'MA-18011428', '$2y$10$GvOsfkme6xe4j9r0ZGEZuOilh9JlNOoiD/l.5JFOJ3UltHxMTjZHO', 'Hiram', 'Kunde', 'Yundt', 'ACT', '3', 'I', '2002-01-25', NULL, 'HTWv49CqIS', '2023-02-03 23:01:03', '2023-02-03 23:01:03'),
(76, NULL, 'OB-18024107', '$2y$10$5BdBR71Je38e3WSTcQ1/d.22hg/82FPYJK.c040QUIsoLgTg01As.', 'Carley', 'Erdman', 'Yundt', 'ACT', '4', 'K', '2012-11-17', NULL, 'lavleWwEBR', '2023-02-03 23:01:03', '2023-02-03 23:01:03'),
(77, NULL, 'PA-19032545', '$2y$10$nvUL4Ha.xQtfuRaDqgf.lu/LE7yQCMrUoGie6cxYfXzN2Gc74PHy.', 'Dannie', 'Kuhic', 'Yundt', 'BSIS', '1', 'I', '2016-03-31', NULL, 'hi456eKhxl', '2023-02-03 23:01:03', '2023-02-03 23:01:03'),
(78, NULL, 'SM-16052778', '$2y$10$.1TQZsfarAKOOBdI9sC5MO.ij4psutb5q/9n/LpcXKD3jmgz7ZI4C', 'Marlene', 'Macejkovic', 'Yundt', 'BSAIS', '2', 'J', '2007-11-24', NULL, '5AWgLWtQGb', '2023-02-03 23:01:03', '2023-02-03 23:01:03'),
(79, NULL, 'SM-16054344', '$2y$10$HrgFfNBxYOZVkOnRKsP.XOFjrWGNdzprWrdI3DpKPYjHp/iJyDQmG', 'Irving', 'Wuckert', 'Yundt', 'BSIS', '4', 'C', '2021-12-06', NULL, 'oNvZa7UgiX', '2023-02-03 23:01:03', '2023-02-03 23:01:03'),
(80, NULL, 'SM-19050733', '$2y$10$YP/njLJA4bRhcMvJUgQzDebKJV9TKM3QXwUoMTo6ZuxljE3cnw1xy', 'Emerald', 'Koelpin', 'Yundt', 'GAS', '11', 'L', '2015-01-03', NULL, 'HWpoIf20Bw', '2023-02-03 23:01:03', '2023-02-03 23:01:03'),
(81, NULL, 'SM-19054629', '$2y$10$4yRLHMVribxj5jWx1ziZiObnODgb571ztKLdy6o6bYOygEfL1p.Aq', 'Karley', 'Bogan', 'Yundt', 'BTVTED', '3', 'G', '1980-09-07', NULL, 'lvjsGhrGLJ', '2023-02-03 23:01:03', '2023-02-03 23:01:03'),
(82, NULL, 'SM-22051167', '$2y$10$azpPEarn9G3TE53m8hbsJe3pm.EmFbRpPV.qFhPdBu1tH9b9Bv1nm', 'Dock', 'Larson', 'Yundt', 'GAS', '11', 'J', '1986-09-07', NULL, 'ICzo3ejGuw', '2023-02-03 23:01:03', '2023-02-03 23:01:03'),
(83, NULL, 'SM-22054593', '$2y$10$cKqRUQKfZSxeihj9VfG.He3J4eABsFIJQ/MYHITj8f1Uvgm.S7A1O', 'Dillan', 'Kunde', 'Yundt', 'ABM', '12', 'A', '1990-03-28', NULL, 'ECuOElCIfA', '2023-02-03 23:01:03', '2023-02-03 23:01:03'),
(84, NULL, 'SR-18070495', '$2y$10$Ve0N8OlNH1r337YhNMXVsuzx7etbRnYWNzNACmTbQuPY6bhcOyLH6', 'Aletha', 'Conn', 'Yundt', 'ABM', '11', 'B', '2018-05-08', NULL, 'hHGP1i4bKM', '2023-02-03 23:01:03', '2023-02-03 23:01:03'),
(85, NULL, 'SR-21074644', '$2y$10$9eg3moKHC4JcR/ssKdQeOOnu2t5ILd0l4fsVUjYx6eQBtwK5.J0GO', 'Lupe', 'Gislason', 'Yundt', 'GAS', '12', 'S', '2014-09-06', NULL, 'LwqrXA0Tyn', '2023-02-03 23:01:03', '2023-02-03 23:01:03'),
(86, NULL, 'SR-22075140', '$2y$10$0lZOZsQt6zmvXWJv9xdfdOnPZQIPyzao0Q/rNBEUB1g9k/hdsop12', 'Martina', 'Legros', 'Yundt', 'BSAIS', '1', 'P', '1983-09-11', NULL, 'vUCdM9h0LR', '2023-02-03 23:01:03', '2023-02-03 23:01:03'),
(87, NULL, 'AN-18081712', '$2y$10$OSJYTB3nG9YQEkUeJLZq/eG9hSss9NIwmMV4X6Epz.3szp8o3IVBW', 'Darwin', 'Hyatt', 'Yost', 'BSIS', '3', 'H', '1984-01-24', NULL, 'jenCT5ARYE', '2023-02-03 23:01:03', '2023-02-03 23:01:03'),
(88, NULL, 'BO-22063543', '$2y$10$zu/0mai3Bie3A1dZj/bLVu1rV5jCb4/Mco7sPF3nR48a6rjoAoAYG', 'Blair', 'Turcotte', 'Yost', 'BSAIS', '1', 'Z', '2020-01-31', NULL, 'Lyl4loy9GE', '2023-02-03 23:01:03', '2023-02-03 23:01:03'),
(89, NULL, 'MA-20012546', '$2y$10$uEOovR7iJtJR1u/rf6c2fuRxsqIWB4RuiGjbdyyVluuO3bVJcELBy', 'Lavon', 'Macejkovic', 'Yost', 'COMSEC', '4', 'P', '2011-07-08', NULL, 'vd1FkcmS2P', '2023-02-03 23:01:03', '2023-02-03 23:01:03'),
(90, NULL, 'MA-22013960', '$2y$10$Z7xopDNkSDI9cwsCnKpqrerorGgLQO6OHoKVVgNjEcATzcomAj25e', 'Krystel', 'Littel', 'Yost', 'BSOM', '4', 'A', '1972-06-01', NULL, '5SgUdZjK1r', '2023-02-03 23:01:03', '2023-02-03 23:01:03'),
(91, NULL, 'OB-17021026', '$2y$10$H0m1fIwAeB2rOFRUra7rReD6myQ8dOzj3WU2tA5qyjdIo0A2.xemC', 'Yoshiko', 'Pfeffer', 'Yost', 'ABM', '11', 'M', '1973-09-06', NULL, 'XnSJrRag7L', '2023-02-03 23:01:03', '2023-02-03 23:01:03'),
(92, NULL, 'OB-21023619', '$2y$10$pteBrYQ9vi1PUiUdOvnKu.Mi5BFUu8GKjMXmzxGUPALuaDyEIqiae', 'Hailey', 'Krajcik', 'Yost', 'GAS', '11', 'D', '2000-07-18', NULL, 'biZMXkJUwF', '2023-02-03 23:01:03', '2023-02-03 23:01:03'),
(93, NULL, 'PA-16035670', '$2y$10$Ebeh9a8BZ9W6SQDvAhBamOVbZguBl14oHDVU8C9xfHFp/UyQvRssu', 'Lincoln', 'Mitchell', 'Yost', 'BSOM', '3', 'R', '1980-01-28', NULL, 'WG4af0zmTh', '2023-02-03 23:01:03', '2023-02-03 23:01:03'),
(94, NULL, 'SJ-21042910', '$2y$10$d1bCaoFM8ySEW9b.w0aYveoZEXZNnqtMhR.xqCvoSKszR/X0T4IU2', 'Mercedes', 'Blick', 'Yost', 'BSAIS', '2', 'D', '2018-10-29', NULL, 'a6EE2hjIzm', '2023-02-03 23:01:03', '2023-02-03 23:01:03'),
(95, NULL, 'SJ-22044727', '$2y$10$IZ2egpJT9JKq3gQgu2Vbteh/IliW1oiaDhjyeoFqM2d1aB.DJ/cYC', 'Abelardo', 'Daniel', 'Yost', 'BSAIS', '3', 'H', '2004-06-09', NULL, '8sAvOLwwmz', '2023-02-03 23:01:03', '2023-02-03 23:01:03'),
(96, NULL, 'SM-16051264', '$2y$10$mLX7UqVGticjU1PUEtqP1ew.eDY5RhHEJVJb2iiV44blEeUCeCSti', 'Flossie', 'Muller', 'Yost', 'BSIS', '4', 'W', '1989-10-24', NULL, 'wazek2yWVC', '2023-02-03 23:01:03', '2023-02-03 23:01:03'),
(97, NULL, 'SM-18050359', '$2y$10$j3vIcmIkxdzf7cr7SWxdpONnExtYD.CbkWu79Ox0nIjlJMzBjal72', 'Diego', 'Boehm', 'Yost', 'ABM', '12', 'B', '2015-11-12', NULL, '4Dwc5AIRgB', '2023-02-03 23:01:03', '2023-02-03 23:01:03'),
(98, NULL, 'SR-16075340', '$2y$10$MtqgHke29.FvfBpYpX5exu64Z1IsG2wHuZcH30pSOWrXvqqNtMIsW', 'Ahmed', 'Orn', 'Yost', 'BSAIS', '4', 'E', '1995-12-01', NULL, 'MWbBpOetcr', '2023-02-03 23:01:03', '2023-02-03 23:01:03'),
(99, NULL, 'SR-22073702', '$2y$10$1baToBrVnAgcmvY.1qNGKegR3qkTv5.DXt/VlpvEbg6J1oRtLygaq', 'Alena', 'Mosciski', 'Yost', 'BSOM', '2', 'Z', '2009-06-28', NULL, 'wfn2F8L8MJ', '2023-02-03 23:01:03', '2023-02-03 23:01:03'),
(100, NULL, 'BO-18062484', '$2y$10$Njpzqth4lwME0SdBUS0HS.XV/8Ebca7N.9H/RKTcaeaT8NYQn5Sau', 'Donny', 'Kling', 'Wyman', 'ABM', '12', 'A', '1971-03-08', NULL, 'bQQUQ3PIb2', '2023-02-03 23:01:03', '2023-02-03 23:01:03'),
(101, NULL, 'OB-17024108', '$2y$10$fVJPWz4UtQrR77TqIZd.QuX.Cuia/sAkabkDEt29IiS6kovgS9iM.', 'Lenora', 'Howell', 'Wyman', 'COMSEC', '1', 'P', '1995-03-10', NULL, 'irNbfplvBQ', '2023-02-03 23:01:03', '2023-02-03 23:01:03'),
(102, NULL, 'PA-20035287', '$2y$10$ZX.uqLuGiCa45SfZ8DMQR.B1v.NFujjjN3Wgo/21pSndaPNAFvE1O', 'Raheem', 'Parisian', 'Wyman', 'HRS', '3', 'R', '1988-01-23', NULL, 'jM4aQvUiW9', '2023-02-03 23:01:03', '2023-02-03 23:01:03'),
(103, NULL, 'PA-21033538', '$2y$10$.Fz6dcyFmgWGbhrDQoIOXuU6q.jE8B9ZyouMZYlBDF/ossGFwpmGq', 'Allison', 'Jacobs', 'Wyman', 'GAS', '11', 'G', '2002-09-01', NULL, 'KE8xVieaNN', '2023-02-03 23:01:03', '2023-02-03 23:01:03'),
(104, NULL, 'PA-21034493', '$2y$10$fR5HFIOTeUbzQfv2FuG4ue5a9W8QlErcQj9k2ME3YgMlWqENmoiYS', 'Bret', 'Abshire', 'Wyman', 'BTVTED', '4', 'X', '1989-05-31', NULL, '3a7mIHJVqa', '2023-02-03 23:01:03', '2023-02-03 23:01:03'),
(105, NULL, 'PA-22033300', '$2y$10$8/GA3XXe6zbF2Ba2hYBukelvJtPmgXwnqgLNfyp5YpzbOkIg8biGC', 'Ernie', 'Senger', 'Wyman', 'HRS', '3', 'R', '2014-04-16', NULL, 'HuPBSh2uBA', '2023-02-03 23:01:03', '2023-02-03 23:01:03'),
(106, NULL, 'SJ-18041285', '$2y$10$NYjrPLOYhZdsuyqX5e5.RupTGTGQ3OGGeI9PN04Oz7wK63fd9lsZu', 'Arturo', 'Christiansen', 'Wyman', 'ABM', '11', 'D', '2003-02-17', NULL, 'Wc1aOIxuLx', '2023-02-03 23:01:03', '2023-02-03 23:01:03'),
(107, NULL, 'SM-18054300', '$2y$10$xNshF125eh6yrB3nLi44UuKPtUtADXDITOvjrUZhHp5HQ.FcklnkK', 'Hayley', 'Considine', 'Wyman', 'COMSEC', '3', 'M', '2008-12-29', NULL, '9f7EYXepOP', '2023-02-03 23:01:03', '2023-02-03 23:01:03'),
(108, NULL, 'SR-17071148', '$2y$10$ZTx/s9AG4Jo9j4HIDq3z3OFitHTy1nVVxQKSSllHsORH35dundEbK', 'Blaze', 'Goodwin', 'Wyman', 'GAS', '12', 'V', '1983-01-15', NULL, 'HsbqGlMoIs', '2023-02-03 23:01:03', '2023-02-03 23:01:03'),
(109, NULL, 'SR-22071325', '$2y$10$zsdtok3P71q6zsUA6dtSF.5cKciZJmvpWyyRWlAc3S4hvnPyxpBaS', 'Kenyatta', 'Mayert', 'Wyman', 'ACT', '4', 'Z', '1983-02-27', NULL, '2LT36rhm1O', '2023-02-03 23:01:03', '2023-02-03 23:01:03'),
(110, NULL, 'AN-20083311', '$2y$10$rgQR1MhHZFCIJl8tVO/NF.Hd0AEuvi.M2JGTtboxloi5cQ6k1NWsi', 'Javon', 'Ondricka', 'Wunsch', 'GAS', '12', 'I', '1981-09-24', NULL, 'tjSXiGER5rEo837cWtJLPzUHM1iBPfK3vhXMCi023EG0E44fLsIY2hPiKzPm', '2023-02-03 23:01:03', '2023-02-03 23:01:03'),
(111, NULL, 'MA-17014982', '$2y$10$OKBNTCZM.krtZr4oK6zKs.YZiAq8W76kDz.xIbPuRxmAN4kRU.zhS', 'Grace', 'Morissette', 'Wunsch', 'HRS', '4', 'I', '2012-07-20', NULL, 'n35z5Oe41G', '2023-02-03 23:01:03', '2023-02-03 23:01:03'),
(112, NULL, 'MA-20010967', '$2y$10$/MVAgfNG49vKtzoAEUIyWOjX0mB7WK7FikXJ0hGytoXZtSYT/sG9u', 'Juwan', 'Ebert', 'Wunsch', 'ABM', '11', 'R', '1986-03-16', NULL, 'stDfdG23nx', '2023-02-03 23:01:03', '2023-02-03 23:01:03'),
(113, NULL, 'OB-16022389', '$2y$10$ilq9UaDfi3ia253JtsG07O8u67oMWep6N3g.oul6Lj88RBCqAS3HK', 'Barney', 'Hermiston', 'Wunsch', 'COMSEC', '2', 'Z', '1979-01-19', NULL, 'yjXOKHgyMI', '2023-02-03 23:01:03', '2023-02-03 23:01:03'),
(114, NULL, 'PA-22035037', '$2y$10$N0xZM9rwWl3O.nC94GrZPOIkpSo0xPrgTY2sFzf5Y6.R8FpEoHVYK', 'Columbus', 'Ratke', 'Wunsch', 'BTVTED', '2', 'O', '1973-06-17', NULL, 'pOrFWrjjPU', '2023-02-03 23:01:03', '2023-02-03 23:01:03'),
(115, NULL, 'SJ-16041169', '$2y$10$FUpXRyQveEOyfk/2mX/t1eNhD9NuaBXWjkx3/nWDK9ojr0VWLAKHy', 'Chaz', 'Kreiger', 'Wunsch', 'GAS', '11', 'J', '2011-03-02', NULL, 'mesVN9UbSV', '2023-02-03 23:01:03', '2023-02-03 23:01:03'),
(116, NULL, 'SM-16055887', '$2y$10$M4t5mFX4LEE1SOWm7LIINuEVllOXR6yqmc4O5cDsx8as8Bp/2WOo.', 'Trenton', 'Jacobi', 'Wunsch', 'ABM', '11', 'B', '1991-12-04', NULL, 'Z4fGT8o1oK', '2023-02-03 23:01:03', '2023-02-03 23:01:03'),
(117, NULL, 'SM-18054048', '$2y$10$Z0SXVFRmYAqzlGF1PjGRx.phKHIcaEtPLEOqcNkN6PxMTtytYx3qK', 'Dereck', 'Bailey', 'Wunsch', 'BSIS', '4', 'V', '1978-07-30', NULL, 'kYGfhD94IQ', '2023-02-03 23:01:03', '2023-02-03 23:01:03'),
(118, NULL, 'SR-18072370', '$2y$10$7xlfxPThuYpb7tO78QUKYupJUZYdUNoXACO4QoP8JLXUD.AFeyUSa', 'Claudie', 'Harris', 'Wunsch', 'BTVTED', '3', 'K', '2004-10-14', NULL, 'PZtOvxeUZu', '2023-02-03 23:01:03', '2023-02-03 23:01:03'),
(119, NULL, 'SR-21071731', '$2y$10$UWIWgSIzAsFhSq1kpkdKUe9nQXcGcpgW9rFZJhqYaraTNc9NwebNa', 'Darrel', 'Hansen', 'Wunsch', 'BTVTED', '1', 'U', '1991-02-21', NULL, 'yPenZLVPhr', '2023-02-03 23:01:03', '2023-02-03 23:01:03'),
(120, NULL, 'AN-20083796', '$2y$10$yqlMD7ofbhwRaqcYssrixOQ4ZrO.HSN68HMRbrxLnjESVXDO6WnRG', 'Alba', 'Auer', 'Wuckert', 'BSAIS', '2', 'Q', '1976-06-03', NULL, 'hp27wf0Fbr', '2023-02-03 23:01:03', '2023-02-03 23:01:03'),
(121, NULL, 'BO-20061171', '$2y$10$dqMrZ8UHmRC11jvxvaLC2e/T1LqS4BnP61gmTQ6yVYIxaL/zeF6Di', 'Cecil', 'Toy', 'Wuckert', 'ABM', '12', 'Q', '1981-09-05', NULL, 'RmB75ytehs', '2023-02-03 23:01:03', '2023-02-03 23:01:03'),
(122, NULL, 'MA-16012082', '$2y$10$ObOn2joKgVUA3su/vdr.Oe4etNG2xZJTjqK8uIHXg0LYIqUVwocRi', 'Edwina', 'Buckridge', 'Wuckert', 'BTVTED', '1', 'O', '2020-07-12', NULL, 'gx4WZOM6ub', '2023-02-03 23:01:03', '2023-02-03 23:01:03'),
(123, NULL, 'MA-18014942', '$2y$10$wjxSr3yFOrFmdZawmQnacuCyxeiQD6VXQNjK76O1nSujbVIWCzhvy', 'Helen', 'Douglas', 'Wuckert', 'BSIS', '2', 'N', '1983-10-30', NULL, 'gOqaupc7wy', '2023-02-03 23:01:03', '2023-02-03 23:01:03'),
(124, NULL, 'MA-21015977', '$2y$10$gLGl9Vflpuais8CojkzjJ./CDsmEW62YdjhkGBtJudffVKouxHzju', 'Amalia', 'Ernser', 'Wuckert', 'HRS', '2', 'X', '2020-04-02', NULL, 'hGRrnu7EQ9', '2023-02-03 23:01:03', '2023-02-03 23:01:03'),
(125, NULL, 'OB-19023109', '$2y$10$MJJwSNoy3kxVDqZ9sDtWfe24xg5m.vNWv2dVxW7Ovy/SNgZSQcxpe', 'Caleb', 'VonRueden', 'Wuckert', 'BSOM', '3', 'U', '1988-10-15', NULL, '9x4Fr4Wwj8', '2023-02-03 23:01:03', '2023-02-03 23:01:03'),
(126, NULL, 'SJ-21044534', '$2y$10$957LT5F2O7m53miSadEnNO5Xnmo40iRktwEhiPCYCebnF1DPEiQyi', 'Gerald', 'Huels', 'Wuckert', 'COMSEC', '3', 'V', '2011-08-21', NULL, 'lZs7uzwOVd', '2023-02-03 23:01:03', '2023-02-03 23:01:03'),
(127, NULL, 'SM-19052608', '$2y$10$caBHloOfzP/rBPgXOW3pje.BpQYViEduXkiTAThJeEHkz44ukJjY6', 'Wilson', 'Pagac', 'Wuckert', 'ABM', '12', 'H', '1994-10-26', NULL, 'RpC52RYLQf', '2023-02-03 23:01:03', '2023-02-03 23:01:03'),
(128, NULL, 'SR-22070634', '$2y$10$BeNrCDoB2RRolGEhgUE5le4j0p1LMqc4h2JmgYvtWhSzUvLAdRqzy', 'Delores', 'Wolf', 'Wuckert', 'BTVTED', '3', 'G', '1979-11-20', NULL, 'djYvRga0v7', '2023-02-03 23:01:03', '2023-02-03 23:01:03'),
(129, NULL, 'AN-18084298', '$2y$10$unIZYkLcylwbke7m5J1.vOwE5ALiNLZ6Z1stocFjB9VcMRCIGALN6', 'Itzel', 'Gibson', 'Wolff', 'COMSEC', '1', 'I', '1977-11-25', NULL, 'b7BlpcKKcu', '2023-02-03 23:01:03', '2023-02-03 23:01:03'),
(130, NULL, 'AN-19083403', '$2y$10$QdlawgnhNSZ38owALLxI2u5AAPM0ZN6ypS5./nmufUnPyQQz4WllO', 'Margot', 'Conroy', 'Wolff', 'BSIS', '2', 'V', '1982-12-30', NULL, 'xtpMN1YOJj', '2023-02-03 23:01:03', '2023-02-03 23:01:03'),
(131, NULL, 'AN-22084743', '$2y$10$jcr7w.Mi.LAepkpTHL30kuSoxn7H3AFHdNaCQBo23dd3DlStYVHvC', 'Donnell', 'Jaskolski', 'Wolff', 'COMSEC', '2', 'Q', '2020-01-28', NULL, 'VFiZQI4H9C', '2023-02-03 23:01:03', '2023-02-03 23:01:03'),
(132, NULL, 'BO-19063231', '$2y$10$SQk4/fES1UXpckAe5JNov.fIIpoht5g6ks32/02BxWEWsZT/shmiO', 'Leland', 'Kreiger', 'Wolff', 'ACT', '3', 'F', '2012-07-18', NULL, 'zjVjsZrcm6', '2023-02-03 23:01:03', '2023-02-03 23:01:03'),
(133, NULL, 'BO-20065460', '$2y$10$V8jbfoLS/oNe0hhzvsHLXu/7quiZKfdRjhULcka7/Ky0AIwNTZvKe', 'Albert', 'Williamson', 'Wolff', 'GAS', '11', 'C', '1996-02-17', NULL, 'KZoj15li4Z', '2023-02-03 23:01:03', '2023-02-03 23:01:03'),
(134, NULL, 'MA-17015701', '$2y$10$WJd3O7TYcc.xdcqXPaTeHujvC4wxfXneyAC2KwxAID/aETk51u5R6', 'Bailee', 'Mueller', 'Wolff', 'HRS', '1', 'Q', '1978-06-11', NULL, 'fcabw9CFhf', '2023-02-03 23:01:03', '2023-02-03 23:01:03'),
(135, NULL, 'MA-19012293', '$2y$10$tU2m5unspB8Bu5cnAg/vVuXOWU9oAzETPwR1v9GIjwzstrNpgXz0i', 'Leda', 'Waelchi', 'Wolff', 'BSOM', '1', 'I', '1980-05-31', NULL, 'V3yTtAg3TN', '2023-02-03 23:01:03', '2023-02-03 23:01:03'),
(136, NULL, 'OB-16025812', '$2y$10$4G91XMJy/CxWaj5BmSfRl.m1YvZktofE2s.sHKelRfOc9EIlOha82', 'Francesca', 'Little', 'Wolff', 'ABM', '12', 'L', '2000-05-24', NULL, 'KAVQ8kgms0', '2023-02-03 23:01:03', '2023-02-03 23:01:03'),
(137, NULL, 'OB-17023907', '$2y$10$aipKYUVq8WUgTXIdatZ9qOLDdDUmqFjYhRn5VO5T5Tfhou7nF.niK', 'Elsie', 'Jacobson', 'Wolff', 'BSIS', '3', 'Z', '2020-05-08', NULL, 'JRyPIVhlKk', '2023-02-03 23:01:03', '2023-02-03 23:01:03'),
(138, NULL, 'PA-21032894', '$2y$10$vXz9G1S7rdk9VJiqm78eoOimmYEY/gMtzGFNT1HpSy0nB2VMnTWvO', 'Hoyt', 'Kris', 'Wolff', 'ABM', '11', 'T', '1978-04-19', NULL, 'ZzmpuvXjxh', '2023-02-03 23:01:03', '2023-02-03 23:01:03'),
(139, NULL, 'SJ-18045190', '$2y$10$p7YDpKV2SQK49pv8JzARq.4KVTX/CBmu88nK85feVpNO4qbSVTFDS', 'Bernice', 'Goodwin', 'Wolff', 'HRS', '4', 'E', '2002-08-03', NULL, 'hD2TDDrhlk', '2023-02-03 23:01:03', '2023-02-03 23:01:03'),
(140, NULL, 'SM-20050194', '$2y$10$MDc.XkZjEOr0hDfqgd/RPucdXLpMe51Mr2Gnap/aYEX7T3fZTMEj6', 'Broderick', 'Raynor', 'Wolff', 'BSAIS', '3', 'M', '2020-10-02', NULL, 'gwpJP7L62U', '2023-02-03 23:01:03', '2023-02-03 23:01:03'),
(141, NULL, 'SM-20051702', '$2y$10$6eLrvUveuDfgvl3p71/8ZeRB75v5cH8cgL3/tYmq1b/4aszBFHq5i', 'Maude', 'Mosciski', 'Wolff', 'COMSEC', '1', 'I', '2002-01-03', NULL, 'eCOfKZvh0W', '2023-02-03 23:01:03', '2023-02-03 23:01:03'),
(142, NULL, 'SR-21075794', '$2y$10$Wh0NqIsZAfQ4U1zLVvcdTOTYLTuK9cajQhszs2rEvUYUujqaTx80y', 'Angela', 'Kassulke', 'Wolff', 'ABM', '11', 'T', '1999-06-07', NULL, '25vlIsQEnn', '2023-02-03 23:01:03', '2023-02-03 23:01:03'),
(143, NULL, 'AN-18084857', '$2y$10$YJ2Dn0yYrPgz7.gneoVQ8OgHtA1WE/9JjsE6EQpBaHa.Eo8q7E7wu', 'Ruben', 'Haley', 'Wolf', 'HRS', '1', 'U', '2013-01-11', NULL, 'o1qVlOlWyV', '2023-02-03 23:01:03', '2023-02-03 23:01:03'),
(144, NULL, 'AN-22083243', '$2y$10$2Hju2nUGlnbSFVk58nL.Jusb30R1sSQoQwQkrokBJgn7urArXjiCC', 'Vicky', 'Christiansen', 'Wolf', 'BSOM', '1', 'K', '2021-10-01', NULL, 'n0J01qjn7s', '2023-02-03 23:01:03', '2023-02-03 23:01:03'),
(145, NULL, 'BO-19063188', '$2y$10$TjHZHW0nVXcWzaRh3vD7hu1p5uy6.Yg7YymWLXoLmY3S10aNS/0cy', 'Benjamin', 'Walker', 'Wolf', 'HRS', '3', 'H', '2002-11-28', NULL, 'T3QNDeKPly', '2023-02-03 23:01:03', '2023-02-03 23:01:03'),
(146, NULL, 'MA-19012726', '$2y$10$ty6gar/vHJn2LMa/7AgpFedEVy5XekQ821R8Os6tQ25Ko.5Gm1QL2', 'Moses', 'Abernathy', 'Wolf', 'HRS', '2', 'E', '1988-07-13', NULL, 'AxVZyPL5rD', '2023-02-03 23:01:03', '2023-02-03 23:01:03'),
(147, NULL, 'MA-22012625', '$2y$10$uFposvS23W83dYC8pSrUZuhqyzByjl7ya4rriu1ORmzK/zJEMJdSS', 'Bria', 'Bode', 'Wolf', 'ABM', '11', 'P', '1999-12-21', NULL, 'ONaJkuDLcj', '2023-02-03 23:01:03', '2023-02-03 23:01:03'),
(148, NULL, 'OB-17025711', '$2y$10$PmEHn6pdDzmLC5C.QPKsW.QLmpqWzSTLK.dtc9A3IL6YNUBQ/uFbq', 'Henderson', 'Turner', 'Wolf', 'BSAIS', '4', 'D', '2004-11-10', NULL, '7Vp8uti1mU', '2023-02-03 23:01:03', '2023-02-03 23:01:03'),
(149, NULL, 'OB-21025302', '$2y$10$LISkp5tY85qkV5UhMpbbROX3ycr/ZF2VvZszK1htZsYTJosuaJAkK', 'Jeanette', 'Fay', 'Wolf', 'BSOM', '1', 'Q', '2003-03-12', NULL, 'ASWvI9lTn8', '2023-02-03 23:01:03', '2023-02-03 23:01:03'),
(150, NULL, 'OB-22024553', '$2y$10$34C2Zt9ipcY9.PrOAIzUpuY9VOOT58ZkuV8YnD8nYKArJTyt7VB/e', 'Edwina', 'Quitzon', 'Wolf', 'BSOM', '2', 'C', '2008-06-16', NULL, 'BkUfQzQhqk', '2023-02-03 23:01:03', '2023-02-03 23:01:03'),
(151, NULL, 'PA-19033034', '$2y$10$8p.QaJxitiTNgP7Mq0QsdO6SCmXsJrJsX/ot.1C2NgPr3nf9nvF2K', 'Kory', 'Stroman', 'Wolf', 'BTVTED', '3', 'H', '2018-12-13', NULL, 'fLL7leB3fH', '2023-02-03 23:01:03', '2023-02-03 23:01:03'),
(152, NULL, 'SJ-18042247', '$2y$10$HEubajj0en5NBsh0.ELqQOZ/iJS25kjgsIAQMtouZi2KPIw0BVJnO', 'Buddy', 'Harvey', 'Wolf', 'GAS', '12', 'H', '1975-10-28', NULL, 'F4znN8y7at', '2023-02-03 23:01:03', '2023-02-03 23:01:03'),
(153, NULL, 'SJ-20040804', '$2y$10$WdCiYGYGn7pBDn8pFVbqMuSdUe0tQLM45QD66yb93DGWWSIFQfDpW', 'Sterling', 'Kihn', 'Wolf', 'GAS', '12', 'W', '1999-10-25', NULL, 'qudHLjUUhg', '2023-02-03 23:01:03', '2023-02-03 23:01:03'),
(154, NULL, 'SJ-21045746', '$2y$10$zx76urrAmB09pr/0Cux0AeFecG70rEkOgRBqQa.9r80RDs3F13dg2', 'Annie', 'Lang', 'Wolf', 'ABM', '12', 'V', '2010-07-05', NULL, '0ls0gaqTie', '2023-02-03 23:01:03', '2023-02-03 23:01:03'),
(155, NULL, 'SJ-22043982', '$2y$10$WIk7P3xdNi0ninGW2Uly4O4qKVm4QNEFdinXv2STFhivamRfFmzy2', 'Emilie', 'Schimmel', 'Wolf', 'BSIS', '3', 'W', '2004-12-21', NULL, '6DMSWJ32tk', '2023-02-03 23:01:03', '2023-02-03 23:01:03'),
(156, NULL, 'SM-22053068', '$2y$10$ZoRNwhp0YqXplxwBVAp6dOZr/79XPYr8IrpfmcasL1iQwcQUSYy4q', 'Orin', 'Kiehn', 'Wolf', 'BSIS', '3', 'X', '2011-03-07', NULL, 'ydjaX3MrUO', '2023-02-03 23:01:03', '2023-02-03 23:01:03'),
(157, NULL, 'OB-17020290', '$2y$10$Mlsrd.AuuHsdKv/vkTWR6uAeofsowDuAPoILVubS2ive3dR/P5.Mu', 'Doris', 'Bogan', 'Wiza', 'ABM', '12', 'X', '2002-08-21', NULL, 'wQthRwjXbN', '2023-02-03 23:01:03', '2023-02-03 23:01:03'),
(158, NULL, 'OB-19021321', '$2y$10$HMCU6xf99qsFnS.aV6qKWub4Et1Jl/hyvNUMdZtyq7HyivLdtUbyi', 'Brennan', 'Hintz', 'Wiza', 'BSOM', '3', 'F', '1991-03-20', NULL, '4xVoKSxL81', '2023-02-03 23:01:03', '2023-02-03 23:01:03'),
(159, NULL, 'PA-19031284', '$2y$10$GarjWCNQVM9o6FG3T3sFvOXtCuKLBZcSMI5CrcX4Ylobm/wXTWMOe', 'Trey', 'Grady', 'Wiza', 'BSIS', '2', 'Q', '1996-07-13', NULL, 'Bn24iFsqwU', '2023-02-03 23:01:03', '2023-02-03 23:01:03'),
(160, NULL, 'PA-20033518', '$2y$10$QLMONjoDzTU7KlZevQqJGeFzwoePrxJBzZ2crtJr/q7wn.wWBI8Wq', 'Raphael', 'Pollich', 'Wiza', 'ABM', '12', 'E', '1995-02-07', NULL, 'SThsYssphT', '2023-02-03 23:01:03', '2023-02-03 23:01:03'),
(161, NULL, 'SJ-17044848', '$2y$10$x0U53DpldzhGRfWlgouTVeT2qsISvDMP8gYmJ1djlTm6.iSHiP85m', 'Twila', 'Lehner', 'Wiza', 'GAS', '12', 'M', '1976-05-12', NULL, '95Yht2X4Fd', '2023-02-03 23:01:03', '2023-02-03 23:01:03'),
(162, NULL, 'SJ-22040885', '$2y$10$xrVt1x9mUBbe5YohTDBdE.Jl1T5f.joZymXhTCv/gQyWzz1OmFvjm', 'Efrain', 'Koelpin', 'Wiza', 'HRS', '4', 'Q', '1987-10-03', NULL, '6R9pAl0tCd', '2023-02-03 23:01:03', '2023-02-03 23:01:03'),
(163, NULL, 'SM-20054475', '$2y$10$jtxPTJQcHULEhnm2Su/P/OP6LxZ4hWLozjf6zwGm/aLx80xv8iA1i', 'Cathryn', 'Mayer', 'Wiza', 'BSIS', '3', 'V', '2020-06-19', NULL, 'n6VEABmIvz', '2023-02-03 23:01:03', '2023-02-03 23:01:03'),
(164, NULL, 'SR-19073838', '$2y$10$37mxJNSEbk8xVVQVuNtHLuiEk0I1BIVLNK2Ju1RZRyqoewoht6HgK', 'Ciara', 'Sawayn', 'Wiza', 'HRS', '2', 'K', '1973-06-15', NULL, '0wQYcST0Hr', '2023-02-03 23:01:03', '2023-02-03 23:01:03'),
(165, NULL, 'AN-17080183', '$2y$10$dXFD0hqOPtNqeOFuFt9Mx..fbrBHz5cPAKzi59K/4FMITMVsXLOKW', 'Ramiro', 'Halvorson', 'Witting', 'BTVTED', '4', 'L', '1983-08-09', NULL, 'vZ8asJcRwo', '2023-02-03 23:01:03', '2023-02-03 23:01:03'),
(166, NULL, 'AN-17081214', '$2y$10$P1Xa0iKiR6aqmeARCIM6OOb3KU07rYJFpKnfHVl9z.wHaX/necSfK', 'Delbert', 'Volkman', 'Witting', 'GAS', '11', 'I', '1999-11-30', NULL, 'Te5nf9Jopw', '2023-02-03 23:01:03', '2023-02-03 23:01:03'),
(167, NULL, 'AN-17083376', '$2y$10$muZLKGXCQf6NdHFWPfPXf.1gbH31/ludd5MXFXGkMPnAndyNW8A3G', 'Ashly', 'Champlin', 'Witting', 'COMSEC', '3', 'C', '2017-03-19', NULL, '7xHMTfO7NV', '2023-02-03 23:01:03', '2023-02-03 23:01:03'),
(168, NULL, 'AN-19081439', '$2y$10$58B8xD3Y.iMYIYR2o7xHheUk7mq1ENcyCusgK6VKQT6STEvYdhkPy', 'Lance', 'O\'Reilly', 'Witting', 'BSOM', '1', 'X', '2001-05-04', NULL, 'gq0X0UTFid', '2023-02-03 23:01:03', '2023-02-03 23:01:03'),
(169, NULL, 'AN-21085555', '$2y$10$sOS0m5376Ho6fZSYn8vrae57Dlv2RYXOd/UGFHjIb55YgKP8VFFaW', 'Laverna', 'Grant', 'Witting', 'BTVTED', '4', 'A', '1997-03-10', NULL, 'KWYqJQnKxV', '2023-02-03 23:01:03', '2023-02-03 23:01:03'),
(170, NULL, 'BO-16064511', '$2y$10$cwQnXOYiCBcWkGjfze5v2eV6Llh0sLsd1Eu1YsZzAgMpAkQzR0ds6', 'Kim', 'Murray', 'Witting', 'BSIS', '4', 'U', '2007-08-06', NULL, 'EKHfLqP224', '2023-02-03 23:01:03', '2023-02-03 23:01:03'),
(171, NULL, 'BO-21063210', '$2y$10$ejUV3LRFh4fD/05F9NBCU.UE.iNOVKOu9uJ8cNgwRJSV2FdfSbNni', 'Daisha', 'Klocko', 'Witting', 'BSIS', '1', 'S', '2017-01-26', NULL, 'kM9wD7Kely', '2023-02-03 23:01:03', '2023-02-03 23:01:03'),
(172, NULL, 'MA-18010942', '$2y$10$MyJQ82PvSB2itn5hGXgb2O0JUlXfIk93L8ttGDqJ0wG2/CKsxIqyu', 'Bonita', 'Schaden', 'Witting', 'BSIS', '1', 'D', '2017-09-05', NULL, 'x4I2n1KOox', '2023-02-03 23:01:03', '2023-02-03 23:01:03'),
(173, NULL, 'OB-16020267', '$2y$10$htm9Xvj3Mz1SJMgIqtfzp.fUMW92WCYdn4j0.dvCdT5zz64.QA4Qu', 'Margarete', 'Bayer', 'Witting', 'ABM', '11', 'G', '2006-01-06', NULL, 'zzdYu5tSyK', '2023-02-03 23:01:03', '2023-02-03 23:01:03'),
(174, NULL, 'OB-21020248', '$2y$10$5vlwR1cnoHH9ngKEXIK9vuOFYrWIfg1jEOehlzN6p/cNsQBQ8KZf2', 'Ambrose', 'Swaniawski', 'Witting', 'BSOM', '3', 'U', '1996-01-05', NULL, 'CUFke8arz9', '2023-02-03 23:01:03', '2023-02-03 23:01:03'),
(175, NULL, 'PA-19035856', '$2y$10$GIyYSMicLtFvomjXqyBwku/nj.lpHhnKvpl8gR8Z4dBjHjLeMZMkG', 'Juvenal', 'Mosciski', 'Witting', 'ACT', '2', 'S', '2006-12-15', NULL, 'fn2aos4n6g', '2023-02-03 23:01:03', '2023-02-03 23:01:03'),
(176, NULL, 'PA-20032837', '$2y$10$kZPNpqOnlEmqIm3DDc0z4e/Uak9DF5YgYwxFke0MLWRpbG88Ip9CS', 'Arnold', 'Runolfsson', 'Witting', 'HRS', '2', 'A', '2001-05-06', NULL, 'e4tK89CyjT', '2023-02-03 23:01:03', '2023-02-03 23:01:03'),
(177, NULL, 'SR-20075759', '$2y$10$Cm1qNKL6BvE7Ez.fNxrviOYAgXWUNii.Pxx./LCZuV9ba2ovHsSGi', 'Haylee', 'Breitenberg', 'Witting', 'BSAIS', '2', 'P', '2006-07-29', NULL, 'qME6vFiPLw', '2023-02-03 23:01:03', '2023-02-03 23:01:03'),
(178, NULL, 'AN-18081989', '$2y$10$3VD.mZOD7aK1nM.bcTId4OwDSqK4Ikd1L9B/H3V.FODPsCv9yixE6', 'River', 'Friesen', 'Wisozk', 'ABM', '11', 'W', '1989-11-16', NULL, 'yvcCIGla3M', '2023-02-03 23:01:03', '2023-02-03 23:01:03'),
(179, NULL, 'AN-20080842', '$2y$10$sk3Z0ozsujeTOIEXw8GcXuTOrBbNvb6Uy9d.95ls.inWOfegYe43S', 'Celestino', 'Schaefer', 'Wisozk', 'ABM', '12', 'A', '2021-04-27', NULL, 'R4SKoRNQfOWh4eLfsrL35qI1LjyTmeVy6NL2tAM22Cm2BewASmUJhmAlMObr', '2023-02-03 23:01:03', '2023-02-03 23:01:03'),
(180, NULL, 'BO-18060075', '$2y$10$KgmPx1odU05CB3HBkWKkV.ebjelOp7r72d.89fyavVX33uWwQo/CO', 'Hettie', 'Morar', 'Wisozk', 'BSIS', '3', 'N', '1986-06-26', NULL, 'HYHaUZrxHt', '2023-02-03 23:01:03', '2023-02-03 23:01:03'),
(181, NULL, 'MA-17015678', '$2y$10$QguTRctRwooPPx39Lj4JwuvQRBJWXtYNVhVU8XmcuAyOtSExbMkKO', 'Dane', 'Schulist', 'Wisozk', 'ABM', '11', 'P', '1996-09-24', NULL, 'GcjfxvqhDa', '2023-02-03 23:01:03', '2023-02-03 23:01:03'),
(182, NULL, 'MA-18015645', '$2y$10$mev60M9n15mkthzd0Vdjw.2GdSfh2wo/BtF4YAodYAt/D1NFRkZc.', 'Nash', 'Macejkovic', 'Wisozk', 'BSIS', '1', 'R', '1983-08-16', NULL, 'J2GuAUUD1Q', '2023-02-03 23:01:03', '2023-02-03 23:01:03'),
(183, NULL, 'OB-18023934', '$2y$10$smLekzlLJHZA1cCunX9LUOJMFXf6gMK9nhyju2UHbPs7VzsQQfWYO', 'Pauline', 'Wisoky', 'Wisozk', 'BTVTED', '2', 'Z', '2014-12-13', NULL, 'zV5OXsT93T', '2023-02-03 23:01:03', '2023-02-03 23:01:03'),
(184, NULL, 'PA-16034352', '$2y$10$vIRBq7/w8so1.7gMwtBcT./.G2QLqt4gFX2T2WZUYpml76rBbIsO6', 'Sonny', 'Trantow', 'Wisozk', 'HRS', '2', 'P', '2012-11-29', NULL, '5F5IipIxES', '2023-02-03 23:01:03', '2023-02-03 23:01:03'),
(185, NULL, 'SJ-22043118', '$2y$10$poEN7yUVQiHMpUUcOPI1YesgjCJgfysLZSea7tABjimiQwc0S7m9y', 'Dante', 'Denesik', 'Wisozk', 'COMSEC', '1', 'K', '2005-04-08', NULL, '4QJ0GVp0jW', '2023-02-03 23:01:03', '2023-02-03 23:01:03'),
(186, NULL, 'SM-20052961', '$2y$10$oNDcJeWTgufwYxc0IsdmR.r4PW4E6ay30HyiQWkicsB2tYDN6pyV6', 'Darrion', 'Grady', 'Wisozk', 'HRS', '1', 'E', '1978-11-02', NULL, 'd4zviTdr0U', '2023-02-03 23:01:03', '2023-02-03 23:01:03'),
(187, NULL, 'SR-18074807', '$2y$10$GFzpkzmTfH7D.n3OXlH5TO8o6VaIRf3IO/scOBH3SyxnE8AKjytTa', 'Ima', 'Mohr', 'Wisozk', 'BTVTED', '3', 'F', '1989-08-15', NULL, '9grkE3nOlr', '2023-02-03 23:01:03', '2023-02-03 23:01:03'),
(188, NULL, 'SR-19075129', '$2y$10$6D8HBp/1jsmeLaE7oxb3vOPycuU9WlIHUrRqZZPuMvdNeajsdGgzu', 'Leora', 'Tromp', 'Wisozk', 'ABM', '11', 'H', '2019-12-01', NULL, 'dYpJyc1IDl', '2023-02-03 23:01:03', '2023-02-03 23:01:03'),
(189, NULL, 'BO-16062098', '$2y$10$cD4yR5wZqO/CQYx6kJM0BeUkKJy1gvzdFOruKvhobRS5PXGRdW7u2', 'Magnus', 'Lesch', 'Wisoky', 'BSOM', '1', 'N', '1987-03-17', NULL, '4nq6FSVDa0', '2023-02-03 23:01:03', '2023-02-03 23:01:03'),
(190, NULL, 'BO-17064881', '$2y$10$O8GV1TZcLvroaH/9LSsOQeOTTSiz.Fvvg9FPq4WKcWddl5k9jmcze', 'Adolphus', 'Morissette', 'Wisoky', 'BSOM', '2', 'H', '2007-08-28', NULL, 'fTiwxbfS2Y', '2023-02-03 23:01:03', '2023-02-03 23:01:03'),
(191, NULL, 'MA-22013599', '$2y$10$hb/UNY6C2ExRx2vHDQwJcun0oMUYSk43Fpy.C/grLqpSxFsfF9/su', 'Sydnee', 'Kub', 'Wisoky', 'ACT', '3', 'P', '2003-09-14', NULL, '9LEOxFwvtR', '2023-02-03 23:01:03', '2023-02-03 23:01:03'),
(192, NULL, 'PA-16032285', '$2y$10$ZMBut5GN0eHCj4LoPipJd.qm./Km./N2hQQNRXabgWaf3NaFwgoA.', 'Braeden', 'Ledner', 'Wisoky', 'ACT', '2', 'B', '1986-08-23', NULL, 'jGL6cRux4S', '2023-02-03 23:01:03', '2023-02-03 23:01:03'),
(193, NULL, 'PA-17033215', '$2y$10$nmJZADKnt2FMYX2O4NGOVuZpj3O.8Q./koRwq6cQpeYCex5UaMN8y', 'Samson', 'Olson', 'Wisoky', 'ABM', '12', 'D', '2005-04-07', NULL, '69BBxqRp7Z', '2023-02-03 23:01:03', '2023-02-03 23:01:03'),
(194, NULL, 'PA-22031492', '$2y$10$Svt94UWozTdmZ8lTO7N9zeqIWJvm6df2W1d2V2C9Fs3C9UXPlJrM6', 'Carli', 'Kuhlman', 'Wisoky', 'ACT', '2', 'L', '1983-12-23', NULL, 'qYoKbG5GPg', '2023-02-03 23:01:03', '2023-02-03 23:01:03'),
(195, NULL, 'SJ-17043813', '$2y$10$Q.W8CglVLiHngijy6iHLleu0wCi8JxWIm4/Nedub/jrWvJ2nDHuPG', 'Ronaldo', 'Koss', 'Wisoky', 'BSIS', '4', 'P', '1992-06-06', NULL, 'ajTKOL44HC', '2023-02-03 23:01:03', '2023-02-03 23:01:03'),
(196, NULL, 'SR-16071647', '$2y$10$.trRf.GMvEtYSQ96m.SMO.YAPaRdG5AWaopIj1sndDVFU5iagWPhO', 'Sister', 'Lemke', 'Wisoky', 'HRS', '1', 'B', '2013-01-06', NULL, '7xfVMAM2oY', '2023-02-03 23:01:03', '2023-02-03 23:01:03'),
(197, NULL, 'SR-20072380', '$2y$10$L40toLmSNyFCFfUxiGO9Te.ZwooyEd0rsDttH3XN5fiU4sWqqezEa', 'Oswaldo', 'Torphy', 'Wisoky', 'GAS', '11', 'L', '2016-06-20', NULL, 'N83hwurseo', '2023-02-03 23:01:03', '2023-02-03 23:01:03'),
(198, NULL, 'AN-16083340', '$2y$10$o3gAUzZAHp3hRXXUVBiYbuImjra0w.sA28HnFSju2onzv1CMeqVPm', 'Justina', 'Mann', 'Wintheiser', 'BTVTED', '1', 'U', '1977-08-19', NULL, 'mWnqzbfBP7', '2023-02-03 23:01:03', '2023-02-03 23:01:03'),
(199, NULL, 'BO-16060259', '$2y$10$qWPPgY2Gc2//cAcI7j0XzeMj8tTQhXng9rLzUr9IkuBofjtUUxE9q', 'Axel', 'Bechtelar', 'Wintheiser', 'ABM', '11', 'X', '1976-10-24', NULL, 'HXjN1fjUyT', '2023-02-03 23:01:03', '2023-02-03 23:01:03'),
(200, NULL, 'MA-17015875', '$2y$10$BonMf2gVviGTnWR8TpuLludns8UeEUp77WO75JYPMlyh4qT86y1U6', 'Laisha', 'Grimes', 'Wintheiser', 'BTVTED', '3', 'B', '1991-09-23', NULL, 'v2FpJUmE9W', '2023-02-03 23:01:03', '2023-02-03 23:01:03'),
(201, NULL, 'PA-16032117', '$2y$10$b0eJNXpor4fpm44eP712sO02F8EeOd.7pEKEUm6vR5rfYN6l387Em', 'Jaqueline', 'Raynor', 'Wintheiser', 'BSAIS', '2', 'R', '1971-07-19', NULL, 'hCgjwy10f2', '2023-02-03 23:01:03', '2023-02-03 23:01:03'),
(202, NULL, 'PA-16035098', '$2y$10$3QTwxD9jI93DN5vnL598Eu69t2vC9KjnI0vwgDy5W9nW4nF8xYEfC', 'Kieran', 'Crona', 'Wintheiser', 'ABM', '12', 'Z', '2008-09-06', NULL, 'sbRcs06ZkX', '2023-02-03 23:01:03', '2023-02-03 23:01:03'),
(203, NULL, 'PA-17030611', '$2y$10$5pa7LXv2lcZceOj3mmBbPO8dF/xWSM/vGVmqfU9BF6dzAvjGR5cDG', 'Adrian', 'Hermann', 'Wintheiser', 'ACT', '1', 'O', '2014-03-25', NULL, 'kysoTUOoRo', '2023-02-03 23:01:03', '2023-02-03 23:01:03'),
(204, NULL, 'PA-17030934', '$2y$10$.szv9ovXE3g5k/QokctI3e62V/wK51yb839gnQZqNGk4CQIQ..C.O', 'Delmer', 'Williamson', 'Wintheiser', 'ACT', '1', 'N', '2016-11-04', NULL, 'qvfiFak80w', '2023-02-03 23:01:03', '2023-02-03 23:01:03'),
(205, NULL, 'PA-17034788', '$2y$10$bpQNjSlD2p2oWhrEsKUVNuGSc/y9k4K5YqTcyMQdBjCAp4TsIiUye', 'Jordy', 'Morissette', 'Wintheiser', 'ACT', '4', 'N', '2020-07-27', NULL, '7n3hqM85sh', '2023-02-03 23:01:03', '2023-02-03 23:01:03'),
(206, NULL, 'PA-18030540', '$2y$10$W3xMyN5vYbuICBnLB4mh/uDNm418yevB1Jh8STdHekenY4OvN3fLi', 'Danika', 'Kshlerin', 'Wintheiser', 'ACT', '2', 'V', '1991-08-15', NULL, 'QKDbriSo4j', '2023-02-03 23:01:03', '2023-02-03 23:01:03'),
(207, NULL, 'PA-19031417', '$2y$10$NBCLdVeruM5K7ZzSbbyF9uwFKroHGT/r.ZD4ZDNn.2x5qsx1KhHcG', 'Reymundo', 'Grant', 'Wintheiser', 'ABM', '11', 'J', '1982-02-04', NULL, 'tjsp3ovgr0', '2023-02-03 23:01:03', '2023-02-03 23:01:03'),
(208, NULL, 'PA-21032403', '$2y$10$PMY4ueoqzPfuZ5aTBw/dlOLRkBuL/yRrpnod3NGSEePmjCLgsefsa', 'Raleigh', 'Johnston', 'Wintheiser', 'BSIS', '4', 'U', '2001-12-06', NULL, 'JIuYb6cmAD', '2023-02-03 23:01:03', '2023-02-03 23:01:03'),
(209, NULL, 'PA-21033318', '$2y$10$Vd47vVMut3QkB6iuCaAzmuSDuJvT93Ve8q03d15H0Eoq7nGdzKksm', 'Trycia', 'Hilpert', 'Wintheiser', 'ABM', '12', 'W', '1974-07-09', NULL, 'vJyKvac0qQ', '2023-02-03 23:01:03', '2023-02-03 23:01:03'),
(210, NULL, 'SJ-17040276', '$2y$10$qtbPUcYb6zhIE0gGOqv.YufhEqgVNvaIF01Xv/o/7vL0zDBviMQ8e', 'Joaquin', 'Thompson', 'Wintheiser', 'BTVTED', '4', 'C', '1988-12-02', NULL, 'du1Dr9sfmW', '2023-02-03 23:01:03', '2023-02-03 23:01:03'),
(211, NULL, 'SJ-18044766', '$2y$10$BtpodKH4exT/X5Ewii7a3.VzmBpFgUayBNhSbY3O69CQC325Znb6.', 'Al', 'Davis', 'Wintheiser', 'COMSEC', '3', 'Q', '1987-04-11', NULL, 'Mr7cONAyGZ', '2023-02-03 23:01:03', '2023-02-03 23:01:03'),
(212, NULL, 'SJ-22040798', '$2y$10$ElzjgbwXWKptNk5nHEKqme5IjuDMc.LyY.WHn1oDMlH503EMr51M2', 'Jaydon', 'Rath', 'Wintheiser', 'BSAIS', '3', 'O', '1971-04-21', NULL, 'kUPKLqF21E', '2023-02-03 23:01:03', '2023-02-03 23:01:03'),
(213, NULL, 'SM-17054744', '$2y$10$rsDsXag31PQUQ2c6c9jpiOo87iD.9W0ciMosAtgXbmqPPjta/Kk1e', 'Leilani', 'Huel', 'Wintheiser', 'ABM', '12', 'A', '1975-07-08', NULL, 'qRQ8USAMGr', '2023-02-03 23:01:03', '2023-02-03 23:01:03'),
(214, NULL, 'SM-18051700', '$2y$10$c1zPRm8qWW.dIm6h5BFHC.QgJBYiNA29e7tCEsZyb99dMkUyq2qpm', 'Andre', 'Quitzon', 'Wintheiser', 'BSOM', '1', 'Y', '2015-05-18', NULL, 'bsZfAmQGXj', '2023-02-03 23:01:03', '2023-02-03 23:01:03'),
(215, NULL, 'SM-22051159', '$2y$10$xlcPFddvK5NvgY5Bo5aneeP6crfamTXNkOqsoztdKVz5RJWOCpbzu', 'Ross', 'Gorczany', 'Wintheiser', 'HRS', '4', 'A', '1970-10-12', NULL, 'Y8MEa9lvWL', '2023-02-03 23:01:03', '2023-02-03 23:01:03'),
(216, NULL, 'SR-16072216', '$2y$10$syQW8d1QtBC/HOFz6gk37e6QQn84OW6okK42u1crHBzp7gHtYyV0C', 'Antonio', 'Kreiger', 'Wintheiser', 'ABM', '12', 'Q', '1980-02-06', NULL, 'xpvqDIqXQr', '2023-02-03 23:01:03', '2023-02-03 23:01:03'),
(217, NULL, 'BO-17060085', '$2y$10$m7cws6Uu.5EBUVSskR6QD.PhPU7vnZKWLNJBsD.8Eqf1kCMBJ654y', 'Lynn', 'Rutherford', 'Windler', 'BTVTED', '4', 'P', '2010-04-16', NULL, 'obXCg3J2zq', '2023-02-03 23:01:03', '2023-02-03 23:01:03'),
(218, NULL, 'BO-18062291', '$2y$10$XFgAGMPGoCyBops35ow6ZOzD2ZNAJucrUaapNXu70V4WDuirkZ0Qu', 'Rashawn', 'Barrows', 'Windler', 'ACT', '1', 'F', '1978-06-19', NULL, 'H5S6FENnF3', '2023-02-03 23:01:03', '2023-02-03 23:01:03'),
(219, NULL, 'BO-22060593', '$2y$10$QSN1aNhXXu2bxNoRCABUZe4G5EpuaQ9gzzvNi5ghDhj3hkGd3EeJK', 'Alfreda', 'Ledner', 'Windler', 'HRS', '3', 'J', '2020-01-04', NULL, 'ZH0asrdSnL', '2023-02-03 23:01:03', '2023-02-03 23:01:03'),
(220, NULL, 'BO-22060910', '$2y$10$5ppAN4lCzYp/GtipNFYhP.X5/jlBlVytzEG8sGlbUMudiGLqywQa6', 'Bertram', 'Rowe', 'Windler', 'BSIS', '2', 'D', '1994-10-06', NULL, 'S54Pd5OsKe', '2023-02-03 23:01:03', '2023-02-03 23:01:03'),
(221, NULL, 'MA-18010093', '$2y$10$SbgXc3SDDyxbIxL4ctE2reJsNB383Vnl4x1oMmoZD.bceCtA8IBCe', 'Alfreda', 'Gusikowski', 'Windler', 'BTVTED', '1', 'B', '2018-05-17', NULL, 'Xa97JBubsG', '2023-02-03 23:01:03', '2023-02-03 23:01:03'),
(222, NULL, 'MA-19015909', '$2y$10$VcNODmw5JOJwLUYLUUgJ5eNsZewBTp7X4lDz5jHHzcibdlTgp006K', 'Fermin', 'Ziemann', 'Windler', 'BTVTED', '4', 'Y', '1993-01-19', NULL, 'aCaGNtA7fb', '2023-02-03 23:01:03', '2023-02-03 23:01:03'),
(223, NULL, 'OB-16021433', '$2y$10$1TdQxeD.2SIT9mgxnNX4o.v4WmrPdSNHeD6bPxJ7zZCq7AHzK8nlW', 'Adriana', 'Johnson', 'Windler', 'ABM', '12', 'F', '1981-05-30', NULL, 'Q5rA9WoodQ', '2023-02-03 23:01:03', '2023-02-03 23:01:03'),
(224, NULL, 'PA-17031834', '$2y$10$3jPlBDregPMiIZsr2X/Ge.FQy6GxBGF1b7BKzeQHvn9gKjTkKtgfi', 'Estrella', 'Dare', 'Windler', 'ABM', '11', 'Q', '1980-01-13', NULL, 'sdtzw1PY7y', '2023-02-03 23:01:03', '2023-02-03 23:01:03'),
(225, NULL, 'PA-18035101', '$2y$10$KFUSPLNIe6gcwP36zioNjeVwtN2ahqX51Yc.HXDSi694TmhaXUXe2', 'Hattie', 'Purdy', 'Windler', 'GAS', '12', 'E', '1984-08-30', NULL, 'PQV4H2TSnh', '2023-02-03 23:01:03', '2023-02-03 23:01:03'),
(226, NULL, 'PA-22035553', '$2y$10$k6QuNBgCAFDup3SQjX/ZuezuMn3XsaMIjikEI7E9Ys2EbOi8Brrx6', 'Cortez', 'Huel', 'Windler', 'BTVTED', '3', 'A', '1992-06-09', NULL, 'Ogdu976qq9', '2023-02-03 23:01:03', '2023-02-03 23:01:03'),
(227, NULL, 'PA-22035798', '$2y$10$IokIMRaFJf9R8CTm/OALR.2JDdmDpRzhw13WaeBy3TSHIGBhfNGKm', 'Cristina', 'Fahey', 'Windler', 'HRS', '1', 'L', '2004-12-22', NULL, '0Ashh0gUlO', '2023-02-03 23:01:03', '2023-02-03 23:01:03');
INSERT INTO `users` (`userID`, `displayPhoto`, `studentID`, `password`, `firstName`, `middleName`, `lastName`, `program`, `yearLevel`, `section`, `birthDate`, `email`, `remember_token`, `created_at`, `updated_at`) VALUES
(228, NULL, 'SJ-18043380', '$2y$10$dJ8KF9KGsdE3f.8.In3tLOTuy8dR8z367YVOxsmw2QYvwgKXx2S5G', 'Willow', 'Streich', 'Windler', 'ACT', '4', 'O', '2008-03-04', NULL, 'yRmSkSAZEF', '2023-02-03 23:01:03', '2023-02-03 23:01:03'),
(229, NULL, 'SM-20050281', '$2y$10$.Uf7sRTMDI5Hhhyviv3TMOFO0khUcRNhoeA7IsTe8Lbt68jC0BbLe', 'Emerson', 'Schuster', 'Windler', 'COMSEC', '4', 'C', '2005-03-11', NULL, 'SdKP8zuFuM', '2023-02-03 23:01:03', '2023-02-03 23:01:03'),
(230, NULL, 'SM-21055508', '$2y$10$muC9MjY3oo2t1odoz4RY8uhKUCdZNbjcUEjaDS5SR5yZP8DkGOyP2', 'Jeanette', 'Gerlach', 'Windler', 'COMSEC', '1', 'M', '2007-01-18', NULL, 'AqpoFNzPHT', '2023-02-03 23:01:03', '2023-02-03 23:01:03'),
(231, NULL, 'SR-20071420', '$2y$10$XkRW3sgYzggp5dIB.A3LWeH5xjvwNksosz8LWnBcDELXsPvUBRqoS', 'Mohammad', 'Beier', 'Windler', 'GAS', '11', 'C', '2010-04-22', NULL, 'SSw2owe1F9', '2023-02-03 23:01:03', '2023-02-03 23:01:03'),
(232, NULL, 'SR-21075850', '$2y$10$Jp8PBYVDwvrIotFtg3y9e.Y2IdJYnucUWlaGOOOaGVQZFHeySb0Cy', 'Vena', 'Kohler', 'Windler', 'HRS', '4', 'R', '1984-03-17', NULL, 'hwfoUAsiih', '2023-02-03 23:01:03', '2023-02-03 23:01:03'),
(233, NULL, 'SR-22074035', '$2y$10$YmD/iMIl6OBMF426o6oLU.qc0Ny.5dB7yYYgu/ycTteSdB6T45lhu', 'Brionna', 'Wilderman', 'Windler', 'ABM', '11', 'J', '2005-10-14', NULL, 'FFAof6auQ0', '2023-02-03 23:01:03', '2023-02-03 23:01:03'),
(234, NULL, 'AN-20082563', '$2y$10$g/UZsuI3T2HD1.Supku6/.H131LsvrFp9bjOwgJLEqcSgj62zH.Ti', 'Rubye', 'Muller', 'Willms', 'BTVTED', '2', 'R', '1999-02-12', NULL, 'uYCd2xx8pe', '2023-02-03 23:01:03', '2023-02-03 23:01:03'),
(235, NULL, 'AN-22082895', '$2y$10$yEePFBOkBh1uWes5CbJNHOjQKxpoyi6drblecz6Juk8h4tmcNBdaW', 'Herminia', 'O\'Conner', 'Willms', 'BTVTED', '3', 'G', '1972-10-02', NULL, 'G0SOWIZQcX', '2023-02-03 23:01:03', '2023-02-03 23:01:03'),
(236, NULL, 'BO-22065571', '$2y$10$E65svLVz0Y/FFOwSIFH4UujcKOmLkVc/6lZtLTynG2om/hwEAeNT6', 'Lysanne', 'Ratke', 'Willms', 'BSIS', '4', 'O', '1997-09-22', NULL, 'IRp1jyRgWT', '2023-02-03 23:01:03', '2023-02-03 23:01:03'),
(237, NULL, 'PA-22034040', '$2y$10$gw2MbnqXhQYEDVX//8JWkeW2zYMBJ7IAbyiW7f9j1Hzu6FBh5u1J2', 'Marcellus', 'Romaguera', 'Willms', 'GAS', '11', 'P', '2005-10-28', NULL, 'hlQKBZ4Bry', '2023-02-03 23:01:03', '2023-02-03 23:01:03'),
(238, NULL, 'SJ-16042095', '$2y$10$p/5gfk5HhNT382undXQmBeSktpBucTL/3ZZiJKn0N5/gZGNZFbKsy', 'Carmen', 'Schamberger', 'Willms', 'ACT', '1', 'S', '2010-11-17', NULL, 'btOY7iULX0', '2023-02-03 23:01:03', '2023-02-03 23:01:03'),
(239, NULL, 'SJ-18040763', '$2y$10$7/YFQRDEgJ4py.FPfj/gkO4pPDfE2f/JTTkKRl8kTtQheb/Di1q2G', 'Olga', 'Hegmann', 'Willms', 'ABM', '12', 'K', '1987-11-17', NULL, 's0SUFPYyjK', '2023-02-03 23:01:03', '2023-02-03 23:01:03'),
(240, NULL, 'SJ-22041896', '$2y$10$Fo7JHP1YeOKaynG3iaSEQeOUEd5IYzWYOwVv5gsXnQQSB3Eq9/Uq6', 'Horace', 'Bergnaum', 'Willms', 'BSIS', '1', 'E', '1986-02-20', NULL, 'FMGq111vZF', '2023-02-03 23:01:03', '2023-02-03 23:01:03'),
(241, NULL, 'SR-17072980', '$2y$10$02pjtmdvGWlxYg.SJNRcqesmFsO4W2Lfx4fH0QE/aVh3E9JxZARti', 'Allison', 'Steuber', 'Willms', 'BSOM', '4', 'F', '2022-11-29', NULL, '4GPp4L4L3S', '2023-02-03 23:01:03', '2023-02-03 23:01:03'),
(242, NULL, 'SR-21073906', '$2y$10$X2qRspyR5TSVopkG//U62etZ4wRQf5QWGQUIGQSaM0q73ofIxe.MW', 'General', 'Greenfelder', 'Willms', 'BSIS', '3', 'J', '1992-06-23', NULL, 'vyhg3CLCEs', '2023-02-03 23:01:03', '2023-02-03 23:01:03'),
(243, NULL, 'AN-17082436', '$2y$10$mAdiQUrQSfXE6G8o27SVFei57r60atS/xLwNFwMmX5KpgAhUcRU46', 'Mayra', 'Senger', 'Williamson', 'ABM', '12', 'L', '2009-02-26', NULL, 'jiPxKtKQcQ7FprhQy5UcDQXmA6SvNjVuewiQnG1l22ZDvtAY1OZfGj3XM1RA', '2023-02-03 23:01:03', '2023-02-03 23:23:20'),
(244, NULL, 'AN-17083435', '$2y$10$DF/UiFviUmt2iuh4jMCf..bWXl7RyOYRsVQ189xXAQglyj406ZYQ2', 'Lesly', 'McLaughlin', 'Williamson', 'BSIS', '4', 'M', '2014-04-22', NULL, 'PO4LfqDz47', '2023-02-03 23:01:03', '2023-02-03 23:01:03'),
(245, NULL, 'BO-20065628', '$2y$10$eBWxehiYpa3e/HNiRWPzBepoR3CEd9hNIaONrGJ5wNMt2PYPvTsJK', 'Velva', 'Kunze', 'Williamson', 'BSAIS', '2', 'J', '1992-04-27', NULL, 'hzSYkUkKPd', '2023-02-03 23:01:03', '2023-02-03 23:01:03'),
(246, NULL, 'MA-21015988', '$2y$10$u9pGfjf/SJ31GIkZgwDIw.5VoytWJo60YVTl/J98t55tp.0lZg3wm', 'Coy', 'Kutch', 'Williamson', 'BSAIS', '1', 'D', '1985-11-18', NULL, '4oUJB92zYJ', '2023-02-03 23:01:03', '2023-02-03 23:01:03'),
(247, NULL, 'MA-22014941', '$2y$10$KpgYv.4.fcjGSjfI.01UC.ayOZZfqU/GXcZ.xQkwGh7CirtSoDDiq', 'Clotilde', 'Jacobi', 'Williamson', 'ABM', '11', 'U', '1972-06-26', NULL, 'zCJAi3zSVy', '2023-02-03 23:01:03', '2023-02-03 23:01:03'),
(248, NULL, 'OB-21023319', '$2y$10$dlODp0d4B8OSGpryFN5h1O1UKgKjzhx2AFxSqR4F5kNM7wBqul0zW', 'Bud', 'Satterfield', 'Williamson', 'BSAIS', '1', 'M', '2012-12-09', NULL, 'fkid4zFtpz', '2023-02-03 23:01:03', '2023-02-03 23:01:03'),
(249, NULL, 'PA-17035415', '$2y$10$L8sjRu2.jbZjK9M/WSDWI.J0widkiYmt/W7qdiioqpS7KZZ68hNby', 'Fausto', 'Rodriguez', 'Williamson', 'GAS', '11', 'P', '2022-03-04', NULL, 'TmsgZ7wdbD', '2023-02-03 23:01:03', '2023-02-03 23:01:03'),
(250, NULL, 'SM-16054538', '$2y$10$Mymw0MPxg/5y.g0vh8rapezQ6suLb77div59vCVbIssaZJKL/7kCa', 'Yesenia', 'Kiehn', 'Williamson', 'ACT', '4', 'V', '1982-07-07', NULL, 'Z4H6JKx5Sa', '2023-02-03 23:01:03', '2023-02-03 23:01:03'),
(251, NULL, 'SM-20055267', '$2y$10$gIGYpDa3j9k82b/iF1SNQuIeWFgmJDUbEH5QyTtj4BGDlS3yjev6a', 'Lennie', 'Witting', 'Williamson', 'BSOM', '3', 'V', '2022-07-10', NULL, 'zhIIdN7O64', '2023-02-03 23:01:03', '2023-02-03 23:01:03'),
(252, NULL, 'SM-21053973', '$2y$10$pWSS4bUbhkvEOlulWKXr/uMoGSmth884kCRbeVQrjEIrDY/b5YjR6', 'Rowan', 'Mertz', 'Williamson', 'BSOM', '3', 'Y', '1990-02-21', NULL, '0K9uvVvD6z', '2023-02-03 23:01:03', '2023-02-03 23:01:03'),
(253, NULL, 'AN-17084660', '$2y$10$Fi/7bySoG2bT9nrSV6miFePqAHfHhf9cKXknJ4LN5d.B9ip3F3Ok6', 'Jerald', 'Fisher', 'Will', 'HRS', '1', 'K', '2009-08-24', NULL, '66owcRKiSm', '2023-02-03 23:01:03', '2023-02-03 23:01:03'),
(254, NULL, 'BO-18062522', '$2y$10$2.VK0geoutgj12/JLzka/.2eegZjG7PF5qvf7u3XMcSJpanCTSZDC', 'Yessenia', 'Carroll', 'Will', 'BSAIS', '4', 'I', '2004-03-25', NULL, 'sxde3PlH0e', '2023-02-03 23:01:03', '2023-02-03 23:01:03'),
(255, NULL, 'SJ-20040362', '$2y$10$bGEmP8r0rJXjxfMKoMT5IewVym6JaEpy26minN6jBe6jukihlIMIu', 'Unique', 'Brown', 'Will', 'BSIS', '3', 'X', '2008-09-27', NULL, 'F3Ts6apvni', '2023-02-03 23:01:03', '2023-02-03 23:01:03'),
(256, NULL, 'SM-16050137', '$2y$10$.xpy3vlno8O0ZTowr.nCE.kaTBa.SSVIHaAQLFgwAiSwmFKUIcWs2', 'Marilie', 'Hane', 'Will', 'BSIS', '4', 'X', '2017-05-26', NULL, 'OVD8AsJldy', '2023-02-03 23:01:03', '2023-02-03 23:01:03'),
(257, NULL, 'SM-19050963', '$2y$10$xTuoiR3fQUtqmpVbW9SlAuoo6UUAKoV.1jZx22yc2muxjqdR4xw5.', 'Frances', 'Baumbach', 'Will', 'BSOM', '4', 'V', '1980-06-30', NULL, 'sBbNKGFfVX', '2023-02-03 23:01:03', '2023-02-03 23:01:03'),
(258, NULL, 'SR-16071787', '$2y$10$NIiPsE/hW1CwGm6EUfX50uQyPoumfZne3NAKBEnLweKMD9ysDL7VK', 'Sabina', 'Boyer', 'Will', 'BSOM', '3', 'B', '2008-01-12', NULL, 'SyR2f32RKe', '2023-02-03 23:01:03', '2023-02-03 23:01:03'),
(259, NULL, 'SR-17073159', '$2y$10$x2BXGpMNK1zlXjeo/FdjMuLEbAOxdu97YrUGjLyvWabgiJWneoP86', 'Elisha', 'Auer', 'Will', 'HRS', '4', 'I', '1975-02-27', NULL, 'BGp4jbNf39', '2023-02-03 23:01:03', '2023-02-03 23:01:03'),
(260, NULL, 'AN-19085106', '$2y$10$lHJAGwNVu50LX/a18wG5Aujwwdl03K0sjyz0d34OAIlgZ0H1LgvUi', 'Yesenia', 'Kuvalis', 'Wilkinson', 'BTVTED', '2', 'S', '1999-03-19', NULL, '4sPNMRxzJ7', '2023-02-03 23:01:03', '2023-02-03 23:01:03'),
(261, NULL, 'AN-20085912', '$2y$10$Tf52a.p2bB3gXEtBUq68oeVopduYmxVAzjLjTzF5z6Ypsx/nN309S', 'Judge', 'Heidenreich', 'Wilkinson', 'ACT', '2', 'Y', '2017-12-18', NULL, 'qlAEO68cvL', '2023-02-03 23:01:03', '2023-02-03 23:01:03'),
(262, NULL, 'AN-21082311', '$2y$10$8fwG41V6o48E8Kxpd/icBOZWNRVk5mXsdfW6KwnUlmMs5IytS6WaS', 'Monty', 'Weimann', 'Wilkinson', 'GAS', '11', 'Z', '1992-01-17', NULL, 'IoCoHvKeqb', '2023-02-03 23:01:03', '2023-02-03 23:01:03'),
(263, NULL, 'BO-16062819', '$2y$10$xC6kYv8V/q84QE4s/cOSGeE1jkBTNEDFfzsB2BbrauIvjG8IdhqrK', 'Toney', 'Lueilwitz', 'Wilkinson', 'ACT', '3', 'K', '1971-09-29', NULL, 'kj6P52UakD', '2023-02-03 23:01:03', '2023-02-03 23:01:03'),
(264, NULL, 'BO-17062112', '$2y$10$PRVGpSfA61EkjF07RQqNxO9EFJhL1mT0sxOIBqXZ73F1Ni00hCAh2', 'Raymond', 'Lesch', 'Wilkinson', 'ABM', '12', 'F', '1971-12-08', NULL, 'mTNk4r3MOY', '2023-02-03 23:01:03', '2023-02-03 23:01:03'),
(265, NULL, 'BO-20062512', '$2y$10$y6S1c3/S4lNPHY1TAgPR/OLM/bch7dTp45SQFsAL0f936qhFVS.Fi', 'Florida', 'Tillman', 'Wilkinson', 'BSIS', '1', 'Y', '2021-12-22', NULL, '5hxDfTh6Be', '2023-02-03 23:01:03', '2023-02-03 23:01:03'),
(266, NULL, 'MA-20010460', '$2y$10$6SFlqKmK.O7SMrGIPcfRHul/o0BIJYOe4DXBrY0AYHi95.SBozy.i', 'Raul', 'Prosacco', 'Wilkinson', 'COMSEC', '3', 'S', '1992-08-14', NULL, 'GpUwqKrtsv', '2023-02-03 23:01:03', '2023-02-03 23:01:03'),
(267, NULL, 'OB-17023485', '$2y$10$PdISVQyBU8OIJrDHdIOF6.IbUJumhfZXCQeSw52wVi1tz3XZa3EdO', 'Mitchel', 'Littel', 'Wilkinson', 'GAS', '12', 'C', '1970-10-26', NULL, 'SBjMZDnI8Q', '2023-02-03 23:01:03', '2023-02-03 23:01:03'),
(268, NULL, 'OB-18021486', '$2y$10$w6/R3CcX2lv06.WkraCafuNdj/yGUjqP8WepXVGkhBuM35315A9J6', 'Leta', 'Bednar', 'Wilkinson', 'BSOM', '4', 'Q', '2017-11-20', NULL, 'nOhhioWQ7o', '2023-02-03 23:01:03', '2023-02-03 23:01:03'),
(269, NULL, 'OB-22024676', '$2y$10$ZMn9CvsSBJDmvpcekH11Cej31C0H2x.LZ6lu3L7ZSZjBxmkEWenDC', 'Malvina', 'Schiller', 'Wilkinson', 'BSOM', '2', 'N', '2015-11-23', NULL, 'eHqpm4caGg', '2023-02-03 23:01:03', '2023-02-03 23:01:03'),
(270, NULL, 'SJ-19040951', '$2y$10$Snfrl/BRsEC7TezybrUojeY2acr33x9sc6UcnEHcyysruJ8OCwk6S', 'Joanne', 'Kautzer', 'Wilkinson', 'HRS', '4', 'C', '1987-02-14', NULL, 'WkKoGhuRA3', '2023-02-03 23:01:03', '2023-02-03 23:01:03'),
(271, NULL, 'SM-17053949', '$2y$10$6u7Dix8vdb93tRwx7RJOme2eHPw3RQ4mVwVMp7sYPzxonH/DFB9mi', 'Alisa', 'Lynch', 'Wilkinson', 'HRS', '1', 'V', '1994-03-19', NULL, '9xJ459tu6H', '2023-02-03 23:01:03', '2023-02-03 23:01:03'),
(272, NULL, 'SM-20051117', '$2y$10$1fy/WDCA4YzCpwQtQP2hQeIDjL/eSf2DLYT5O0eWCI8vNing/irti', 'Kaitlyn', 'Morar', 'Wilkinson', 'COMSEC', '2', 'Z', '2007-07-20', NULL, 'Bzaw3Tp07h', '2023-02-03 23:01:03', '2023-02-03 23:01:03'),
(273, NULL, 'SR-16075220', '$2y$10$VdwO8mGTh9xfI29YQ0SoneyhalaTbVn45.ibkzAG4e2B3G7seCwmi', 'Edmond', 'Becker', 'Wilkinson', 'HRS', '3', 'Y', '1976-05-29', NULL, 'v7v05zC0YW', '2023-02-03 23:01:03', '2023-02-03 23:01:03'),
(274, NULL, 'SR-18073428', '$2y$10$4W/13bP8Jbw1dL/6fnBsvOVuAMe9Lex/TAVK1VkhWlYNUukOKUX6e', 'Ova', 'Hackett', 'Wilkinson', 'BSOM', '2', 'A', '1992-12-05', NULL, 'tdW4LVW0Op', '2023-02-03 23:01:03', '2023-02-03 23:01:03'),
(275, NULL, 'SR-22072579', '$2y$10$nTRbNz3zdkiUgsQpDEOHX.wqx0Sf5CIt6Y4OMvkA3nFDrzcXkFD8O', 'Kaitlyn', 'Glover', 'Wilkinson', 'BTVTED', '3', 'K', '1997-10-19', NULL, 'UapV5WXrfX', '2023-02-03 23:01:03', '2023-02-03 23:01:03'),
(276, NULL, 'AN-16082949', '$2y$10$KGj9bTbfCvfHm1NJdCYrGeh0sm2tcMoQB/BaaexSvF/tDE0GW0HYe', 'Jessica', 'Kozey', 'Wilderman', 'BTVTED', '4', 'B', '1995-03-30', NULL, 'kDX2NiKdSN', '2023-02-03 23:01:03', '2023-02-03 23:01:03'),
(277, NULL, 'AN-17082908', '$2y$10$/27/2AWDa0DFgfbVQKqymOhdUyRrDUYuaxwA1JvyGgF37dvHoKAdO', 'Baylee', 'Breitenberg', 'Wilderman', 'BTVTED', '3', 'X', '1976-08-25', NULL, 'fh8NZBja1w', '2023-02-03 23:01:03', '2023-02-03 23:01:03'),
(278, NULL, 'AN-18082927', '$2y$10$1DTiYiJ89rgXSzX3qdqi.OmpNYo8zIOxRyvgnpQJ/exhIYqG9sTjG', 'Christian', 'Labadie', 'Wilderman', 'HRS', '4', 'S', '2011-02-27', NULL, 'QxnNhBsaVs', '2023-02-03 23:01:03', '2023-02-03 23:01:03'),
(279, NULL, 'AN-21084046', '$2y$10$HMIBQjnV8Nb/rOfYQuT5NeRXN9.VmANbB3K5JHibHXtq.7V9V3Zu2', 'Noemi', 'Spinka', 'Wilderman', 'HRS', '2', 'I', '2006-06-16', NULL, '2gvsb3PP06', '2023-02-03 23:01:03', '2023-02-03 23:01:03'),
(280, NULL, 'AN-22083886', '$2y$10$P76CrKR5t/LWuURU3drAa.6Y8LLBGuY0fprr.ouIi3/TqESneSSUy', 'Murl', 'Kassulke', 'Wilderman', 'BSAIS', '4', 'A', '1982-12-28', NULL, 'HgdZ9faZ6J', '2023-02-03 23:01:03', '2023-02-03 23:01:03'),
(281, NULL, 'MA-18011535', '$2y$10$ew0GgMVPpDc4IOz2.XbnAO/HIPJE467c4ji3IKEl3gUCSFv3ibKvW', 'Elna', 'Schaden', 'Wilderman', 'BTVTED', '1', 'F', '2004-04-14', NULL, 'mtfyRwxhIA', '2023-02-03 23:01:03', '2023-02-03 23:01:03'),
(282, NULL, 'MA-22010351', '$2y$10$0Cfkt7opbmACqHct3kx7o./4u4MerSEY.ZLLpmAPOQ/V3kTxbd2vG', 'Simeon', 'Renner', 'Wilderman', 'ACT', '3', 'B', '1972-06-14', NULL, 'MUz9lyZU5I', '2023-02-03 23:01:03', '2023-02-03 23:01:03'),
(283, NULL, 'OB-22022330', '$2y$10$8/f1zmtH6tC74q0O.IyNiODA0xD.kfwcEiVMxzb0l5wlBic8IaUqG', 'Keyon', 'Walker', 'Wilderman', 'COMSEC', '3', 'Z', '2018-05-31', NULL, 'pHD4RpjDC1', '2023-02-03 23:01:03', '2023-02-03 23:01:03'),
(284, NULL, 'OB-22023078', '$2y$10$VxNU1iA8fA7ySwD2ArfIB.hh1fl45VCJZxiHP58jkng2OGFS4vMp.', 'Derrick', 'Jacobs', 'Wilderman', 'ABM', '11', 'N', '1995-06-20', NULL, 'AoDQUK04Qx', '2023-02-03 23:01:03', '2023-02-03 23:01:03'),
(285, NULL, 'PA-21034413', '$2y$10$CuA5QDbrAtuEhVPO3GcZXOLqU6wXrs59SVtq8lZHVci/KDfpI9ya.', 'Pearl', 'McKenzie', 'Wilderman', 'ACT', '2', 'B', '1976-07-28', NULL, 'dMjaRz5aVB', '2023-02-03 23:01:03', '2023-02-03 23:01:03'),
(286, NULL, 'SJ-19045367', '$2y$10$RD0Rk6QAwO/.t2saFriOq.7DeZGU/5jxu6GIf5MkQlbsFeNvRXijS', 'Katelynn', 'Christiansen', 'Wilderman', 'COMSEC', '3', 'B', '1987-06-26', NULL, 'sVwI2fA3lC', '2023-02-03 23:01:03', '2023-02-03 23:01:03'),
(287, NULL, 'SJ-22042292', '$2y$10$l9KGNq1xPiHjmnUIhcVpB.9znkcC4Xtvb/KfXyJs2HLonoYDwXOK.', 'Ines', 'Russel', 'Wilderman', 'HRS', '3', 'X', '2003-12-17', NULL, 'xpbcWqJrUf', '2023-02-03 23:01:03', '2023-02-03 23:01:03'),
(288, NULL, 'SM-18052803', '$2y$10$qkLLn7l8dJlM3I9nXgde1e3EmyVZE39cYQw3CpEkSWa9DK.6NEx/q', 'Dylan', 'Kassulke', 'Wilderman', 'ACT', '3', 'Y', '1980-09-01', NULL, 'fosC62rE38', '2023-02-03 23:01:03', '2023-02-03 23:01:03'),
(289, NULL, 'SM-21054860', '$2y$10$0L4jlscb8s.Zv1Ds13yMTumNtqHzZsJrSzgkwSHwfyNZ4bM1VTGEa', 'Elda', 'Leuschke', 'Wilderman', 'ACT', '3', 'Q', '1989-06-07', NULL, 'rhnUOYQtpf', '2023-02-03 23:01:03', '2023-02-03 23:01:03'),
(290, NULL, 'SR-17070663', '$2y$10$RhX2lrz8FLy2w.Bdj0weeuU/pjJosHVqW5pwcEssTTjokqqLE/nkK', 'Prince', 'Orn', 'Wilderman', 'ACT', '4', 'D', '1982-07-19', NULL, 'BoxETIe7Ko', '2023-02-03 23:01:03', '2023-02-03 23:01:03'),
(291, NULL, 'SR-21074430', '$2y$10$3yC0zN2w/xRkVfzMGsJOrOAgvjkzFoxyhmVvQjgyRqLuh4gzhBnNi', 'Kaylah', 'Nikolaus', 'Wilderman', 'BSAIS', '4', 'E', '2022-08-23', NULL, 'dRt6Rw8wCh', '2023-02-03 23:01:03', '2023-02-03 23:01:03'),
(292, NULL, 'AN-19081047', '$2y$10$yQHaOh7IeK6zihk635mqU.Y4ovtoXgyH3KplbhYTJhZRNlO/luDzy', 'Ari', 'Rippin', 'Wiegand', 'BSOM', '3', 'L', '2016-11-22', NULL, 'gjolpDwFgg', '2023-02-03 23:01:03', '2023-02-03 23:01:03'),
(293, NULL, 'AN-21085453', '$2y$10$v3JoeRuNqAdjSHhdHV3jP.SmThUCHJ76PbXtJfSQSS6USG8DZ7g4W', 'Gavin', 'Mitchell', 'Wiegand', 'BSIS', '3', 'F', '2013-10-13', NULL, 'bHTmEtDLPs', '2023-02-03 23:01:03', '2023-02-03 23:01:03'),
(294, NULL, 'MA-16010428', '$2y$10$aWtVnyy54ZaTUwHLd1ZtNe2GWFu0bzdFb.cxs2WY9K1bzH3lMvEXq', 'Jannie', 'Bergstrom', 'Wiegand', 'BSIS', '3', 'K', '2002-05-18', NULL, 'CcHxUyJb4L', '2023-02-03 23:01:03', '2023-02-03 23:01:03'),
(295, NULL, 'OB-17021867', '$2y$10$D/AkV1RwaCiQqKafc/otN.kBs.BHwNzosanabi4J.yVjYz/oczY0C', 'Layne', 'Grimes', 'Wiegand', 'BSAIS', '4', 'D', '1974-05-03', NULL, '2pgDUZhRTr', '2023-02-03 23:01:03', '2023-02-03 23:01:03'),
(296, NULL, 'OB-21022687', '$2y$10$6W8VnEDKtfG6VmH/RhfHyOX22v0TEcGWuVqJ8DUWES8MiNAw83b9O', 'Calista', 'Cartwright', 'Wiegand', 'BSIS', '2', 'T', '2005-07-13', NULL, 'YbXlnEkO8r', '2023-02-03 23:01:03', '2023-02-03 23:01:03'),
(297, NULL, 'PA-20034364', '$2y$10$IYosVMhXcpHw9ymstrV.MOV3V39aBoT/T6F2jb0XDrbvEWs4HzBPm', 'Georgianna', 'Olson', 'Wiegand', 'GAS', '12', 'R', '1981-04-22', NULL, 'dTm79EVqmY', '2023-02-03 23:01:03', '2023-02-03 23:01:03'),
(298, NULL, 'PA-20035619', '$2y$10$CYr9dVeRRVPa7dkt8JSM3uJxmP425xkMhhU2vvpB3/XWv39dDpQse', 'Earlene', 'Cassin', 'Wiegand', 'BSAIS', '1', 'Y', '2019-11-22', NULL, 'pUOXQ49vNU', '2023-02-03 23:01:03', '2023-02-03 23:01:03'),
(299, NULL, 'SJ-18045026', '$2y$10$3ELMktNJ8790H7IS21OA4eWpJJ2y3qU/sUNloW1.uzBsPUBf.4SmS', 'Steve', 'Crooks', 'Wiegand', 'GAS', '12', 'M', '1993-03-06', NULL, 'TvxztCmHoJ', '2023-02-03 23:01:03', '2023-02-03 23:01:03'),
(300, NULL, 'SJ-22043945', '$2y$10$L4xNoPRwsxfzxfvA2yXToeQ8lzJM1jn5Fn4oIbafU99B68u7KMbDW', 'Mandy', 'Mraz', 'Wiegand', 'ACT', '4', 'M', '2019-03-08', NULL, 'lsJsaPWJm7', '2023-02-03 23:01:03', '2023-02-03 23:01:03'),
(301, NULL, 'SM-17055820', '$2y$10$SBfHJs33EDx2btTr6N/8aupuheDWqscfza65jPu9mSh3n2gHelHVq', 'Eino', 'Kuhn', 'Wiegand', 'BTVTED', '2', 'D', '2014-09-28', NULL, 'RfDwsVh379', '2023-02-03 23:01:03', '2023-02-03 23:01:03'),
(302, NULL, 'SM-20050388', '$2y$10$eKp9oqqTqbeUbhNsRoYQleiBSaTOYCBT6R4hYkBwrE1k4G0iS04hO', 'Granville', 'Ondricka', 'Wiegand', 'BSAIS', '4', 'W', '1992-04-24', NULL, '5bTdFRwJ0j', '2023-02-03 23:01:03', '2023-02-03 23:01:03'),
(303, NULL, 'SR-17072713', '$2y$10$L5h2IAzCar7E2d3D73qnUuf6QNugzCyDejVIRaKBv2HSneAO8OnmC', 'Lilyan', 'Mohr', 'Wiegand', 'HRS', '2', 'T', '1977-01-18', NULL, 'vASsktcJ4B', '2023-02-03 23:01:03', '2023-02-03 23:01:03'),
(304, NULL, 'SR-18071063', '$2y$10$8uuPf9Ri9SX4Bb2IrB4T/uQ4E08vd/zy1UmQ3uO10lJor/coYJvEK', 'Darrick', 'Batz', 'Wiegand', 'BSOM', '4', 'K', '1997-12-30', NULL, 'LM43qhemk9', '2023-02-03 23:01:03', '2023-02-03 23:01:03'),
(305, NULL, 'SR-22075817', '$2y$10$8ewQ4cnrR1ZMxIeeO4RsoOCwV0eMAW7L5KrxQzUc8N5/yigqodfRC', 'Karli', 'Schinner', 'Wiegand', 'COMSEC', '2', 'R', '1976-11-18', NULL, 'SZls6mjeOe', '2023-02-03 23:01:03', '2023-02-03 23:01:03'),
(306, NULL, 'AN-21081881', '$2y$10$pGvlv0H7OREcptkYGFPDo.s9.cmYt/HLlhKT5q1rDdNBfGZmlzTki', 'Aubrey', 'Corkery', 'White', 'BTVTED', '2', 'G', '2003-08-31', NULL, 'd4yo4rjMCx', '2023-02-03 23:01:03', '2023-02-03 23:01:03'),
(307, NULL, 'AN-22083408', '$2y$10$YAXNEkT7kiC9xnQAe.YgsOXQI8GjrRXB3moC7uS0BDxR4CuYmN0z2', 'Neal', 'O\'Keefe', 'White', 'HRS', '3', 'T', '2010-09-18', NULL, '8Hyqw8DyT3', '2023-02-03 23:01:03', '2023-02-03 23:01:03'),
(308, NULL, 'BO-19060573', '$2y$10$cJdrQ0ms71xIpDlnOQ0qAuFjRf/d5Q/HlsH4SkBpugEVZ3Ta3Sx1O', 'Elmore', 'Waters', 'White', 'ABM', '11', 'D', '1978-01-14', NULL, '1ix9BxS1yP', '2023-02-03 23:01:03', '2023-02-03 23:01:03'),
(309, NULL, 'MA-17011087', '$2y$10$jX4HSdOUChpv.Ra.uY2gSeBSdaY50XuAYCrktk7eLDoy57pdPgBgC', 'Anjali', 'Kemmer', 'White', 'HRS', '1', 'Q', '1971-11-21', NULL, 'Zb2wurYAAC', '2023-02-03 23:01:03', '2023-02-03 23:01:03'),
(310, NULL, 'MA-19011348', '$2y$10$WuBzJsfhPa4uhvEMvG/Nee0Oe/hCHIKyRyBOnlUYE6i/GRW/Lcr5m', 'Merle', 'Sipes', 'White', 'HRS', '2', 'A', '2014-08-05', NULL, 'wMcVqHWOyv', '2023-02-03 23:01:03', '2023-02-03 23:01:03'),
(311, NULL, 'MA-19011400', '$2y$10$jEyDjzzAYK/DVdPLqSOEaO9lIfupkuFgH2nsNhQpU816VF2ahL4Ga', 'Hiram', 'Wolf', 'White', 'ABM', '11', 'H', '2005-01-12', NULL, '987PAnGb5r', '2023-02-03 23:01:03', '2023-02-03 23:01:03'),
(312, NULL, 'MA-20010445', '$2y$10$ZicCwAfObP1MH19KmuYlsu8OlG1TCE8tEagON/UtwKBp2VwJGz3t6', 'Lupe', 'Donnelly', 'White', 'BSIS', '1', 'R', '1992-04-22', NULL, '9aG3VhdSLh', '2023-02-03 23:01:03', '2023-02-03 23:01:03'),
(313, NULL, 'MA-21013433', '$2y$10$FkUnH4t7.bBsya6i3b7mWO3u6CEPkeEjRgNB8dT7QpF7H6uWby1wa', 'Casimer', 'Huels', 'White', 'BTVTED', '2', 'A', '2005-10-24', NULL, 'QIeuudGBAx', '2023-02-03 23:01:03', '2023-02-03 23:01:03'),
(314, NULL, 'OB-17023558', '$2y$10$uBrRhmRx5oQb1pNJSq3Mlu2o7Cj/hb7FxFjFGZPO0HbQabtHBFdb.', 'Rhianna', 'Witting', 'White', 'ACT', '4', 'J', '1971-12-02', NULL, 'psBk324wXW', '2023-02-03 23:01:03', '2023-02-03 23:01:03'),
(315, NULL, 'PA-19030644', '$2y$10$lgcgiQQNvR4lB.rz/kgEteQkZdpkRR7v8gFBi1sSVDW2apzioW5ca', 'Sonny', 'Kunze', 'White', 'BSIS', '3', 'U', '1982-10-01', NULL, 'ssWhr0tFCr', '2023-02-03 23:01:03', '2023-02-03 23:01:03'),
(316, NULL, 'SJ-17044789', '$2y$10$AiF8y/xDsQDHa/00/JKy1.h9RElcecZJXZe3Kw8If.R7vWFvIBXCq', 'Joannie', 'Tillman', 'White', 'BSAIS', '1', 'E', '2011-07-02', NULL, 'nFoDbT4Fxu', '2023-02-03 23:01:03', '2023-02-03 23:01:03'),
(317, NULL, 'SJ-18045693', '$2y$10$9rBpy3hkVHp2tdafXkJOgOZ86QwE2CRJfoby9q2Ld95IYv.IEAbFm', 'Delta', 'Carroll', 'White', 'COMSEC', '1', 'X', '1986-08-05', NULL, 'M3Tuqi1m7T', '2023-02-03 23:01:03', '2023-02-03 23:01:03'),
(318, NULL, 'SJ-20044009', '$2y$10$Rx1katYmpvlzQwx5T7WPbOw2EkiZLAQT5NuKiib.6zhqfYHbNwhIm', 'Samara', 'Tromp', 'White', 'COMSEC', '4', 'V', '2019-10-27', NULL, 'ZguOVN2x6Z', '2023-02-03 23:01:03', '2023-02-03 23:01:03'),
(319, NULL, 'SR-20071114', '$2y$10$hZIcj92HlxX1bkqBjbABj.YrtMeUTt8uYfmfHDbkAhwoP.XqLqYCe', 'Solon', 'Johnson', 'White', 'BSOM', '3', 'S', '2015-08-15', NULL, '1bnrY8vL4z', '2023-02-03 23:01:03', '2023-02-03 23:01:03'),
(320, NULL, 'SR-20073802', '$2y$10$yNXzmLCEtYfZQKTfSw6.zegcnT8kudULNTse0PRAk5wE8tJe1W4CO', 'Mckenna', 'Trantow', 'White', 'HRS', '4', 'D', '2018-03-30', NULL, '9uqt6aXh0j', '2023-02-03 23:01:03', '2023-02-03 23:01:03'),
(321, NULL, 'AN-18081067', '$2y$10$rKQ7OLxZoVjNrDJAnl0.QunbKEup5Y.s2Vwd0l7yj2tg28OLHDx6u', 'Columbus', 'Harvey', 'West', 'HRS', '3', 'H', '1993-10-30', NULL, 'iwkPZODm9J', '2023-02-03 23:01:03', '2023-02-03 23:01:03'),
(322, NULL, 'AN-18084931', '$2y$10$3LzPNle6NQMvRULm3bZjCelXpGLcVY3JANIpB8BdqtlzaR8AhjITm', 'Leo', 'Lebsack', 'West', 'HRS', '4', 'X', '2006-10-20', NULL, 'Gndb3Xfba4', '2023-02-03 23:01:03', '2023-02-03 23:01:03'),
(323, NULL, 'OB-16023293', '$2y$10$q3cYpIoARnSvlGH.3u0ukeZ1iUIczNkjc.nAVf52xy34YYao.grc2', 'Spencer', 'Crona', 'West', 'ACT', '3', 'U', '2017-10-20', NULL, 'vKs20V0ub5', '2023-02-03 23:01:03', '2023-02-03 23:01:03'),
(324, NULL, 'OB-16023779', '$2y$10$t5wNculCLcsvgH90nrx0vei5qj4J9WhwpJrFU4f8L/9A3L.w1dnHu', 'Nathen', 'Turner', 'West', 'HRS', '1', 'Q', '1985-02-28', NULL, 'gBbbi9mDSM', '2023-02-03 23:01:03', '2023-02-03 23:01:03'),
(325, NULL, 'OB-21025331', '$2y$10$MZWcNo6IZnE83ng0/9ko5OE1/qrrigJZtBamLPBnLZ58V.NAnZNWy', 'Elody', 'Murray', 'West', 'HRS', '4', 'X', '1978-05-10', NULL, 'luzBXM9Tdo', '2023-02-03 23:01:03', '2023-02-03 23:01:03'),
(326, NULL, 'OB-22020438', '$2y$10$RH3q6N2FORfIDlL5q9Cd6e0s2s6SmQMTaLC9VplRRb5wDIzYvMG0S', 'Brycen', 'Metz', 'West', 'ACT', '2', 'S', '2020-12-23', NULL, 'yk4K9vwEmJ', '2023-02-03 23:01:03', '2023-02-03 23:01:03'),
(327, NULL, 'PA-17031682', '$2y$10$fkld.eYzBs/Dx0nNHs7V2.Wuc4yXuM.ZkXnhMk4zdX5Ng7RwnJGF6', 'Dee', 'Buckridge', 'West', 'BTVTED', '4', 'X', '1985-04-14', NULL, 'AHF4chQjTb', '2023-02-03 23:01:03', '2023-02-03 23:01:03'),
(328, NULL, 'PA-18032286', '$2y$10$hgr820oQVZFbSIvDCmYQv.xoSNbF3Cps3ydlGUp/lSCc0EzbCK6Ja', 'Ransom', 'McLaughlin', 'West', 'ABM', '12', 'S', '1981-12-10', NULL, 'QozteyDhJ4', '2023-02-03 23:01:03', '2023-02-03 23:01:03'),
(329, NULL, 'SR-21071981', '$2y$10$1qmkBRTEqpF9hmkslrdHou5MeCaz67fLvtKy7klLJFPursCIS6s9G', 'Lonzo', 'Marvin', 'West', 'ACT', '4', 'B', '1999-06-20', NULL, '9jg4CB8OYW', '2023-02-03 23:01:03', '2023-02-03 23:01:03'),
(330, NULL, 'SR-21072014', '$2y$10$/Wy.4U7KCjGtF6ETckemmerws0TBSS7zNWCuEL5HHPyPccYIEipyi', 'Verner', 'Adams', 'West', 'GAS', '12', 'I', '1989-06-01', NULL, 'aFqBdhmNwA', '2023-02-03 23:01:03', '2023-02-03 23:01:03'),
(331, NULL, 'SR-22074798', '$2y$10$ZaAQdaBI1ELzou/XLnCzAuw9ZHClaWwQ0fY7bZaoltflMXVv3/IEa', 'Tamia', 'Flatley', 'West', 'BSAIS', '2', 'T', '2013-10-30', NULL, '5RBx4wKyrm', '2023-02-03 23:01:03', '2023-02-03 23:01:03'),
(332, NULL, 'AN-17084476', '$2y$10$4tRAqhD2t92AbErlRbvd..0Pwssfx65HC4pEnllsnzkeZpvLjPgvG', 'Tod', 'Mraz', 'Welch', 'BTVTED', '2', 'R', '2003-02-23', NULL, 'wV1i7JuEkR', '2023-02-03 23:01:03', '2023-02-03 23:01:03'),
(333, NULL, 'AN-21083453', '$2y$10$dAP4X6gCFCewAewCuFSZBOJjcEd/gknYSAuXjVQvsI/BMLgWuxl1.', 'Dedrick', 'Schiller', 'Welch', 'ACT', '4', 'J', '2014-01-26', NULL, 'SShvYL77VQ', '2023-02-03 23:01:03', '2023-02-03 23:01:03'),
(334, NULL, 'BO-19060840', '$2y$10$jLB6OkwcUDn2TeRloih12OYtiBviW8bFG2l41C1LzjpRUkaHfM5Wi', 'Davon', 'Schmidt', 'Welch', 'ACT', '1', 'L', '2012-12-08', NULL, 'MNvzoeHnQ3', '2023-02-03 23:01:03', '2023-02-03 23:01:03'),
(335, NULL, 'MA-21013339', '$2y$10$UVFfTJLa9cKQmpCGpB/teOSby3PLGNtRj1m4vP4u04KGnsluRjF3i', 'Alex', 'Kshlerin', 'Welch', 'ABM', '12', 'O', '2012-02-23', NULL, '0x2RGWIbNE', '2023-02-03 23:01:03', '2023-02-03 23:01:03'),
(336, NULL, 'OB-16022552', '$2y$10$/IF1ptPnR.Pz/aEfFPyjUOw9zTFbMD6IC2A0fjWumQ5JvcVRz4oZK', 'Parker', 'Dach', 'Welch', 'GAS', '12', 'U', '2012-12-28', NULL, 'fkYk1DkfAK', '2023-02-03 23:01:03', '2023-02-03 23:01:03'),
(337, NULL, 'OB-20024195', '$2y$10$R9tVOohgFYt2ty1eiY.k4eQmzvCySddhmqx3wzDGwGUC/Wl3G0.B.', 'Carlo', 'Kuphal', 'Welch', 'ABM', '11', 'K', '2004-09-03', NULL, 'mQVLfO4V4g', '2023-02-03 23:01:03', '2023-02-03 23:01:03'),
(338, NULL, 'PA-19034844', '$2y$10$7B9wmaqS6j8NgNBt2JnDR.HrI5L8o7WroCQ5liII9iMlQCLQqtHES', 'Carmella', 'Littel', 'Welch', 'BSAIS', '3', 'F', '1992-09-26', NULL, 'uCLaZHcT4F', '2023-02-03 23:01:03', '2023-02-03 23:01:03'),
(339, NULL, 'PA-21033016', '$2y$10$GdHxKLTKoKmEeZ1lJbwy5udouhTiyFY5pn4SsAvhOm2itjf5qmfGm', 'Tatum', 'Boyle', 'Welch', 'BTVTED', '4', 'G', '1991-06-19', NULL, 'XpXpUwyIcq', '2023-02-03 23:01:03', '2023-02-03 23:01:03'),
(340, NULL, 'SJ-16045214', '$2y$10$SnmmDeLedCMsAsBnEze3XeR/HvJXfVENLVbgOStVw6e8OPVut0U52', 'Kenyon', 'Abbott', 'Welch', 'BSIS', '4', 'R', '1981-03-20', NULL, 'FDhePYwQfr', '2023-02-03 23:01:03', '2023-02-03 23:01:03'),
(341, NULL, 'SM-22054137', '$2y$10$X3.f0QB3MsQakisvVFeEp.4N.m6QDCMKuq7t0jEcHjIgw/DJamMI6', 'Anya', 'Hettinger', 'Welch', 'BSOM', '4', 'B', '2021-12-26', NULL, 'JSlhn4gUJD', '2023-02-03 23:01:03', '2023-02-03 23:01:03'),
(342, NULL, 'SR-19074171', '$2y$10$VGGYhjTcSGEFAtxcilDTKeIoDeWgB3yFgHsVG7Rkg0krrHrH4X.sm', 'Eunice', 'Kerluke', 'Welch', 'COMSEC', '3', 'H', '1998-05-17', NULL, 'VVCTfZlW96', '2023-02-03 23:01:03', '2023-02-03 23:01:03'),
(343, NULL, 'SR-20075536', '$2y$10$HVp9JnWiyV6kjKbWJ4WUCeKgGzIB24VTyy3ZUxR9G5eFLvWuNt.YK', 'Sage', 'Schamberger', 'Welch', 'BSOM', '3', 'Q', '1995-06-15', NULL, 'gfSNq2n221', '2023-02-03 23:01:03', '2023-02-03 23:01:03'),
(344, NULL, 'SR-21075953', '$2y$10$vZgNXqG6knJXnX.CSUocPuu94EVsLsWkiGPxvdmbu8Ymr/3UIVY7G', 'Rod', 'Bayer', 'Welch', 'GAS', '11', 'X', '1978-09-21', NULL, 'IZcVluMCkt', '2023-02-03 23:01:03', '2023-02-03 23:01:03'),
(345, NULL, 'AN-20082788', '$2y$10$qsbJwrPjAddqReOut02cuutj6OFhB8SMV.awiyiBn1oYVbl.079La', 'Gracie', 'Koelpin', 'Weissnat', 'BSIS', '2', 'U', '2022-02-11', NULL, 'zp0ZMv633M', '2023-02-03 23:01:03', '2023-02-03 23:01:03'),
(346, NULL, 'BO-16062741', '$2y$10$47g4nTQJ8L84l5nsMpyOAOuTOFSbak2S9Yhi5px0xl6.21tsCvSQO', 'Dino', 'Armstrong', 'Weissnat', 'BSAIS', '2', 'Q', '1995-05-13', NULL, 'CdZkCYTnOU', '2023-02-03 23:01:03', '2023-02-03 23:01:03'),
(347, NULL, 'BO-17065498', '$2y$10$jW7XEmEtETipk1aFGftLmuoFiZt.jhud7vk5eTSms81iaY5RI1xIC', 'Wava', 'Kuhlman', 'Weissnat', 'BSAIS', '3', 'P', '1995-03-22', NULL, 'DgmAPIpCM3', '2023-02-03 23:01:03', '2023-02-03 23:01:03'),
(348, NULL, 'MA-22011409', '$2y$10$rjwUMDXiRJVUr725RXMca.mUspet.M0XBFKRxOIeYd.Ax1K0qTFHq', 'Julie', 'Champlin', 'Weissnat', 'BTVTED', '2', 'S', '2007-02-19', NULL, 'SFWwLmUCa8', '2023-02-03 23:01:03', '2023-02-03 23:01:03'),
(349, NULL, 'MA-22014039', '$2y$10$mV2NlxwAjVQhN/JUdfMAwOz1rZ0ghrYyaSUFq4HxUG/g6GrzoxDYW', 'Amelie', 'Herman', 'Weissnat', 'BTVTED', '4', 'E', '1995-02-01', NULL, 'X9xI8SY1t1', '2023-02-03 23:01:03', '2023-02-03 23:01:03'),
(350, NULL, 'OB-18021809', '$2y$10$AJNmJSpy9fXXT3QBhlInP.zggmIajnHliQUUPrqedkX66HjlJ9CQm', 'Manley', 'Brown', 'Weissnat', 'HRS', '4', 'Z', '2019-06-08', NULL, 'ku2DME0gLN', '2023-02-03 23:01:03', '2023-02-03 23:01:03'),
(351, NULL, 'OB-21022772', '$2y$10$..2lnRnYWgZaliA6vzYhyO5N3BJopLLqbl3.FW9JCaaRsg5Xuuuiu', 'Jesus', 'Muller', 'Weissnat', 'BSIS', '1', 'H', '2014-12-09', NULL, 'o1NLuyete3', '2023-02-03 23:01:03', '2023-02-03 23:01:03'),
(352, NULL, 'OB-22021761', '$2y$10$oU9faFF46ieQZv2SYIWmAeGUh7cuh.OBaYEQ.ndAFpHM5VfPpSh.C', 'Hyman', 'Kuhlman', 'Weissnat', 'BSIS', '2', 'C', '1988-03-04', NULL, '0MTO4oRvya', '2023-02-03 23:01:03', '2023-02-03 23:01:03'),
(353, NULL, 'SJ-22043153', '$2y$10$oWl1JZIjgKCiTMckqBtCG.Gu4/u7Pgj18DW3jrk82ee0kkp3F9LR2', 'Odessa', 'Gusikowski', 'Weissnat', 'HRS', '1', 'Y', '2020-09-21', NULL, 'SccZfqE4rD', '2023-02-03 23:01:03', '2023-02-03 23:01:03'),
(354, NULL, 'SM-21052560', '$2y$10$DPMKeo/mCeRpyohXzLgxieUm4B5x9SFa/UIGKQL.Vcll/uQA3YAPG', 'Lydia', 'Metz', 'Weissnat', 'BSAIS', '2', 'G', '2006-03-30', NULL, 'DGVH4xWxxW', '2023-02-03 23:01:03', '2023-02-03 23:01:03'),
(355, NULL, 'SR-20072941', '$2y$10$uRS7D/mOw.fgzwklWkRn7.epDjpVGeNHYI24lVuKzIvOKhOzmgGha', 'Darrell', 'Jones', 'Weissnat', 'HRS', '3', 'X', '1999-07-15', NULL, 'brqpQGEBLu', '2023-02-03 23:01:03', '2023-02-03 23:01:03'),
(356, NULL, 'SR-20075269', '$2y$10$9ogW7hvQDWwS2OkLwtR/iOwq75ZrPyaL4cPP8totI6sfSvotYE8WG', 'Bell', 'Cormier', 'Weissnat', 'BSIS', '1', 'O', '2001-12-29', NULL, 'vgSsUHAaFX', '2023-02-03 23:01:03', '2023-02-03 23:01:03'),
(357, NULL, 'SR-21071697', '$2y$10$NIHrI6RQ/Fmcc/9nrcsBr.5KFgfWuT768NjxNEYQ66nPPoaIEo9NG', 'Roman', 'D\'Amore', 'Weissnat', 'ACT', '1', 'K', '2017-03-08', NULL, '994Xc5vmkf', '2023-02-03 23:01:03', '2023-02-03 23:01:03'),
(358, NULL, 'AN-17082719', '$2y$10$JoQWjOq/CxGebZQ7nLrmWuULZmoUed98VSzedq0992qNBmhqrjPzq', 'Hailey', 'Kessler', 'Weimann', 'BSAIS', '3', 'H', '2011-09-02', NULL, 'KNFcoFfxKZ', '2023-02-03 23:01:03', '2023-02-03 23:01:03'),
(359, NULL, 'AN-22083119', '$2y$10$FTX8r7eXwOobrqsLkQBh6.gf8ZFBoOvyvvPZVIVk6dKCJLXyV1Xvi', 'Angelita', 'Sanford', 'Weimann', 'GAS', '11', 'U', '1987-04-09', NULL, '3jlEl8Rwm1', '2023-02-03 23:01:03', '2023-02-03 23:01:03'),
(360, NULL, 'BO-20060454', '$2y$10$TTBjLn/ZgUhnEWUB0HOCFuSNoDZFQWTpJ9IbI1BW0tKPtjX8xkovK', 'Jess', 'Frami', 'Weimann', 'ACT', '4', 'K', '2010-05-30', NULL, 'dbWbdThrMT', '2023-02-03 23:01:03', '2023-02-03 23:01:03'),
(361, NULL, 'MA-18010502', '$2y$10$Wyggof67ccfO9wLBU1PJ9.FOYbcyuCAqo9pKJNkndciHuQeq4j2oq', 'Abdul', 'O\'Kon', 'Weimann', 'COMSEC', '3', 'B', '1981-07-20', NULL, 'LTEKYgI8kB', '2023-02-03 23:01:03', '2023-02-03 23:01:03'),
(362, NULL, 'MA-21013406', '$2y$10$NcJGnhedl0uoaqY4T8TA9OSfcnP.v.KWHnL8xIHmU5lO33zaP2MD6', 'Lonie', 'Thiel', 'Weimann', 'ABM', '12', 'C', '2018-05-22', NULL, '2D2XIem9pU', '2023-02-03 23:01:03', '2023-02-03 23:01:03'),
(363, NULL, 'OB-18025951', '$2y$10$WQfCQkh4uRE1KJaTFHQc2uX2mgSW1oJIs5Ip97y/hDOWbASJR9.sy', 'Erick', 'Price', 'Weimann', 'BSAIS', '3', 'L', '1987-01-26', NULL, 'IxVgcD81EX', '2023-02-03 23:01:03', '2023-02-03 23:01:03'),
(364, NULL, 'OB-21021549', '$2y$10$B0BCNqiXIBQa7vrSlyKPV.WQtPcCtiTyeZjgG2iNgkv5qvFHn0Dqq', 'Vern', 'Simonis', 'Weimann', 'HRS', '2', 'J', '1996-12-17', NULL, 'VuxeDIrwbV', '2023-02-03 23:01:03', '2023-02-03 23:01:03'),
(365, NULL, 'PA-21031602', '$2y$10$9BwdjS9BO.1nZO7ZZn9UHuu3Ece4kwZPlARHbX6aXdkdsLOP8R4CK', 'Otilia', 'Koepp', 'Weimann', 'HRS', '2', 'I', '1992-04-16', NULL, 'fzxKHsjEvt', '2023-02-03 23:01:03', '2023-02-03 23:01:03'),
(366, NULL, 'PA-21033618', '$2y$10$3GaU/9dYPp7OKnxAOm/3Fe7IOFfGlKNfq54Uc6uXaNLtYl6Bqs5CK', 'Justen', 'Denesik', 'Weimann', 'BSAIS', '1', 'Z', '1989-04-15', NULL, 'wLqUClG7Uj', '2023-02-03 23:01:03', '2023-02-03 23:01:03'),
(367, NULL, 'SJ-16043885', '$2y$10$YL5k66rg1LY0Rf9tx5X8kei90tCjhxPrfhR16qngK4njWkgZ1iPk2', 'Nelda', 'Zemlak', 'Weimann', 'BSAIS', '2', 'D', '2002-07-16', NULL, 'wBsDlzkA5Y', '2023-02-03 23:01:03', '2023-02-03 23:01:03'),
(368, NULL, 'SJ-19043193', '$2y$10$l7KMb1IJvHwyovxeYmgzfeu0XZeKrhdZZ.waT3sm.l82yas.mlWYa', 'Cruz', 'Morar', 'Weimann', 'HRS', '4', 'C', '1977-06-08', NULL, 'oJVQaiZIvZ', '2023-02-03 23:01:03', '2023-02-03 23:01:03'),
(369, NULL, 'SJ-22044934', '$2y$10$nSdICMPoKtfzgburnE9tr.CR2MJg8OAWzpDT8/7FmKLsZ0Y14xqHC', 'Laury', 'Treutel', 'Weimann', 'BSOM', '1', 'X', '2011-06-12', NULL, '6jWnb9wnOg', '2023-02-03 23:01:03', '2023-02-03 23:01:03'),
(370, NULL, 'SM-21050376', '$2y$10$T6pulQdXEByQg/sjR/s3H.HWva4d5v4OssAIhjDkeZNfKC4Yba.z.', 'Brian', 'Yost', 'Weimann', 'BTVTED', '1', 'X', '2022-07-06', NULL, 'Kjkfo6tQcE', '2023-02-03 23:01:03', '2023-02-03 23:01:03'),
(371, NULL, 'AN-19080773', '$2y$10$DiqlgmpYJlNzuWTCZCUmteGgUdxi18djCqzT.aCcPGbafiUibZVPq', 'Bette', 'Mraz', 'Wehner', 'HRS', '4', 'S', '1976-03-20', NULL, 'CDEQh9t2zF', '2023-02-03 23:01:03', '2023-02-03 23:01:03'),
(372, NULL, 'BO-17061499', '$2y$10$qmN6eExTE.cJasGj6yyr/OfidKa2HOQTj6y01ywQdh/bt3/Wq0yqu', 'Skyla', 'Krajcik', 'Wehner', 'BTVTED', '3', 'Q', '1996-05-08', NULL, 'oT5dkQIopg', '2023-02-03 23:01:03', '2023-02-03 23:01:03'),
(373, NULL, 'BO-21064920', '$2y$10$2qput3BfM3c0b/t/Cnl29e0XwuvHQEcqnu3ogtiZLLY0eo4OUYb/W', 'Pattie', 'Osinski', 'Wehner', 'ACT', '4', 'K', '2014-05-05', NULL, 'zrlbBqIAip', '2023-02-03 23:01:03', '2023-02-03 23:01:03'),
(374, NULL, 'MA-18010180', '$2y$10$qyQXYlJGOVbnDsDFd.ZpuO/8xd1bDfmNltO3CIHynagdS7/vXI2p.', 'Vance', 'Trantow', 'Wehner', 'BSAIS', '2', 'N', '2021-04-05', NULL, 'TMur3Y9azI', '2023-02-03 23:01:03', '2023-02-03 23:01:03'),
(375, NULL, 'OB-21022871', '$2y$10$8uw7dOXjc6vq7fvoI5ZnbuZzqs4mO5NhMdAg9ByHE0OWEb5UPv8nO', 'Therese', 'Spencer', 'Wehner', 'HRS', '4', 'O', '1983-12-17', NULL, 'TgIlgj8LHg', '2023-02-03 23:01:03', '2023-02-03 23:01:03'),
(376, NULL, 'PA-16030824', '$2y$10$KLsGDn.Nt68oGFEzr9p6zuhwusg2ICl8gMomWdqm076xJGL.eZAfK', 'Jonas', 'Moen', 'Wehner', 'HRS', '3', 'B', '1974-10-01', NULL, 'TNarkRnjjk', '2023-02-03 23:01:03', '2023-02-03 23:01:03'),
(377, NULL, 'PA-17031728', '$2y$10$h0RolSh3ey3/AEz1b12ZbuB5IHiQtPNCxTrEtHvvVmTRPm9hyslMO', 'Wilton', 'Kovacek', 'Wehner', 'ACT', '2', 'N', '2005-08-22', NULL, 'vTJivGbH0b', '2023-02-03 23:01:03', '2023-02-03 23:01:03'),
(378, NULL, 'PA-18033894', '$2y$10$SSPp4vDqa9VpBdcLkkv3ZeohylxdA9fVfLxIBWb/ptseRgLF2DzSa', 'Margarette', 'Klocko', 'Wehner', 'BSIS', '2', 'A', '2004-09-18', NULL, 'dJMjTLz9RD', '2023-02-03 23:01:03', '2023-02-03 23:01:03'),
(379, NULL, 'BO-16062641', '$2y$10$KCd/4MZTQmyoUN9qXg1ZKe.u67LCPZU2g7cYmnBsuA1ek8eFjwNf.', 'Elmer', 'Haley', 'Weber', 'ACT', '1', 'G', '2002-03-22', NULL, '7Rnt0HlIiW', '2023-02-03 23:01:03', '2023-02-03 23:01:03'),
(380, NULL, 'BO-19063349', '$2y$10$JROVLXAiJ.1134yDiB4iReTRas9/VHJLs4C3eiuVxY2G3OtAnf/Ze', 'Dawson', 'Bechtelar', 'Weber', 'BSAIS', '3', 'B', '2018-03-29', NULL, 'Cr2tpiDJs9', '2023-02-03 23:01:03', '2023-02-03 23:01:03'),
(381, NULL, 'MA-21013221', '$2y$10$kBFnbrHY05oXInAYGaHR6O0q6wZOqIOMjsbONFjjqNNcFY1CnOh9O', 'Fermin', 'Morar', 'Weber', 'BSOM', '3', 'M', '2022-10-18', NULL, 'ufnDChX71u', '2023-02-03 23:01:03', '2023-02-03 23:01:03'),
(382, NULL, 'OB-20022440', '$2y$10$i3kbw9AX4f99E1/uq6YO8.BeguXX.Pl.JOxgnxlmJxy7JWh.UaBTm', 'Fabiola', 'Hane', 'Weber', 'BTVTED', '1', 'A', '2002-06-18', NULL, 'sdZoFFiohV', '2023-02-03 23:01:03', '2023-02-03 23:01:03'),
(383, NULL, 'SJ-21041429', '$2y$10$H2/Sf/231xCr67oPlBOsG.rWhzVjYvnkONaVtK2F9Ln9rs0Vfw0d2', 'Andrew', 'Kshlerin', 'Weber', 'BSAIS', '4', 'P', '1972-07-02', NULL, 'UUzN1rVCRk', '2023-02-03 23:01:03', '2023-02-03 23:01:03'),
(384, NULL, 'SR-21072616', '$2y$10$u8l.OsNeJs7Ws5kpnMyHEuIouTIvuoT11bqOdJwYVbetJktDXuSXS', 'Maya', 'Ward', 'Weber', 'HRS', '3', 'U', '2011-08-23', NULL, 'GDAmqagLGE', '2023-02-03 23:01:03', '2023-02-03 23:01:03'),
(385, NULL, 'SR-22075635', '$2y$10$LgV.XGI9easM9l5KEaPaceTynjJsDR8EYDumcOdofdx/pmYcV.Me2', 'Tyrell', 'Balistreri', 'Weber', 'ABM', '12', 'Y', '1979-10-09', NULL, '12ha7kT5NM', '2023-02-03 23:01:03', '2023-02-03 23:01:03'),
(386, NULL, 'AN-20085860', '$2y$10$9Z5dC.833EmggPLzu1UXQOTOYZ8hPfENuKWNem9/CJrc0AsPerxFW', 'Telly', 'O\'Hara', 'Watsica', 'HRS', '4', 'V', '2010-11-14', NULL, 'KVry0Z3tDh', '2023-02-03 23:01:03', '2023-02-03 23:01:03'),
(387, NULL, 'BO-18065371', '$2y$10$e3.xUzHKRU2LvapLOQ0qC.NiIBX.1TPwxt00yV2Q39LkjFXMaS/UW', 'Brian', 'Jacobson', 'Watsica', 'ACT', '2', 'D', '1990-06-15', NULL, 'j8MmdmVjU7', '2023-02-03 23:01:03', '2023-02-03 23:01:03'),
(388, NULL, 'MA-20012753', '$2y$10$umFiZ4zz880vrD0q0ZtyO.N6PtiYhLjCr8ISof50fa2wLWPEH8eOG', 'Junior', 'Bergnaum', 'Watsica', 'COMSEC', '1', 'E', '2021-08-04', NULL, 'Xisqp6Gjjw', '2023-02-03 23:01:03', '2023-02-03 23:01:03'),
(389, NULL, 'MA-22013431', '$2y$10$ZubR/5YXt3SB6yKidF9frO9ducpMI7kmSXE1liAXF020OE.IAFNRS', 'Magnus', 'Stanton', 'Watsica', 'BSIS', '4', 'S', '2011-12-05', NULL, 'oVbiw5YqqS', '2023-02-03 23:01:03', '2023-02-03 23:01:03'),
(390, NULL, 'OB-19020525', '$2y$10$Y50z0erD3sIwD8KiLnBrvuQQTh8b2ea203IMTaRJ4mIrdjUWQ77.S', 'Karl', 'Dicki', 'Watsica', 'ACT', '3', 'F', '2006-09-20', NULL, '0tGSC0L6ew', '2023-02-03 23:01:03', '2023-02-03 23:01:03'),
(391, NULL, 'OB-20024348', '$2y$10$6vinJlINLB7/ZgBkb5.mH.hc8dF46dhpR2mC4XAhm0fWVWhJhnB/G', 'Elda', 'Swaniawski', 'Watsica', 'GAS', '12', 'E', '1996-08-14', NULL, 'IrheSSfHD3', '2023-02-03 23:01:03', '2023-02-03 23:01:03'),
(392, NULL, 'PA-16035853', '$2y$10$08zOssza1sKbuoii5Y2wWO5WLbE.NWwO8Rp.Gq.9Z/m1OYOvxB6f6', 'Elmer', 'Ratke', 'Watsica', 'GAS', '12', 'S', '2016-05-25', NULL, 'rvefoE1vqe', '2023-02-03 23:01:03', '2023-02-03 23:01:03'),
(393, NULL, 'PA-21035620', '$2y$10$OY2CtMcnlFO.ND43eCAlD.pyOL0Q6oSYJKrr1JAvmuHJ2h06rh6.m', 'Tommie', 'Schuster', 'Watsica', 'BSOM', '1', 'D', '2021-04-24', NULL, 'qBVzD3y96y', '2023-02-03 23:01:03', '2023-02-03 23:01:03'),
(394, NULL, 'PA-22035043', '$2y$10$Ru9.hJP.dHIQ3B9wqDfDPOfuDW1j5Is/qjzPoCf2P7dd2Uhpe5FgG', 'Arnulfo', 'Buckridge', 'Watsica', 'BSIS', '4', 'I', '1973-01-15', NULL, '6KRSDSnIBz', '2023-02-03 23:01:03', '2023-02-03 23:01:03'),
(395, NULL, 'SJ-16042991', '$2y$10$0p2oBCkqQV2QmPlbzhGJ3OvMy0J0BsLCn1vEtiX5D7RxLfnDpuNQO', 'Dejon', 'Gibson', 'Watsica', 'BSAIS', '4', 'M', '1999-06-17', NULL, '6UY1lfA18f', '2023-02-03 23:01:03', '2023-02-03 23:01:03'),
(396, NULL, 'SJ-19042401', '$2y$10$diLRKaV12Lsebm3AA7c47OfXTc3Ub5G5uyVfBeyULHHE0/6cN/T0m', 'Kali', 'Romaguera', 'Watsica', 'BTVTED', '1', 'F', '2004-03-23', NULL, '47s8EGqC8R', '2023-02-03 23:01:03', '2023-02-03 23:01:03'),
(397, NULL, 'SJ-19043344', '$2y$10$OQyuDt/hQIoSKnvXASiwx.25Akz/zzS1ibd4be1CwcJBcIaF7/wy6', 'Mazie', 'Wisozk', 'Watsica', 'ACT', '2', 'M', '1984-04-29', NULL, 'sGtsbmaFGB', '2023-02-03 23:01:03', '2023-02-03 23:01:03'),
(398, NULL, 'SJ-20044515', '$2y$10$NPFvVzA3gFH9mk6sj5fOtesx5KvNqG05F7tlW0RoXYh9uxIUHxb5m', 'Jaylen', 'Dickinson', 'Watsica', 'BSIS', '2', 'X', '1989-06-08', NULL, 'XxL22FK6m4', '2023-02-03 23:01:03', '2023-02-03 23:01:03'),
(399, NULL, 'SM-19055157', '$2y$10$wvq3mPsCuu2dKWKoPgQLJOadNnIu4NvmDTEv9lDRxftKOiyuPuvpi', 'Maci', 'Senger', 'Watsica', 'HRS', '3', 'A', '1995-06-25', NULL, 'vEeNG63juH', '2023-02-03 23:01:03', '2023-02-03 23:01:03'),
(400, NULL, 'SM-20050923', '$2y$10$LKdGCMPWMQejafLDAg3ObOFdA0iZ0Ge8HSCB1T7awNQj3BvSgQCEO', 'Hunter', 'Hodkiewicz', 'Watsica', 'BSOM', '4', 'N', '1977-06-08', NULL, 'q89nlqLyg9', '2023-02-03 23:01:03', '2023-02-03 23:01:03'),
(401, NULL, 'MA-16013493', '$2y$10$bTG2Jk1lIXvga2ZIdFAfgesZf.nPHTigi.STW5ttLTS83B8ByoZJu', 'Hank', 'Deckow', 'Waters', 'BSIS', '2', 'F', '1983-02-04', NULL, 'S1GJprpOcI', '2023-02-03 23:01:03', '2023-02-03 23:01:03'),
(402, NULL, 'MA-22012855', '$2y$10$4Gj.55C0jwIBy1RS3mxlEuJe8lmgZBRoTfJgE9Fhm5/vwl80pnsmm', 'Sherman', 'Bahringer', 'Waters', 'BSIS', '1', 'O', '2020-06-05', NULL, 'ub9EOfWQUM', '2023-02-03 23:01:03', '2023-02-03 23:01:03'),
(403, NULL, 'OB-16023804', '$2y$10$PSyflhLJWDZ3w3pSvQMM6e1HcltqqKi.zXOYpWL33lS0xYP6kUxka', 'Lucy', 'Pacocha', 'Waters', 'BSOM', '2', 'Z', '1985-06-18', NULL, 'Q2N0kSSLdK', '2023-02-03 23:01:03', '2023-02-03 23:01:03'),
(404, NULL, 'OB-18024692', '$2y$10$VlPkFT4IDQ.5.lKBnQym9.n.C/9WsFWSky1at3g9yppV.Wb0wKyD.', 'Monroe', 'Watsica', 'Waters', 'GAS', '12', 'A', '1990-04-14', NULL, 'HwzdqXelkB', '2023-02-03 23:01:03', '2023-02-03 23:01:03'),
(405, NULL, 'PA-16031383', '$2y$10$Qkc4mt11wDlI7gUcQpbWIu3i5/UV03yUIHMy.NCwca/a95tCMfnNK', 'Neal', 'Labadie', 'Waters', 'BSOM', '2', 'U', '2022-04-07', NULL, 'gsZABntOKo', '2023-02-03 23:01:03', '2023-02-03 23:01:03'),
(406, NULL, 'PA-18031193', '$2y$10$mofU6zp5QQEXheB6cq3b4O7LG5jAscAspZpeQYZ.Zlr8XgAQQwbvW', 'Lavonne', 'Borer', 'Waters', 'BSIS', '1', 'T', '1971-09-02', NULL, 'Yk6nI2l8L7', '2023-02-03 23:01:03', '2023-02-03 23:01:03'),
(407, NULL, 'SJ-20042021', '$2y$10$zNrjcB7tUJ8EJJzMLwkg1e8aX46nFz.v.7mrguwKAQIORCNQ/6mZG', 'Alden', 'Jast', 'Waters', 'BSIS', '1', 'A', '1987-06-03', NULL, 'XXchxoL1LU', '2023-02-03 23:01:03', '2023-02-03 23:01:03'),
(408, NULL, 'SM-17055229', '$2y$10$UsEq9n/9XJfKFgICZQDCa.17OAgLfNqJn0zG4yWW6PgOknbSESCKu', 'Lukas', 'O\'Kon', 'Waters', 'BSOM', '3', 'Z', '1973-02-09', NULL, 'w2LWdvYs0Q', '2023-02-03 23:01:03', '2023-02-03 23:01:03'),
(409, NULL, 'SM-18053075', '$2y$10$hVIS/of/LZj3YS9tqu5ZKuYOeeOYeF57s1FfZyrnsTItQGMow6Ybu', 'Zella', 'Watsica', 'Waters', 'ABM', '11', 'R', '1974-05-29', NULL, '7xOdgThtvO', '2023-02-03 23:01:03', '2023-02-03 23:01:03'),
(410, NULL, 'SM-18055819', '$2y$10$bv2Vsx.DJfMg31.RZ4uppeiUuz.Z78XPO1f2rQcBXi1.E9fXNqCGa', 'Breana', 'Pacocha', 'Waters', 'BSAIS', '1', 'X', '2005-12-15', NULL, 'j4dxHT0qXc', '2023-02-03 23:01:03', '2023-02-03 23:01:03'),
(411, NULL, 'SM-19055886', '$2y$10$rg9DLrDXAxwSjuaXfmnGb.qkkON3in8qDadjwaex5VcnYVddXzSCS', 'Modesto', 'Kreiger', 'Waters', 'BSAIS', '4', 'K', '1979-11-06', NULL, 'r1k1ooDKLj', '2023-02-03 23:01:03', '2023-02-03 23:01:03'),
(412, NULL, 'SR-20071305', '$2y$10$lS/ZXJ9vasyOdcEYFxxxBefvHoQ9IWx3SrinXvnSdqZOloWWxOI9K', 'Hollie', 'Nicolas', 'Waters', 'ACT', '3', 'J', '1984-04-17', NULL, 'q3fZfwgDEB', '2023-02-03 23:01:03', '2023-02-03 23:01:03'),
(413, NULL, 'BO-17063912', '$2y$10$0xdzFdUOsALX5iBL8ci1z.zGWcvCUjsmtkXVug3gqniXi4XR0lJLG', 'Jacynthe', 'Jenkins', 'Ward', 'ACT', '1', 'K', '1970-05-24', NULL, 'H4zhITqb1I', '2023-02-03 23:01:03', '2023-02-03 23:01:03'),
(414, NULL, 'OB-17023074', '$2y$10$uBPAV9M/d37ABftsw2QnyuTHAP3HRdIdFqhSEdQ7nYJXiLdCXoihy', 'Terrell', 'Bashirian', 'Ward', 'GAS', '12', 'I', '1974-12-02', NULL, 'osfvFxTqbm', '2023-02-03 23:01:03', '2023-02-03 23:01:03'),
(415, NULL, 'PA-19031604', '$2y$10$LKziwILAgPXZ0R6mhhwzquIMTHOGSl53OBZ5ySrwAzt4maWhv.UT.', 'Delpha', 'Hermiston', 'Ward', 'BSOM', '1', 'Y', '1977-09-12', NULL, 'ActiGofmVl', '2023-02-03 23:01:03', '2023-02-03 23:01:03'),
(416, NULL, 'SJ-16041491', '$2y$10$NcTtpuL2DaM/9GN8vpbnduOCJR.2CBvWsaaQ0jCHmmFcyGV09x1KO', 'Davion', 'Koss', 'Ward', 'BSIS', '4', 'V', '2006-01-08', NULL, 'GQzvfRX7uq', '2023-02-03 23:01:03', '2023-02-03 23:01:03'),
(417, NULL, 'SJ-18040767', '$2y$10$ATD/TWoJ2oyRq3pq3NrJbuipOhHDYPWzaoxASXvVN51IqHUtOQBC2', 'Bryana', 'Hudson', 'Ward', 'BSOM', '4', 'H', '2008-05-23', NULL, '387RNEnesp', '2023-02-03 23:01:03', '2023-02-03 23:01:03'),
(418, NULL, 'SJ-22043585', '$2y$10$VPP7IuZNXzz2d/g8RI3Yu.BijwcMmn4VVqKxIbXRn15aopLs5JdAq', 'Billy', 'Spencer', 'Ward', 'ACT', '3', 'W', '1978-06-16', NULL, 'M6ilZVftlv', '2023-02-03 23:01:03', '2023-02-03 23:01:03'),
(419, NULL, 'SM-19050667', '$2y$10$oTbeWZCIpCJMgMGfu.zAzOcvzZStlbvEqcWKKYL8WRpFOourZqX9O', 'Tomas', 'White', 'Ward', 'GAS', '12', 'T', '1972-04-03', NULL, 'NADsEwkKPK', '2023-02-03 23:01:03', '2023-02-03 23:01:03'),
(420, NULL, 'SM-19055697', '$2y$10$OjgUlpKPuEo3GOWa5N.7ledfzfZMg4TO6V.t5QgDvk.xYtzM6BXt6', 'Tevin', 'Koch', 'Ward', 'BTVTED', '1', 'Z', '1973-02-11', NULL, '7AwOkcksQs', '2023-02-03 23:01:03', '2023-02-03 23:01:03'),
(421, NULL, 'SR-16070008', '$2y$10$F9C2UTsYgDEf4daof06uY.alUooHngqZDD8JLUZjBKZpihwJgQvXG', 'Modesto', 'Balistreri', 'Ward', 'BSIS', '3', 'N', '2016-03-19', NULL, 'jvc4TBTns6', '2023-02-03 23:01:03', '2023-02-03 23:01:03'),
(422, NULL, 'SR-17072738', '$2y$10$96EgimCYB/nRK2sd6Fx/R.v.p8Q91hRYy4y/kWPJHWY6CXF3vg9Wu', 'Orie', 'Witting', 'Ward', 'COMSEC', '3', 'V', '1990-11-16', NULL, 'NcXgVPTgnV', '2023-02-03 23:01:03', '2023-02-03 23:01:03'),
(423, NULL, 'SR-20070586', '$2y$10$X3vsT4m/ITKErYfMmw8EmeEViopMUyZ81vlSrTPOioGEmPXB6Zgo.', 'Alexandra', 'Dickens', 'Ward', 'ACT', '2', 'X', '2001-07-27', NULL, 'qemogXTUPG', '2023-02-03 23:01:03', '2023-02-03 23:01:03'),
(424, NULL, 'SR-22071692', '$2y$10$xpdyL7CZxQjfQrbPO9VYheDpPIIHR.t5pPSZ0xz6NutvwEJzShpS6', 'Kylee', 'Ferry', 'Ward', 'ACT', '2', 'H', '1981-09-18', NULL, 'snE7P1tkbq', '2023-02-03 23:01:03', '2023-02-03 23:01:03'),
(425, NULL, 'AN-18082749', '$2y$10$j7WhB0IehvRtjhsLlX7YiOTU0Z6qfTM1z5bO/xqrCDS0BWuiI6Pey', 'Lauryn', 'Jones', 'Walter', 'HRS', '1', 'X', '1980-01-30', NULL, '3L8UjqiVeo', '2023-02-03 23:01:03', '2023-02-03 23:01:03'),
(426, NULL, 'AN-20085906', '$2y$10$mzNPW0D4ftYoV2ieXCvdlORXQvhIKC0ZOWTeaAHe.1mHyjweOry5e', 'Isac', 'Rogahn', 'Walter', 'ACT', '4', 'C', '1997-09-23', NULL, 'Z83sf0SkFM', '2023-02-03 23:01:03', '2023-02-03 23:01:03'),
(427, NULL, 'BO-20063750', '$2y$10$jpYh7Oruk1tnWKQ91DZYOOMz8GFVXNiPU8llIm5Yu1Bmrk9IgDxXm', 'Chandler', 'Klocko', 'Walter', 'BSIS', '3', 'G', '1979-10-02', NULL, 'hBG0Pu25R7', '2023-02-03 23:01:03', '2023-02-03 23:01:03'),
(428, NULL, 'OB-22023980', '$2y$10$KTGvzQvsyEnSrKE86WrWkOgdl3YL0eHGDnuTSJ3iWEoAtvrL.hAy.', 'Angie', 'Rowe', 'Walter', 'ABM', '11', 'Q', '1973-02-14', NULL, 'RHWKLZxCGb', '2023-02-03 23:01:03', '2023-02-03 23:01:03'),
(429, NULL, 'PA-18030844', '$2y$10$XFHhR4LBVVyIXO3I.cm7uevVbvvwFBmtuPOeHznAHcWdcF3vZgzGe', 'Arianna', 'VonRueden', 'Walter', 'HRS', '2', 'A', '1995-06-20', NULL, 't79qNTe0e6', '2023-02-03 23:01:03', '2023-02-03 23:01:03'),
(430, NULL, 'SJ-19041894', '$2y$10$n4nJJGfyH49vQDVYEcwdu.5P7RnKTE6xXZeS0SOykdRMd2D/NnPPa', 'Payton', 'O\'Conner', 'Walter', 'ABM', '11', 'P', '1983-12-11', NULL, 'plv7WmtxJP', '2023-02-03 23:01:03', '2023-02-03 23:01:03'),
(431, NULL, 'SM-18050614', '$2y$10$baNnwPawtcbr4iLDh/Eb6uldly.g6ZUTuA/MqVcm641ftNQ.2mW0u', 'Emie', 'Hill', 'Walter', 'BSAIS', '2', 'O', '1995-10-16', NULL, 'BLTicEtgoE', '2023-02-03 23:01:03', '2023-02-03 23:01:03'),
(432, NULL, 'AN-18082765', '$2y$10$MrqJymizjONFAiMKClVk3OE/SDFUF9GwTwnZkce0fmnqRgNTs6yQK', 'Dulce', 'Toy', 'Walsh', 'HRS', '1', 'L', '1983-04-18', NULL, 'ddFBd9z3XI', '2023-02-03 23:01:03', '2023-02-03 23:01:03'),
(433, NULL, 'AN-20083164', '$2y$10$ek48FnZiTu3LoOugG98OrOwNdphX4E/8icwCBqOWTZMhPL2y4qJgy', 'Vladimir', 'Walter', 'Walsh', 'BSIS', '2', 'V', '2012-10-13', NULL, '3pas1CMblz', '2023-02-03 23:01:03', '2023-02-03 23:01:03'),
(434, NULL, 'AN-20083474', '$2y$10$HX5rpyO7KovHpPU.Yvu43eQbr/SztiPMlsIlDBYmvWWx7xMxft252', 'Katrina', 'Padberg', 'Walsh', 'HRS', '1', 'W', '1973-05-31', NULL, '0f8MAsj47p', '2023-02-03 23:01:03', '2023-02-03 23:01:03'),
(435, NULL, 'BO-18063788', '$2y$10$N3BBLuqiSU9uEawRzeFQzeBef7xMBfe6o3ESATRFVSsBHkFUow8Hi', 'Billie', 'Bosco', 'Walsh', 'BSIS', '2', 'F', '2020-04-20', NULL, 'JcG3hTPvs5', '2023-02-03 23:01:03', '2023-02-03 23:01:03'),
(436, NULL, 'BO-20063757', '$2y$10$1sutrugjIDsJ1Q43TwUiduoFzTJ7yk/Eqxk3H5S7qaOfX2KIqhgTO', 'Ted', 'Stoltenberg', 'Walsh', 'HRS', '2', 'L', '1971-12-12', NULL, 'Gct2tYeP5A', '2023-02-03 23:01:03', '2023-02-03 23:01:03'),
(437, NULL, 'BO-20064710', '$2y$10$d0F6XAxTuP2mKdY/CDIZMOPXD4zdJaBJGZ/Q90anJE9bbc82Egvvi', 'Ali', 'Pacocha', 'Walsh', 'BTVTED', '1', 'J', '2021-05-21', NULL, 'qO5Hbym548', '2023-02-03 23:01:03', '2023-02-03 23:01:03'),
(438, NULL, 'PA-22033049', '$2y$10$dgali8D5sMJAwsSFkHsx5.kDTfU4vn3E/M0tSfgou2CQvUMRVOVQu', 'Dwight', 'Kautzer', 'Walsh', 'BTVTED', '4', 'S', '1999-07-03', NULL, 'eNuMCbbEMq', '2023-02-03 23:01:03', '2023-02-03 23:01:03'),
(439, NULL, 'PA-22034896', '$2y$10$Nqrw3VOpR/3qiU3WXISJ2uA/pi.JcYBMfSDGn6Lbgwt2g7ILUZCqm', 'Fannie', 'Huel', 'Walsh', 'ABM', '12', 'R', '1989-07-11', NULL, 'dOgmt8agFu', '2023-02-03 23:01:03', '2023-02-03 23:01:03'),
(440, NULL, 'SJ-17040537', '$2y$10$U1KdjN3vfBT8RnaT5LgTb.H6kN0uijEJkqRTW6j4wuSB5oK3DC.RS', 'Deanna', 'Gislason', 'Walsh', 'ABM', '11', 'B', '2006-06-27', NULL, '46myIcqFzx', '2023-02-03 23:01:03', '2023-02-03 23:01:03'),
(441, NULL, 'SJ-18042309', '$2y$10$Bhj1rRgN0W7G6I2sHBbxTOnLG4uCH.pix0rY0eXVCabBQQX.RM/M6', 'Gus', 'Kulas', 'Walsh', 'BTVTED', '3', 'K', '1991-12-18', NULL, 'wJzwlLgkvy', '2023-02-03 23:01:03', '2023-02-03 23:01:03'),
(442, NULL, 'SJ-20042431', '$2y$10$VOm34kPYDz.p860UiV35k.fNawB.u9vGC0V8Lm7EQRe7Y.RtXa6OW', 'Shania', 'Walter', 'Walsh', 'ABM', '11', 'G', '2002-02-25', NULL, 'ynEgfX4k8b', '2023-02-03 23:01:03', '2023-02-03 23:01:03'),
(443, NULL, 'SM-22050478', '$2y$10$gtNqNosOEvH/XtAonwZeWe1iY3FM6OP5trr2yzdgYjucUq7zaDF0K', 'Vada', 'Stracke', 'Walsh', 'BTVTED', '1', 'Y', '2005-09-13', NULL, 'mOUd9jwM2w', '2023-02-03 23:01:03', '2023-02-03 23:01:03'),
(444, NULL, 'SM-22052487', '$2y$10$g21yQOe.WFnmngJwjW1XMuxiVfYzLPsvd.xdL.9BkUhD/O2e/mBni', 'Lester', 'Boyle', 'Walsh', 'BSIS', '3', 'K', '1995-06-27', NULL, 'J9CmyRzvnN', '2023-02-03 23:01:03', '2023-02-03 23:01:03'),
(445, NULL, 'AN-22084231', '$2y$10$iAmHQH6J7SLBnx4jR/2RquLybgiSSVIfP0kjGxQnaHBiaPkDsU90S', 'Rebekah', 'Reinger', 'Walker', 'COMSEC', '4', 'C', '1992-11-07', NULL, 'XmCZTsRgnv', '2023-02-03 23:01:03', '2023-02-03 23:01:03'),
(446, NULL, 'BO-20061388', '$2y$10$DBvrSlYchgsFgXKVMD49Y.oprd1YqAxguzaCk0e/EZy7YcBRlFLuu', 'Davon', 'Watsica', 'Walker', 'BTVTED', '1', 'R', '2010-08-10', NULL, 'JLnBMyVYnL', '2023-02-03 23:01:03', '2023-02-03 23:01:03'),
(447, NULL, 'MA-22014025', '$2y$10$OR4MabRpDccY1goxe.PgDOp/rVwoQMiNTqpAc00dtY1SPYyAuBdj6', 'Ludie', 'Bednar', 'Walker', 'BTVTED', '1', 'B', '2016-12-22', NULL, 'W30kmkI9nm', '2023-02-03 23:01:03', '2023-02-03 23:01:03'),
(448, NULL, 'OB-17020182', '$2y$10$3CbLd.jbwFGJhXaPU2uDFOS6kPxYU4hHfhVlgaNp1Qgnuh/YOW5XG', 'Lorenz', 'Leffler', 'Walker', 'COMSEC', '4', 'W', '2013-10-15', NULL, 'yKlSRUYZGm', '2023-02-03 23:01:03', '2023-02-03 23:01:03'),
(449, NULL, 'PA-17032091', '$2y$10$1CwJ52unrcUjTMYQejUk8.cRQozITiSNeFYuHLzlQ4YuAM1TROFra', 'Taya', 'McCullough', 'Walker', 'ACT', '3', 'W', '1996-11-11', NULL, 'kriGsyWf7Y', '2023-02-03 23:01:03', '2023-02-03 23:01:03'),
(450, NULL, 'PA-17032451', '$2y$10$ETgPN9KWs53/xC7DL512beWv7dn5H7l1HVZjdxeKkNejmRlhTrgoK', 'Idell', 'Cronin', 'Walker', 'GAS', '12', 'L', '2016-08-23', NULL, 'QB0sz0yavn', '2023-02-03 23:01:03', '2023-02-03 23:01:03'),
(451, NULL, 'PA-18033755', '$2y$10$.MWfEKB/wX5YYUmFBJ6L0O4sssVml0tyXGufNd9hvjMzC5KLfQd2e', 'Eunice', 'Hodkiewicz', 'Walker', 'COMSEC', '2', 'K', '2020-03-29', NULL, '2BqquIW1Iu', '2023-02-03 23:01:03', '2023-02-03 23:01:03'),
(452, NULL, 'PA-22031573', '$2y$10$ze4w7jJrMamYPi8SUGHebe5aX5Zwyz8gY5Ywv1lARdqxRknhhyTsy', 'Floy', 'Mayer', 'Walker', 'BSAIS', '4', 'A', '2016-11-12', NULL, 'IZzHQfFWui', '2023-02-03 23:01:03', '2023-02-03 23:01:03'),
(453, NULL, 'SJ-20045858', '$2y$10$POF4IGlDOM7Y2CI.Ur3u6u5hOdj7gXcgjmkyAiZj8Eyk09xz9RbWq', 'Titus', 'Walter', 'Walker', 'BSOM', '4', 'L', '1997-01-26', NULL, '64ocSQVgnK', '2023-02-03 23:01:03', '2023-02-03 23:01:03'),
(454, NULL, 'SM-16050490', '$2y$10$hGKLV9DwOhTkUWxMp3DvSeg.w7xBb84XUKsuyxh2feSURIP4cO9hu', 'Lori', 'Schmitt', 'Walker', 'COMSEC', '2', 'E', '2011-10-03', NULL, 'UcwvI9xVCJ', '2023-02-03 23:01:03', '2023-02-03 23:01:03');
INSERT INTO `users` (`userID`, `displayPhoto`, `studentID`, `password`, `firstName`, `middleName`, `lastName`, `program`, `yearLevel`, `section`, `birthDate`, `email`, `remember_token`, `created_at`, `updated_at`) VALUES
(455, NULL, 'SM-16052550', '$2y$10$yNL1g66nv4t3yg/BttEDH.W7H/Zcr60aDWwoJvLGflNEULaFXbWiO', 'Nicholaus', 'Block', 'Walker', 'HRS', '4', 'V', '2014-03-31', NULL, 'jJTLAarCEc', '2023-02-03 23:01:03', '2023-02-03 23:01:03'),
(456, NULL, 'SM-19053718', '$2y$10$lm/5YUxv86Nm3gtJGPBt9.1TFMazXOoQtIvt1MadXNSFEvftbuImq', 'Bethel', 'Maggio', 'Walker', 'ACT', '4', 'P', '2014-08-24', NULL, 'vjy9D1E3sS', '2023-02-03 23:01:03', '2023-02-03 23:01:03'),
(457, NULL, 'SM-21051338', '$2y$10$EgnP.n9.DC8AhUtpnBZX8.rJJsD5B2N64u8CwKRGL9cMbIRcD2cTG', 'Joy', 'Sanford', 'Walker', 'BSIS', '3', 'F', '1983-05-03', NULL, 'wqrVQMOk9v', '2023-02-03 23:01:03', '2023-02-03 23:01:03'),
(458, NULL, 'SR-17070914', '$2y$10$EnuPnng5DBzZYkKIs9WthuY2.s8kkuoscjZT99eYOQe/PuxiI/KTe', 'Trudie', 'Bechtelar', 'Walker', 'BSOM', '3', 'C', '2005-11-16', NULL, '9urGuhIcUh', '2023-02-03 23:01:03', '2023-02-03 23:01:03'),
(459, NULL, 'SR-19072236', '$2y$10$ioVL50PQua66prNIDCLNj.GKh8HgzPO2Gwe6BAm3484CJWzB.G3g.', 'Cali', 'Sauer', 'Walker', 'ACT', '3', 'N', '2020-10-28', NULL, 'SzNWyUJVIM', '2023-02-03 23:01:03', '2023-02-03 23:01:03'),
(460, NULL, 'SR-20071520', '$2y$10$dm3G6h/p93cZGGO72DI0guV2idP8VACqi.nFFTXBe19IA9Tio/nse', 'Madisyn', 'Monahan', 'Walker', 'HRS', '4', 'Z', '1975-06-08', NULL, 'CsWKIcvCFJ', '2023-02-03 23:01:03', '2023-02-03 23:01:03'),
(461, NULL, 'AN-18084761', '$2y$10$07Vb04N7aSBTYfTvelHf1uhrDM16sGZofTSG2Rsh5Jy.CdYXJ1kHO', 'Angus', 'Rolfson', 'Waelchi', 'BTVTED', '3', 'M', '2013-03-30', NULL, '1fXFZnMA72', '2023-02-03 23:01:03', '2023-02-03 23:01:03'),
(462, NULL, 'AN-20082875', '$2y$10$jdyLfdgKAlvKG6bqlAmTQ.qL/4wlWTr9APllQSdIVOdqN496BtYgi', 'Horacio', 'Roberts', 'Waelchi', 'HRS', '4', 'M', '1989-06-22', NULL, '6HaX4O7dcE', '2023-02-03 23:01:03', '2023-02-03 23:01:03'),
(463, NULL, 'AN-20083250', '$2y$10$TZiOHazrF4RHhy4hErUy1u5MrsCwIXBLynonbaSohQz2jGkregbli', 'Berenice', 'Pagac', 'Waelchi', 'BSAIS', '1', 'L', '2023-01-14', NULL, 'MFr2d9XQm0', '2023-02-03 23:01:03', '2023-02-03 23:01:03'),
(464, NULL, 'AN-21082634', '$2y$10$l7HD8KgoO1T/r4.SLnN9yuuWZC1HATMNIf46xMJZ/tD2szfeuNHrC', 'Warren', 'Langosh', 'Waelchi', 'ACT', '4', 'L', '2013-09-27', NULL, 'utF6inabUU', '2023-02-03 23:01:03', '2023-02-03 23:01:03'),
(465, NULL, 'AN-22082529', '$2y$10$daK.UJHRFGFPX5/ARVGIa..H9kQSoUMy3Zky9yC5pkLgqs/cX6aEq', 'Madie', 'Wehner', 'Waelchi', 'HRS', '1', 'I', '2012-11-21', NULL, '6R1M72v3oY', '2023-02-03 23:01:03', '2023-02-03 23:01:03'),
(466, NULL, 'BO-17064606', '$2y$10$Tlz.hCBQbhbsleXamV/0TeaKdQsYOXg.68qAoYFyrKyVSEnjnCnJq', 'Wiley', 'Stroman', 'Waelchi', 'BSIS', '1', 'O', '2003-10-23', NULL, 'nfIGR1iQQv', '2023-02-03 23:01:03', '2023-02-03 23:01:03'),
(467, NULL, 'MA-20014406', '$2y$10$/gQyc0pVGFvbySdxNRv./eezEVzdaywWtfWVF5jqTwyrDTBGaGslG', 'Javier', 'Bins', 'Waelchi', 'BTVTED', '3', 'B', '2015-12-17', NULL, 'M3y4DQZFcW', '2023-02-03 23:01:03', '2023-02-03 23:01:03'),
(468, NULL, 'OB-16023730', '$2y$10$qMKSo4QrZdAI7WonAeRyleMRG05y4AjdRu9tsIAU6zSIzvZQ6JWFe', 'Gerardo', 'Aufderhar', 'Waelchi', 'ACT', '2', 'E', '1976-07-04', NULL, '7xOTmCUIkh', '2023-02-03 23:01:03', '2023-02-03 23:01:03'),
(469, NULL, 'OB-17024917', '$2y$10$WayYqg0.0c3c/gdAgbgiyukz9gejJWtLqvA4hZmLniiAKGfKAor4i', 'Pinkie', 'Keebler', 'Waelchi', 'ACT', '3', 'P', '1991-10-25', NULL, '2wwvXkITpX', '2023-02-03 23:01:03', '2023-02-03 23:01:03'),
(470, NULL, 'OB-18023828', '$2y$10$FQg2r.Sb6W5XUw/aT7366ehsN9IM9RaYHBg0O7Y57wQPedLjuokNa', 'Silas', 'Franecki', 'Waelchi', 'BSOM', '3', 'N', '1988-05-14', NULL, 'saz3DZ4Any', '2023-02-03 23:01:03', '2023-02-03 23:01:03'),
(471, NULL, 'PA-18030883', '$2y$10$e6SFENoaXRlPwSrj3A89OO8mA5PHUDyfclPVNQsqZQ3vY3VeVOkP.', 'Jacinto', 'Windler', 'Waelchi', 'BSOM', '3', 'T', '1986-06-28', NULL, 'DduxRT8y7V', '2023-02-03 23:01:03', '2023-02-03 23:01:03'),
(472, NULL, 'PA-19030300', '$2y$10$yy4oajenYfNRZQTGbad3nuqiamsD2m3DxGNKc9Nq2PR0UBRoEewPq', 'Germaine', 'Herzog', 'Waelchi', 'GAS', '12', 'R', '2018-01-24', NULL, 'rDHl3zYtra', '2023-02-03 23:01:03', '2023-02-03 23:01:03'),
(473, NULL, 'PA-19035308', '$2y$10$4aBiAlq6zakYXkEBy8Fu5ubYLPfkAHwP/nice0GA9tHwfp9AEWLqu', 'Noble', 'Schaefer', 'Waelchi', 'ABM', '11', 'C', '1980-05-10', NULL, 'xnHvhT6hPV', '2023-02-03 23:01:03', '2023-02-03 23:01:03'),
(474, NULL, 'SJ-16043103', '$2y$10$ZyLWF3h8awLhzMGL8ANF7OfxpAuhKYtiH8lXUnMeEe8KJFEG/0vY.', 'Pierce', 'Roob', 'Waelchi', 'BSOM', '4', 'V', '2008-05-16', NULL, 'sfbJSMQcCj', '2023-02-03 23:01:03', '2023-02-03 23:01:03'),
(475, NULL, 'SJ-20040522', '$2y$10$zcwnp0ZzC5YiGruUDS1rBOyxQxQNx1FMZOI.TT5KDDmnUFPF3lJb2', 'Kyleigh', 'Medhurst', 'Waelchi', 'BSIS', '4', 'A', '1997-08-04', NULL, 'w4Wjg11iBS', '2023-02-03 23:01:03', '2023-02-03 23:01:03'),
(476, NULL, 'SJ-20042882', '$2y$10$SuOLxc5qcYw1ZzcbelwdKet4TkALTCO3SFaQQkVkIdV0dGVK8nvHi', 'Elmira', 'Keeling', 'Waelchi', 'COMSEC', '1', 'L', '1981-11-06', NULL, 'TEut1wPkBa', '2023-02-03 23:01:03', '2023-02-03 23:01:03'),
(477, NULL, 'SJ-21043539', '$2y$10$LzRFxdz1kcXCTN03GNut2.b5wQsHSjLQh5whyBfiJneBsyrCcfI2u', 'Taya', 'Aufderhar', 'Waelchi', 'BSOM', '2', 'P', '2005-12-30', NULL, 'BIlBLa0tO4', '2023-02-03 23:01:03', '2023-02-03 23:01:03'),
(478, NULL, 'SM-21053958', '$2y$10$1n3XjSdYdF2.xfgt6R/MvOGHIj.bot2968kwBvjbEkGbF7FTKNPwG', 'Yvette', 'Shields', 'Waelchi', 'BTVTED', '1', 'F', '1972-06-29', NULL, '9DRrMY9uTn', '2023-02-03 23:01:03', '2023-02-03 23:01:03'),
(479, NULL, 'AN-18080500', '$2y$10$mqgHRMLOAKoc2HSfcgT.4.XYqpO96oFzuTvhWrqnecvUupT1a3zqa', 'Pablo', 'Bradtke', 'VonRueden', 'COMSEC', '3', 'Z', '2009-03-26', NULL, 'z2Hm9ARfWS', '2023-02-03 23:01:03', '2023-02-03 23:01:03'),
(480, NULL, 'AN-18085486', '$2y$10$eyPAefyPXdrjQpFkv.Blbend9AiH8G9FA97d60zyRp.52/sDb5m86', 'Keeley', 'Johns', 'VonRueden', 'BSOM', '4', 'M', '2011-12-18', NULL, 'Xyyl9ACP44', '2023-02-03 23:01:03', '2023-02-03 23:01:03'),
(481, NULL, 'AN-22084181', '$2y$10$yO7FxRg3QCpFIzji6OCQGO2yL7RRBmZHzGMIbvomqrjWJFVPTmscK', 'Trace', 'Zulauf', 'VonRueden', 'BSIS', '3', 'Y', '2017-06-24', NULL, 'QIahnNjnVM', '2023-02-03 23:01:03', '2023-02-03 23:01:03'),
(482, NULL, 'BO-18065673', '$2y$10$Y4fQuZWFOKl/5QxUB5JNtOjLW/oBhv2F//PhD4z2ZCBoEv6PnD6Vy', 'Bobbie', 'Murazik', 'VonRueden', 'BSOM', '2', 'M', '1997-12-30', NULL, 'LHltsIZbOo', '2023-02-03 23:01:03', '2023-02-03 23:01:03'),
(483, NULL, 'OB-16020858', '$2y$10$BNTCv6kOJwcptoZ0ztSIV.7G8F17uDernwUP.lZcN1K3VqQAAxbam', 'Uriah', 'Davis', 'VonRueden', 'GAS', '11', 'Y', '1970-04-13', NULL, 'oFyA0NmN0A', '2023-02-03 23:01:03', '2023-02-03 23:01:03'),
(484, NULL, 'PA-16033797', '$2y$10$yC4ocwkSuKWxblTXMoRKe.sEYpGZZMnOzCE/vmOGRNGpCWa43KIXy', 'Peggie', 'Cruickshank', 'VonRueden', 'BSIS', '2', 'P', '1999-04-03', NULL, '3Mhrk2evLY', '2023-02-03 23:01:03', '2023-02-03 23:01:03'),
(485, NULL, 'PA-18034868', '$2y$10$TEX/aF.jJoe54fMRQ9Vew.KOyzwiWgOCjBx7QCilI9wyTivJYwqA2', 'Dino', 'Lemke', 'VonRueden', 'HRS', '1', 'G', '2001-01-31', NULL, 'p1tno3bwIJ', '2023-02-03 23:01:03', '2023-02-03 23:01:03'),
(486, NULL, 'SJ-19042424', '$2y$10$7Ylr75Zk4Rw8Pjocyvhr4eSH1bV1BprE6kZF/nGOEXYA7PULx1wQ6', 'Mireya', 'Romaguera', 'VonRueden', 'BSIS', '1', 'W', '1992-05-21', NULL, 'yl2syciLXe', '2023-02-03 23:01:03', '2023-02-03 23:01:03'),
(487, NULL, 'SJ-20040027', '$2y$10$Otm6ItXQMlH5hN4IuH7Ebe7vg.hPpUY8Gawew1KYrvlYacnQQvwTq', 'Corene', 'Batz', 'VonRueden', 'ACT', '2', 'Q', '2021-12-07', NULL, 'QkFzG4SIdE', '2023-02-03 23:01:03', '2023-02-03 23:01:03'),
(488, NULL, 'SJ-20040324', '$2y$10$S7grRL3EP2ziQzezEzVHIOv54rkpw/aWxQ74wAjpFrE0HAfipJG/2', 'Beverly', 'West', 'VonRueden', 'BSIS', '4', 'C', '1980-04-13', NULL, 'rw7PbhUwPK', '2023-02-03 23:01:03', '2023-02-03 23:01:03'),
(489, NULL, 'SJ-22044071', '$2y$10$Iom8McuzdAnpOPHShLfpa.M.Kgw14pBCxs8tlQ.hABHe/CPDLG3Gu', 'Troy', 'Jenkins', 'VonRueden', 'ABM', '11', 'L', '1983-05-15', NULL, 'HLE5UmwMhb', '2023-02-03 23:01:03', '2023-02-03 23:01:03'),
(490, NULL, 'SR-19074631', '$2y$10$ijhVFaMoQPMzq3W4TOBozuPuQKeU7hMPkOKBXUQJ//4DDTM/tgDDm', 'Myles', 'Hahn', 'VonRueden', 'COMSEC', '1', 'F', '1977-08-30', NULL, '71GlYI2Wm9', '2023-02-03 23:01:03', '2023-02-03 23:01:03'),
(491, NULL, 'SR-20072568', '$2y$10$Zo2SW2kyu5GqrYPa5y4UZOiD5lKlHr9.0e6ISE75LNf46y8tLQJ8a', 'Easton', 'Witting', 'VonRueden', 'ABM', '12', 'A', '2000-07-11', NULL, 'Wdvca0cDLf', '2023-02-03 23:01:03', '2023-02-03 23:01:03'),
(492, NULL, 'AN-18080372', '$2y$10$1n7ynNXMe.ZoUzAEiokk0uhIv0fvsCX6oik0OYrBhwlup6lj/a8rO', 'Grace', 'Schaden', 'Von', 'BTVTED', '1', 'Q', '2013-03-02', NULL, '0Rgr2Od1Qu', '2023-02-03 23:01:03', '2023-02-03 23:01:03'),
(493, NULL, 'MA-16015723', '$2y$10$Ldet4sIDumXAAK3CMzl/seoyC.Dyt5BQsOaLuIAQMadYUsPnrSecG', 'Victoria', 'Daniel', 'Von', 'HRS', '4', 'P', '1995-03-28', NULL, 'UZkb5GtGvz', '2023-02-03 23:01:03', '2023-02-03 23:01:03'),
(494, NULL, 'OB-16025631', '$2y$10$.m.G4z1EqEIDqrzNgcvxvu1PBAif4XIyLc6Xwebr8ao/pLE.cZD1.', 'Chaya', 'Kertzmann', 'Von', 'COMSEC', '3', 'R', '2019-03-12', NULL, '1rRA6f8l9l', '2023-02-03 23:01:03', '2023-02-03 23:01:03'),
(495, NULL, 'OB-22022069', '$2y$10$8zmBWWcsfTl0WcLRco1rsuxKFnTSyrINoJzSabUyqN1jy.UBGcufO', 'Tressie', 'Wolf', 'Von', 'GAS', '12', 'W', '2009-03-04', NULL, '4nQnYOtt6r', '2023-02-03 23:01:03', '2023-02-03 23:01:03'),
(496, NULL, 'PA-20032259', '$2y$10$mU/kRrPnk.dfHM8DvMjG1ePAYjujG9LmrFvyxYTJPv.Ff.vbuJ3cW', 'Mariah', 'Little', 'Von', 'ACT', '4', 'C', '1980-01-24', NULL, 'oON7O97fOn', '2023-02-03 23:01:03', '2023-02-03 23:01:03'),
(497, NULL, 'SJ-18040584', '$2y$10$ZNtnxpO55soIy0MDf2SBuO7LqpfVldAJoCnh.zLFcBZjKtESg3Mqa', 'Yazmin', 'Prosacco', 'Von', 'ACT', '2', 'R', '1992-12-27', NULL, 'eXVi5O0ZYb', '2023-02-03 23:01:03', '2023-02-03 23:01:03'),
(498, NULL, 'SJ-20043091', '$2y$10$7vwes8iavs3lQSISguDtaOpkZ3mmqemf/viqlE5GcI/N9Ux72d.72', 'Magali', 'Fahey', 'Von', 'BSAIS', '3', 'B', '2015-01-01', NULL, '9xJhA1HxkD', '2023-02-03 23:01:03', '2023-02-03 23:01:03'),
(499, NULL, 'SJ-22043407', '$2y$10$.Mf1f3DG6yEg/TzX2bwhv./8Dakv8An4lbKzjzfDoWF/TLtzLdKgW', 'Domenica', 'Stroman', 'Von', 'COMSEC', '3', 'A', '1988-03-17', NULL, 'd6RcjZzEJa', '2023-02-03 23:01:03', '2023-02-03 23:01:03'),
(500, NULL, 'SM-18050839', '$2y$10$Cpreddg2/Lrq7.jfB4Wa1.p8rxAye2D4sb.JkknsUNT64TcicC6Xe', 'Ford', 'Pouros', 'Von', 'GAS', '12', 'S', '2019-03-04', NULL, '3cNGqfoEPz', '2023-02-03 23:01:03', '2023-02-03 23:01:03'),
(501, NULL, 'SR-22070728', '$2y$10$0ZISWumGoznHZHEr3.8Chu4gBLRSBTQJmYfFyLrxrVbbjtm1GtVCy', 'Antwan', 'Wuckert', 'Von', 'GAS', '12', 'C', '1981-06-09', NULL, 'zRXbCwRjzo', '2023-02-03 23:01:03', '2023-02-03 23:01:03'),
(502, NULL, 'OB-16024925', '$2y$10$NlTg4qVjhBjiqf4lRP60.uqkANXHQ.4LFlaeXVjK7sZWCfAWtfSKG', 'Alexandre', 'Rohan', 'Volkman', 'ACT', '4', 'H', '2015-11-27', NULL, 'bYezABeDKn', '2023-02-03 23:01:03', '2023-02-03 23:01:03'),
(503, NULL, 'OB-18022138', '$2y$10$/dcV4bMJ4d3gfKgLCbf4Remrc0kCC4AoOTwUmgNpnaO2RVZx/ljI6', 'Lambert', 'Kirlin', 'Volkman', 'ABM', '12', 'D', '1999-03-06', NULL, 'JBNtNvpAgb', '2023-02-03 23:01:03', '2023-02-03 23:01:03'),
(504, NULL, 'PA-16030264', '$2y$10$KT/Md4.Fq8OgLYPvxEg.2..4UUJTHvqfd3zU5ampJYZ9nt3eZCLwm', 'Marvin', 'Friesen', 'Volkman', 'BTVTED', '2', 'U', '2010-01-25', NULL, 'Dolbg7OPct', '2023-02-03 23:01:03', '2023-02-03 23:01:03'),
(505, NULL, 'PA-16034943', '$2y$10$LeduRHCFv1JOOD1JFNMBH.Iv6Hz8n.BJ98/0QHRPhOlZros5Sb9MK', 'Camila', 'Bernhard', 'Volkman', 'ABM', '11', 'K', '1986-08-09', NULL, 'ZYNBvYM2bg', '2023-02-03 23:01:03', '2023-02-03 23:01:03'),
(506, NULL, 'PA-18034293', '$2y$10$3HMB6uUBuDsJ5JfKaSskJuTZ4SffxWtyUSR9qbw3o7HpgPtN2px.O', 'Herminia', 'Bartell', 'Volkman', 'BSOM', '1', 'G', '1980-02-28', NULL, 'NNZyUZuPWH', '2023-02-03 23:01:03', '2023-02-03 23:01:03'),
(507, NULL, 'PA-19032580', '$2y$10$h4tg3gIK0yTLBuET5/9jiOKzrq8AP3GZoXv0vIxnFd5vhd64GipZ.', 'Rosie', 'Emmerich', 'Volkman', 'BTVTED', '3', 'O', '2002-04-01', NULL, 'zhOi8186Jh', '2023-02-03 23:01:03', '2023-02-03 23:01:03'),
(508, NULL, 'PA-22030448', '$2y$10$beC384599cNJAhKKM0YnEOKH1uuZkq.82GvbMk7h1XAAaIrVsFXy2', 'Doyle', 'Heathcote', 'Volkman', 'ACT', '1', 'F', '1997-10-12', NULL, 'QDnDBtx19f', '2023-02-03 23:01:03', '2023-02-03 23:01:03'),
(509, NULL, 'SJ-19043976', '$2y$10$/hQPHvjy.ZqotNtw1HPYBeRcIPmwO3KkSLAtYCsbBx6/EP9g7TIpi', 'Makenna', 'Waters', 'Volkman', 'ACT', '1', 'V', '1994-08-08', NULL, '5wgs03osST', '2023-02-03 23:01:03', '2023-02-03 23:01:03'),
(510, NULL, 'SR-16070331', '$2y$10$sPpTwY5J2c9DPH4NKe4qS.59jAHXSEwDtUHIW.mGIPlCFgj.wnxPS', 'Earl', 'Sawayn', 'Volkman', 'BSOM', '4', 'G', '2017-02-12', NULL, 'eu332ubELr', '2023-02-03 23:01:03', '2023-02-03 23:01:03'),
(511, NULL, 'SR-18071950', '$2y$10$W2jc32rQ7omZOIpkMpL3YelRfB19uPMc2.lGMBWJRhh/0vbaN5SNO', 'Meda', 'Harber', 'Volkman', 'GAS', '12', 'T', '2017-10-25', NULL, '6HQjXVrIz4', '2023-02-03 23:01:03', '2023-02-03 23:01:03'),
(512, NULL, 'SR-21073731', '$2y$10$D6jdkvb1rT1YPEt43gc9Y.0iR3e0pDY6IXBSZ4MvWYA1iBtn1O81a', 'Ayden', 'Harvey', 'Volkman', 'COMSEC', '4', 'Q', '1981-05-15', NULL, 'Uxul3d77GM', '2023-02-03 23:01:03', '2023-02-03 23:01:03'),
(513, NULL, 'AN-20081358', '$2y$10$9dBZdpkupXUhWvETBucU1./SzmVyGMuLviPCycPmGFIOa1eFAVD2K', 'Florine', 'Hodkiewicz', 'Veum', 'BSAIS', '1', 'O', '1971-07-01', NULL, 'QXChV2QBbJ', '2023-02-03 23:01:03', '2023-02-03 23:01:03'),
(514, NULL, 'AN-20084401', '$2y$10$30KWKQfuOT1NNh9AXd2uz.AM/U83w.AfZB26605WmhZosBUEIpt/2', 'Heber', 'O\'Keefe', 'Veum', 'HRS', '3', 'M', '2014-03-28', NULL, '3kxH3vkA8H', '2023-02-03 23:01:03', '2023-02-03 23:01:03'),
(515, NULL, 'BO-16065450', '$2y$10$kax9XKIFdYhGIoAwHmogh.U9BQrUaMTUDfOvUvqHxs9eQo3iLEOny', 'Ramon', 'Carroll', 'Veum', 'BSOM', '3', 'W', '1998-01-28', NULL, 'HGZItykjXb', '2023-02-03 23:01:03', '2023-02-03 23:01:03'),
(516, NULL, 'BO-22064185', '$2y$10$cQqFoUrbb3BLsQvicTW...4v21W4.mWxchzI1/IjBal8TspXxk0YW', 'Blanca', 'Zboncak', 'Veum', 'BSAIS', '4', 'E', '1998-08-14', NULL, '90DGzqa0Nc', '2023-02-03 23:01:03', '2023-02-03 23:01:03'),
(517, NULL, 'MA-16012459', '$2y$10$WaWGawlhMANNrKBaolyTi.4iWskcVvqUBH5Fmj3ToM8ExFMx.457K', 'Marquise', 'Bode', 'Veum', 'ABM', '11', 'Y', '2005-03-24', NULL, 'n8joMn8TP5', '2023-02-03 23:01:03', '2023-02-03 23:01:03'),
(518, NULL, 'MA-16014995', '$2y$10$GZGM9qZrSYl7sdEoagoXgeVASQEpwFtsqkwnHcHfeyacdO/sCLAJm', 'Orville', 'Anderson', 'Veum', 'COMSEC', '1', 'N', '2021-08-17', NULL, 'IubLrumQz9', '2023-02-03 23:01:03', '2023-02-03 23:01:03'),
(519, NULL, 'MA-17012307', '$2y$10$l5cyH6EoKfzJbHf6WQkwMOoKcpDRtHiYHJdnyGbo.HMZo7Fi9N4.u', 'Zachery', 'Dare', 'Veum', 'COMSEC', '2', 'R', '1996-12-01', NULL, 'kXYy0z3F1F', '2023-02-03 23:01:03', '2023-02-03 23:01:03'),
(520, NULL, 'MA-20013081', '$2y$10$UU6qGjBi6nW5wAyO.8YVMe5jnBJsdEPvYNlzNKyxRBxguDNnTbJOu', 'Kali', 'Hermann', 'Veum', 'HRS', '4', 'F', '1982-06-17', NULL, 'mRXDJ5hfZq', '2023-02-03 23:01:03', '2023-02-03 23:01:03'),
(521, NULL, 'MA-21015397', '$2y$10$IQChX80sOJ3xktcv1HhwmubO/D/uL3XXY5ZmEf/9DEyBdcDyE1LiO', 'Casey', 'Turcotte', 'Veum', 'BSOM', '2', 'A', '1971-08-23', NULL, 'RUYIjFJGHa', '2023-02-03 23:01:03', '2023-02-03 23:01:03'),
(522, NULL, 'OB-16021759', '$2y$10$oOPj2AkMnfLlB4zk1.1L/.8hADWScn1kNxYqY6UClF.TQcHjxo7i.', 'Ubaldo', 'Mante', 'Veum', 'BSIS', '3', 'D', '1984-02-17', NULL, 'f1iAigRZFT', '2023-02-03 23:01:03', '2023-02-03 23:01:03'),
(523, NULL, 'OB-20021375', '$2y$10$ZxqRkd8/2SfpZFRmu43rm.wgzJ.XxTKunL6.ypGpZhsC9GDb4BG8m', 'Bailey', 'Murphy', 'Veum', 'BSOM', '2', 'B', '2007-03-12', NULL, '8giUyKR9SQ', '2023-02-03 23:01:03', '2023-02-03 23:01:03'),
(524, NULL, 'PA-16031392', '$2y$10$dOHxGiPbjeCFhA3ldFhFD.zWhreIC9TmvJ2aAk5KMPm848YdVrZZe', 'Gregory', 'Stamm', 'Veum', 'COMSEC', '3', 'P', '1973-11-28', NULL, 'jVAyCQEj6s', '2023-02-03 23:01:03', '2023-02-03 23:01:03'),
(525, NULL, 'PA-17033327', '$2y$10$AZS3ob7kw8e0xDKRJsGOzOrvAp64VDo3eG9QKsN5iWZMxzPKf7IO.', 'Dayna', 'Rutherford', 'Veum', 'ACT', '4', 'H', '2002-02-09', NULL, 'OnzJyS8lKF', '2023-02-03 23:01:03', '2023-02-03 23:01:03'),
(526, NULL, 'SJ-19043143', '$2y$10$FpDGYs3kelmu.htXpEpmIuoarmOrMJ/y9GLVcUWA0FAjnOi74fxKC', 'Millie', 'Kshlerin', 'Veum', 'COMSEC', '4', 'B', '1989-01-11', NULL, 'rDkdA8x7c2', '2023-02-03 23:01:03', '2023-02-03 23:01:03'),
(527, NULL, 'SJ-22044756', '$2y$10$IOS.SaXPiujFa0BwmfByLu9GcLrJi239Q4Ymah9Sb5rkfPXirSDKq', 'Kira', 'O\'Hara', 'Veum', 'ACT', '3', 'R', '1985-08-25', NULL, 'TDbR4MjY2v', '2023-02-03 23:01:03', '2023-02-03 23:01:03'),
(528, NULL, 'SM-18050187', '$2y$10$5Z/bhUjBi1/i8ibG0Jxz2eay.DipewM5OmVW8w6PKbm6NfpaV.jWe', 'Odessa', 'Bradtke', 'Veum', 'BTVTED', '2', 'J', '1976-02-16', NULL, 'hhV2oeZR0s', '2023-02-03 23:01:03', '2023-02-03 23:01:03'),
(529, NULL, 'SM-19055328', '$2y$10$H/RiwV3Y6.zePaFtmR.ex.WBwKwlLq4S7gmOb.fJE5JveQIy/hNK.', 'Randy', 'Tillman', 'Veum', 'GAS', '11', 'D', '1993-03-22', NULL, 'TqCkVcdkfk', '2023-02-03 23:01:03', '2023-02-03 23:01:03'),
(530, NULL, 'SR-17073805', '$2y$10$atmAZjIiR5WwRiN5Awd/lOXcmf7OhhYZA7nL96lah9w9wSH/Xq/N2', 'Julio', 'McCullough', 'Veum', 'BTVTED', '4', 'X', '2009-10-13', NULL, 'psmwYbfnd9', '2023-02-03 23:01:03', '2023-02-03 23:01:03'),
(531, NULL, 'SR-17075080', '$2y$10$c03enM6kIjYGED6.EUpDJ.uBg4NvKMyR4nMegQo54I51UMU0.KGy2', 'Delfina', 'Keebler', 'Veum', 'ABM', '12', 'Q', '1991-01-02', NULL, 'KKztR5t532', '2023-02-03 23:01:03', '2023-02-03 23:01:03'),
(532, NULL, 'AN-21082873', '$2y$10$J3d/.65yetxzg.VA4r4SienYSEFAy2dwmy0.9idkr5I13bDF.mlkC', 'Evan', 'Daniel', 'Vandervort', 'HRS', '3', 'G', '2002-09-02', NULL, 'egqA7nmthi', '2023-02-03 23:01:03', '2023-02-03 23:01:03'),
(533, NULL, 'BO-21061313', '$2y$10$8EItIbibJFJbvwRk7oShgu9rNSq5YnmSvpqyM//IsUzM3zJMTlsb6', 'Gavin', 'Hills', 'Vandervort', 'BSIS', '2', 'A', '1976-05-18', NULL, 'ZB1oWittVG', '2023-02-03 23:01:03', '2023-02-03 23:01:03'),
(534, NULL, 'MA-19013138', '$2y$10$Tzy8jnOYuesOBZBDfUcbIOUmPYEPCkfejmJhkVCqqVN0grIU.90QG', 'Ari', 'Hills', 'Vandervort', 'COMSEC', '3', 'N', '2003-06-24', NULL, 'tN8eHZ6yUD', '2023-02-03 23:01:03', '2023-02-03 23:01:03'),
(535, NULL, 'MA-20015183', '$2y$10$9HSQ474QJ.Zd362LV0UZvus5ZaxdH/1QRytzU0vRLWRHZ8Q/3RYnW', 'Daisy', 'Baumbach', 'Vandervort', 'BSAIS', '2', 'Y', '2007-11-28', NULL, 'aYtAwmZH6i', '2023-02-03 23:01:03', '2023-02-03 23:01:03'),
(536, NULL, 'MA-22014033', '$2y$10$.k81h1Dchhh0r.T0.lLCt.CQZM9QrY7EHyr4TwBCy3uJYgE/JIpEO', 'Aileen', 'Sawayn', 'Vandervort', 'COMSEC', '3', 'X', '1976-10-27', NULL, 'P8to1IKkKZ', '2023-02-03 23:01:03', '2023-02-03 23:01:03'),
(537, NULL, 'OB-16020439', '$2y$10$CmH2qJDBLBj2dqSheqH13ur4w3mY6WXI58jwyL8FY2kiXNApET94S', 'Sydney', 'Considine', 'Vandervort', 'HRS', '4', 'I', '1987-03-28', NULL, 'MFTEfcJElK', '2023-02-03 23:01:03', '2023-02-03 23:01:03'),
(538, NULL, 'PA-16033080', '$2y$10$b1/YOFPEDiT7Eh.fRcuCF.RKfldnwEVUBcnG9YhZZztoCo3.W1PSq', 'Carrie', 'Lubowitz', 'Vandervort', 'HRS', '2', 'G', '2008-04-28', NULL, 'irJraCbuHV', '2023-02-03 23:01:03', '2023-02-03 23:01:03'),
(539, NULL, 'PA-19031798', '$2y$10$58A8HBre5vrYzgU0fbygjOEnUt3k1uXcB5p5De8/rcELtapW2TiTu', 'Elmira', 'Harber', 'Vandervort', 'COMSEC', '2', 'X', '1983-01-03', NULL, 'pMCGWCkY0D', '2023-02-03 23:01:03', '2023-02-03 23:01:03'),
(540, NULL, 'PA-19032012', '$2y$10$vITt8NKyVbiuugeSCNuHY.KVdWLbBBfzuNRLG4JkXzNE58RH97.Uq', 'Solon', 'Kiehn', 'Vandervort', 'BTVTED', '4', 'B', '1983-08-17', NULL, 'HbDZmzF6ge', '2023-02-03 23:01:03', '2023-02-03 23:01:03'),
(541, NULL, 'PA-21031598', '$2y$10$Vg.C2fsSt//TwVpB4dyGRuwX8B0Z0QeXWEjQHtxEuYdUF6uVnxVym', 'Kirstin', 'Ward', 'Vandervort', 'BSIS', '4', 'K', '2018-08-07', NULL, 'Exs8gLxOVq', '2023-02-03 23:01:03', '2023-02-03 23:01:03'),
(542, NULL, 'SM-19050384', '$2y$10$dofrVrXCvJhwfNKYLiJ/uOgDK7BcZbrizkCn9PgPWkBEnqZIrQvAq', 'Alberta', 'Braun', 'Vandervort', 'GAS', '12', 'B', '2006-12-22', NULL, 'iCCvm8G5um', '2023-02-03 23:01:03', '2023-02-03 23:01:03'),
(543, NULL, 'SM-21053048', '$2y$10$cfmY44QsIbwTguA5QKlc2u6h3/b8B9STWf8/noQ.s4Dfl4IArZ.Ie', 'Unique', 'Bauch', 'Vandervort', 'BSIS', '3', 'V', '2013-02-16', NULL, 'FdUjh01COi', '2023-02-03 23:01:03', '2023-02-03 23:01:03'),
(544, NULL, 'SM-22053356', '$2y$10$0Qv3v9GVLfDjZdCH.6u1IuxsiQlSykGZhio44HS/HgH0QQT4VxlPG', 'Marta', 'Hansen', 'Vandervort', 'BSIS', '3', 'Q', '1982-07-23', NULL, 'bXXwXATLnX', '2023-02-03 23:01:03', '2023-02-03 23:01:03'),
(545, NULL, 'SR-16070641', '$2y$10$LBSY8bnYUrsZJzRqUlnKOurH6FyPUPxO0lCXXzzoxggUnnxewVQAW', 'Brianne', 'Funk', 'Vandervort', 'ACT', '4', 'F', '2014-05-02', NULL, 'XEkdflh3Td', '2023-02-03 23:01:03', '2023-02-03 23:01:03'),
(546, NULL, 'AN-17082642', '$2y$10$jGf5Rn5bFgeId6jHkp1cOeDobL2lg1RdOA.Xd52jX9eoxgLDYgyYe', 'Alysson', 'Schmeler', 'Upton', 'BTVTED', '4', 'N', '1978-09-10', NULL, 'H9JQl73Euw', '2023-02-03 23:01:03', '2023-02-03 23:01:03'),
(547, NULL, 'AN-20085156', '$2y$10$Qx244PwCLVTpp8nT1qJ2UuAKPAgY0rgidF1BkHE.JTyv0uXTgbFEi', 'Jarvis', 'Strosin', 'Upton', 'BSIS', '1', 'V', '1994-06-23', NULL, 'LuIbwsN7dM', '2023-02-03 23:01:03', '2023-02-03 23:01:03'),
(548, NULL, 'BO-17065700', '$2y$10$Ub9/mX6uzbenZXA2fZdlLOk17/M5opTM8knp7s1F2C9QcWfkksDfe', 'Casimir', 'Paucek', 'Upton', 'GAS', '11', 'X', '1987-05-08', NULL, 'V1gjy49iMU', '2023-02-03 23:01:03', '2023-02-03 23:01:03'),
(549, NULL, 'BO-18061847', '$2y$10$RDENqjjHsJA5wRe7qaFBa.GP0iFAC5PaHtb5QyiukMwq1bgaZbLWa', 'Gladyce', 'Bradtke', 'Upton', 'HRS', '3', 'W', '1987-10-27', NULL, 'iHBgU2etmj', '2023-02-03 23:01:03', '2023-02-03 23:01:03'),
(550, NULL, 'OB-19022493', '$2y$10$F1VePyJB0E8R8MjJ7LFhf.GSFU5rRMaiceekw1mG1VZTaAqLrXjTW', 'Richie', 'Harber', 'Upton', 'BSOM', '2', 'W', '1970-01-29', NULL, '5keN55HCoF', '2023-02-03 23:01:03', '2023-02-03 23:01:03'),
(551, NULL, 'OB-21021710', '$2y$10$9yu2Llq9Y2sOUG22fsLkNO3le7eqDdfIxdERx6XkBsmv0iAvoviLK', 'Tomasa', 'Toy', 'Upton', 'BTVTED', '3', 'V', '1973-04-11', NULL, 'cFceokb3VL', '2023-02-03 23:01:03', '2023-02-03 23:01:03'),
(552, NULL, 'PA-20034824', '$2y$10$4zYnn4Z1k7yrH0taZPIJc.iSBL5UHV2IFJxocSPVhXaxQWqSIhZ6O', 'Don', 'Grimes', 'Upton', 'HRS', '2', 'U', '1976-05-07', NULL, '5GcmNKb9t1', '2023-02-03 23:01:03', '2023-02-03 23:01:03'),
(553, NULL, 'SJ-19042445', '$2y$10$ZNK7OMc22Ds3xSv7lEE3fOq8Rcn1cCMOf.qNP/fNBwCzEq3FwSpRG', 'Parker', 'Hand', 'Upton', 'ACT', '1', 'Z', '2002-05-04', NULL, 'TAqqLK7pPU', '2023-02-03 23:01:03', '2023-02-03 23:01:03'),
(554, NULL, 'SM-16054240', '$2y$10$V.qk15kOparvHGchOoxng.1ucBFPDPwIFZ8THSbp2fuGdUMAObLQ2', 'Timmothy', 'Gibson', 'Upton', 'HRS', '1', 'T', '1993-01-15', NULL, '80xZtnXdja', '2023-02-03 23:01:03', '2023-02-03 23:01:03'),
(555, NULL, 'SM-20051565', '$2y$10$tCOXCBJTIjIMsWpFpIRbveLtMsEqJ4CoJFrJPBV/D8b.HltuWE4Wq', 'Nasir', 'Hartmann', 'Upton', 'BSOM', '2', 'Y', '1985-05-02', NULL, 'WplXHwzmAO', '2023-02-03 23:01:03', '2023-02-03 23:01:03'),
(556, NULL, 'SM-21055075', '$2y$10$D8qHwBr9okIRLrXgdmEBGOaYI0cMvcsJvBdd9eNVbYolgGwiZvU2G', 'Marion', 'Dietrich', 'Upton', 'HRS', '1', 'R', '1998-10-17', NULL, 'yyiMTFwW8V', '2023-02-03 23:01:03', '2023-02-03 23:01:03'),
(557, NULL, 'AN-18080863', '$2y$10$p0hRXA6b.5AHAstKLi2DR.pbFic9ll12G2XKStwh5TpxpIcXgd5iW', 'Jaylan', 'O\'Hara', 'Ullrich', 'ABM', '12', 'V', '1976-03-14', NULL, 'jeK0DID8LhowS8bPCtjnG8SFd3Ulqap09n05HdOInVTShk2kWgK6X41gFFdr', '2023-02-03 23:01:03', '2023-02-03 23:01:03'),
(558, NULL, 'OB-16022150', '$2y$10$LKdQNszhAbAs0LRoA9VPqeqv3oXSpIczWwAUH/ek6.zbtvp2iteH2', 'Brady', 'Effertz', 'Ullrich', 'BSAIS', '4', 'B', '2009-09-08', NULL, 'edZ8sgqAjc', '2023-02-03 23:01:03', '2023-02-03 23:01:03'),
(559, NULL, 'OB-19020965', '$2y$10$DxBV2q43xq9FeQssnC3cLOt4v/3Dy0uVgNN5pPh.Bsu/ZZF79CBbS', 'Gertrude', 'Hagenes', 'Ullrich', 'HRS', '2', 'E', '1976-05-05', NULL, 'rLSmTi8ir2', '2023-02-03 23:01:03', '2023-02-03 23:01:03'),
(560, NULL, 'OB-21025780', '$2y$10$hShB2hzytxVT7E473ol47OSvN1byq0H9Uv/aFyLtTwWZ7hV.AeRm6', 'Daphne', 'Hartmann', 'Ullrich', 'ABM', '12', 'T', '2008-03-02', NULL, 'NhgJZwyfq7', '2023-02-03 23:01:03', '2023-02-03 23:01:03'),
(561, NULL, 'PA-20031884', '$2y$10$HDsBo19IbyRrhBVFaNrpd.D/u5cF4HBwzWPKzdK5Fk2IubsaFiDsy', 'Antwan', 'Kub', 'Ullrich', 'ABM', '12', 'A', '1976-07-05', NULL, 'N3vkDLEatX', '2023-02-03 23:01:03', '2023-02-03 23:01:03'),
(562, NULL, 'SJ-16043649', '$2y$10$mcCXR2.FiJT.zK2BUPJ1n.9tijvCjypb4zZ/voyE.k0niMutwGtUC', 'Gerard', 'Hill', 'Ullrich', 'GAS', '12', 'E', '1975-03-30', NULL, 'Ys6J9D0qV3', '2023-02-03 23:01:03', '2023-02-03 23:01:03'),
(563, NULL, 'SJ-17042384', '$2y$10$ld/FDYfdMkGR2TutDkIrMeutU.FothhS8xABe/S0UDRlbo5cwWhYK', 'Dejon', 'Kerluke', 'Ullrich', 'HRS', '3', 'T', '1983-08-04', NULL, 'X1OG1jWkgO', '2023-02-03 23:01:03', '2023-02-03 23:01:03'),
(564, NULL, 'SJ-21040302', '$2y$10$YVcWyKbU5307m4uySkjqS.yGHMBDtZGv51HujAY.Q3L1214ma9.le', 'Melvin', 'Kassulke', 'Ullrich', 'BSIS', '4', 'D', '1989-12-02', NULL, 'j3WaDE5ORJ', '2023-02-03 23:01:03', '2023-02-03 23:01:03'),
(565, NULL, 'SM-20052917', '$2y$10$bIg2gixq2TU8cHYP.TuaMu/PMihAX4jrH0KuZ8zyj1paaFQJu58aK', 'Rosanna', 'Crooks', 'Ullrich', 'COMSEC', '3', 'T', '2017-04-04', NULL, 'hYXa7qUUox', '2023-02-03 23:01:03', '2023-02-03 23:01:03'),
(566, NULL, 'SM-21052510', '$2y$10$3FumRt4RMCDRnlus9CCGfuDoha9j54o7Ttv5p2h.rNK4baJT5gXoC', 'Giovanna', 'Kunze', 'Ullrich', 'HRS', '1', 'Y', '2010-11-19', NULL, 'meHZMe26i9', '2023-02-03 23:01:03', '2023-02-03 23:01:03'),
(567, NULL, 'AN-20084152', '$2y$10$PPnjHgKKVb0C7QB0e/6PN.rUYKyUAQVVh.zzI4FlrWRK4aNmaXja.', 'Lupe', 'Shields', 'Turner', 'ACT', '1', 'B', '1986-04-11', NULL, 'GPdJOzv7pT', '2023-02-03 23:01:03', '2023-02-03 23:01:03'),
(568, NULL, 'MA-19013864', '$2y$10$FBc3VqgxnyU5LiLVqC4ohOOsGkufHhIsMzV.NCowuBhbmaV37zd1e', 'Audreanne', 'Carter', 'Turner', 'BSAIS', '2', 'W', '2006-12-10', NULL, '21ZJeOq2Tt', '2023-02-03 23:01:03', '2023-02-03 23:01:03'),
(569, NULL, 'OB-19021060', '$2y$10$.D6mzNHG5U2ddlnYjWrD8O1J2fN4xpf04/gnyeqazGvXSltpd1Qv2', 'Jacinto', 'Zieme', 'Turner', 'BTVTED', '3', 'B', '1987-01-13', NULL, '5SJkOlZg7c', '2023-02-03 23:01:03', '2023-02-03 23:01:03'),
(570, NULL, 'OB-19023419', '$2y$10$pDVw9xN3qkJrWNXNQtJ64eh1fj/dPSFZorao63dAnDG9Ae1TAlhTO', 'Marquis', 'Langworth', 'Turner', 'BSAIS', '2', 'B', '1985-04-17', NULL, '0A83K1VSUd', '2023-02-03 23:01:03', '2023-02-03 23:01:03'),
(571, NULL, 'SJ-22043728', '$2y$10$OkFu56SjGzqQRZPYroTPk.CIoqQ2zxah.4eBv/IBRFaXWswo5pDQK', 'Domenic', 'Lynch', 'Turner', 'BTVTED', '1', 'A', '1979-12-17', NULL, 'TROzZ1D6nH', '2023-02-03 23:01:03', '2023-02-03 23:01:03'),
(572, NULL, 'SM-17054217', '$2y$10$o0shYZ8ho6ddNVpBbWIpWe45fqy3plGD08IVpt9Vj1GAW25C4qP76', 'Genoveva', 'Miller', 'Turner', 'BSOM', '3', 'M', '2000-02-04', NULL, '5euwIe2e3B', '2023-02-03 23:01:03', '2023-02-03 23:01:03'),
(573, NULL, 'SM-22052959', '$2y$10$OgGP0E0W4.Gl15Dr0JMn1uTgdAyEvJYGIV8iQEX4iFN72Z2mvWsLe', 'Sanford', 'Spencer', 'Turner', 'BTVTED', '4', 'R', '1980-02-17', NULL, 'ljIiW4HAIg', '2023-02-03 23:01:03', '2023-02-03 23:01:03'),
(574, NULL, 'SR-22073668', '$2y$10$w36gdSyeFGNwrLuWbEcepu3va4guNXwRVeKOAli2BYRiqhEVCGdF2', 'Garnet', 'Rodriguez', 'Turner', 'BSIS', '1', 'R', '2005-12-05', NULL, 'ha77k9OAae', '2023-02-03 23:01:03', '2023-02-03 23:01:03'),
(575, NULL, 'AN-17083615', '$2y$10$KgCiRHlYpcUPOiaE0Rb39.jZuFlCW97XmqWHka.gsLkanvdaA76ii', 'Alejandra', 'Nicolas', 'Turcotte', 'HRS', '3', 'V', '2010-04-20', NULL, 'EJShiggdIk', '2023-02-03 23:01:03', '2023-02-03 23:01:03'),
(576, NULL, 'AN-18082344', '$2y$10$v9qrWWBWdF1xRzD5UMRZ6O6Ri98Af8xGfD/zv7Cw9gJyIHzNGobg2', 'Augustine', 'O\'Hara', 'Turcotte', 'BSIS', '1', 'L', '2004-04-15', NULL, '95GGN7nQG4', '2023-02-03 23:01:03', '2023-02-03 23:01:03'),
(577, NULL, 'BO-18060127', '$2y$10$riu/yLgDiugNfkKulvdus.htEdKX6tAii26lzhg6UFaOV0vxTUujW', 'Agnes', 'Walker', 'Turcotte', 'HRS', '1', 'I', '1984-12-12', NULL, 'bg3tG0hxNV', '2023-02-03 23:01:03', '2023-02-03 23:01:03'),
(578, NULL, 'BO-20060074', '$2y$10$u21OawsgE1QpFv5Rnxr1iu6bAHCLfkzNneFAhLstAfiJljGBmvoQW', 'Raphaelle', 'Jacobson', 'Turcotte', 'BSAIS', '2', 'I', '2021-12-03', NULL, 'DHHncc5I9I', '2023-02-03 23:01:03', '2023-02-03 23:01:03'),
(579, NULL, 'BO-21061897', '$2y$10$Gt.x80uGH756aMWxi0GS2OWOaZHr5i9FJiCeRGcrtQEcoGMpo2BKe', 'Emil', 'Wisozk', 'Turcotte', 'COMSEC', '4', 'X', '1990-07-01', NULL, 'sIVePY1tvL', '2023-02-03 23:01:03', '2023-02-03 23:01:03'),
(580, NULL, 'BO-21064410', '$2y$10$3myvHTUfAZTcmBCF9qgzLuYWrk.mxxuQ3RBisfNudZO4sPzXxRyti', 'Kenneth', 'Koss', 'Turcotte', 'BTVTED', '2', 'M', '1982-04-04', NULL, 'Md3oTW4ZvQ', '2023-02-03 23:01:03', '2023-02-03 23:01:03'),
(581, NULL, 'MA-18013509', '$2y$10$cr4GsurP2bUtrs26xcrdJ.yDTI7ZH0HZG2OXx.UXygUH56yX38qfC', 'Constance', 'Huels', 'Turcotte', 'ACT', '2', 'U', '1986-03-19', NULL, 'QngzNKBYtn', '2023-02-03 23:01:03', '2023-02-03 23:01:03'),
(582, NULL, 'MA-21012141', '$2y$10$W0u/.kBG0PNFHdlhcEUj8ObUpz7dBHPbSMxDk.nfkgT9l1ViEEAP.', 'Kiarra', 'Bahringer', 'Turcotte', 'BSIS', '2', 'L', '2010-02-04', NULL, 'A5VKtsmnwP', '2023-02-03 23:01:03', '2023-02-03 23:01:03'),
(583, NULL, 'OB-18021022', '$2y$10$BckfLNEcDo3911M6fyORyu/2he57faEhrz1ysmDPNbAlYef/aJ/fW', 'Charlie', 'Volkman', 'Turcotte', 'BTVTED', '2', 'Y', '2008-12-18', NULL, 'DRjO8kRm8Q', '2023-02-03 23:01:03', '2023-02-03 23:01:03'),
(584, NULL, 'OB-20023858', '$2y$10$rSWGHh9S/V5vI/YRkgHMn.OeuYH8WoRnM3sLUlBFQGvzpLXKqhIsK', 'Myrtie', 'Schuster', 'Turcotte', 'ACT', '2', 'C', '2002-04-13', NULL, '0byHkxlMOw', '2023-02-03 23:01:03', '2023-02-03 23:01:03'),
(585, NULL, 'PA-21032993', '$2y$10$.6f2fmUj9PNGUZ6DZla7Kekan.VYgBhl0jHbcTgEo6KDF46VsnquC', 'Paris', 'Waters', 'Turcotte', 'ABM', '11', 'D', '1992-12-20', NULL, 'IahWmQr0rN', '2023-02-03 23:01:03', '2023-02-03 23:01:03'),
(586, NULL, 'PA-22032151', '$2y$10$3F/eVzeBuQownzghuS2m4.3nY3D7HzZuHpRHyCgUr6t5KKyKx7TXC', 'Gina', 'McKenzie', 'Turcotte', 'COMSEC', '2', 'L', '1979-11-15', NULL, 'Vjv3rDyr5r', '2023-02-03 23:01:03', '2023-02-03 23:01:03'),
(587, NULL, 'SJ-21040242', '$2y$10$mBNi/uSfL/GlX0s6jIV3Lu5A7dMa7/HzCM4siGHtqvMrQKr04TB7.', 'Kyla', 'Pfannerstill', 'Turcotte', 'GAS', '12', 'T', '2006-04-29', NULL, 'ooSwwzyuJS', '2023-02-03 23:01:03', '2023-02-03 23:01:03'),
(588, NULL, 'SM-21055054', '$2y$10$Y6p2nqYwNsgFUffjy6XDe.W0AlB5iaxwCYqoEoBgEXLWCWQuV9fTy', 'June', 'Haley', 'Turcotte', 'ABM', '11', 'Z', '1986-10-11', NULL, 'Y8YOxo4XK2', '2023-02-03 23:01:03', '2023-02-03 23:01:03'),
(589, NULL, 'SR-18073087', '$2y$10$0LTB1Gv6d7U6NBbNEmRDw.ZMzh2CDOH5R6INGWQ8OqXNJcC5b3COK', 'Nova', 'Schmeler', 'Turcotte', 'GAS', '11', 'V', '2019-11-26', NULL, 'tjPVyp87Fj', '2023-02-03 23:01:03', '2023-02-03 23:01:03'),
(590, NULL, 'SR-21074508', '$2y$10$Tslqn2J2JcLFyuxiE5RRGusK7KCfQ0x9hZ8gF626sXTevGzl0gcRa', 'Omer', 'Bartoletti', 'Turcotte', 'HRS', '3', 'J', '2008-11-20', NULL, 'ZHqidrlBgv', '2023-02-03 23:01:03', '2023-02-03 23:01:03'),
(591, 'profilePics/QSJCyqFMDTqQUf4v6qjxsD11sUA64C25w2g1TnsS.jpg', 'AN-16080966', '$2y$10$9YANA.EwXYBNCPq7q8EGQubxQI3shnVE.hz0S69qU0OBPgO3RpO6.', 'Grover', 'Willms', 'Tromp', 'GAS', '12', 'K', '1975-10-27', 'emailnijimwell@gmail.com', 'ReERRKYkcxQX13eWoEYO2ROAhPiNLGE5ve0O4chESg7ozeMdrahQnwE3tTGE', '2023-02-03 23:01:03', '2023-02-03 23:23:37'),
(592, NULL, 'BO-16060631', '$2y$10$crRVpx6vN5dALC1YssnwbOfaLhMULvYv9V8lArW0XWteRk8Ss7/V6', 'Magnus', 'Parker', 'Tromp', 'ACT', '2', 'B', '2020-10-20', NULL, '2Q5bdM0O2R', '2023-02-03 23:01:03', '2023-02-03 23:01:03'),
(593, NULL, 'BO-20060648', '$2y$10$cAzAu0MGOiDH8hjmVn/Qtempe1zkmfLwb7c1NVSG3uZKB2qikeJki', 'Tracy', 'Carroll', 'Tromp', 'ABM', '12', 'G', '2017-04-24', NULL, 'tqeFBdvi4c', '2023-02-03 23:01:03', '2023-02-03 23:01:03'),
(594, NULL, 'BO-20061952', '$2y$10$sHJ5ifO4bSrT/XGcmu7dHeL4Kq/4A/tLXKMOeHQdcH55vcs0nJpq6', 'Hester', 'Howe', 'Tromp', 'ACT', '1', 'D', '1982-01-21', NULL, 'adxYyEI9iK', '2023-02-03 23:01:03', '2023-02-03 23:01:03'),
(595, NULL, 'MA-16010826', '$2y$10$HX5ddfjCeZc8pZnbyBo7bejdxk2/JkuKWCe5ncgzKAcXdcH16nQ9a', 'Bria', 'Murazik', 'Tromp', 'HRS', '1', 'U', '1979-09-03', NULL, 'wzmQiDsiel', '2023-02-03 23:01:04', '2023-02-03 23:01:04'),
(596, NULL, 'MA-17011366', '$2y$10$SCnHA2i1bDH7DHHgoUd6LuiSPDwEJBTXA.hb8RX/AA.byg1BKF0Su', 'Lolita', 'Weissnat', 'Tromp', 'ACT', '1', 'P', '2020-05-24', NULL, 'z0BVPZ2C7X', '2023-02-03 23:01:04', '2023-02-03 23:01:04'),
(597, NULL, 'OB-18020621', '$2y$10$avqMhyiMkU7/y90bvhW7m.yeq3.VwXTg4nXe6.7QvOrwNeeXKr6Bu', 'Fleta', 'Toy', 'Tromp', 'BSOM', '2', 'H', '2001-08-13', NULL, 'NXufuMldSc', '2023-02-03 23:01:04', '2023-02-03 23:01:04'),
(598, NULL, 'OB-20023564', '$2y$10$fNRvOwMTqEVEFOnm1pkRbOJQLRwQZfVmXQQj9kG3kQ35c/wSd.7hS', 'Weldon', 'Bogan', 'Tromp', 'HRS', '1', 'M', '2015-05-06', NULL, 'tBDMg1Gtfw', '2023-02-03 23:01:04', '2023-02-03 23:01:04'),
(599, NULL, 'OB-21024757', '$2y$10$xbEs4TuzBZxhjJqeFQxhY.AhlfhDsDvDvn4RqfcY9H.C5klikkrhi', 'Narciso', 'Metz', 'Tromp', 'COMSEC', '2', 'Q', '2006-03-24', NULL, 'hFhT2PHBPq', '2023-02-03 23:01:04', '2023-02-03 23:01:04'),
(600, NULL, 'PA-21034129', '$2y$10$C5tJ.etxDnbEoy.VMhfhqu1heB6cI4GdUg2fiqkjCPHWxXR5WAORC', 'Lera', 'Robel', 'Tromp', 'BTVTED', '2', 'U', '1986-01-20', NULL, 'yWm3C4JLcn', '2023-02-03 23:01:04', '2023-02-03 23:01:04'),
(601, NULL, 'PA-21034432', '$2y$10$oPPmQznJiBR/Hy4cK5W4u.6V2x8B1uHvv.Uq5y7vjfK8rxHuB.3KW', 'Madaline', 'Vandervort', 'Tromp', 'BTVTED', '3', 'F', '1990-09-03', NULL, 'EG1OoduHcN', '2023-02-03 23:01:04', '2023-02-03 23:01:04'),
(602, NULL, 'SJ-18043216', '$2y$10$2X3.zCaFS48w03HeZJJCBu6WHEI7OO34hj99n3hYvET3gaaKorhgm', 'Samantha', 'McDermott', 'Tromp', 'BSOM', '3', 'F', '1989-03-18', NULL, '0IIjNS3u2y', '2023-02-03 23:01:04', '2023-02-03 23:01:04'),
(603, NULL, 'SJ-21042335', '$2y$10$qgEHJBtkBIwdXGMtT4BwPuN8HlxWfeRkYVdLy4lCUtAuJelG3pxrK', 'Rey', 'Gaylord', 'Tromp', 'HRS', '2', 'O', '2017-07-07', NULL, 'x55UdWKuwz', '2023-02-03 23:01:04', '2023-02-03 23:01:04'),
(604, NULL, 'SJ-22042110', '$2y$10$QK5u9ExLHqLC8YG/gVNCz.83LcxvwAg7ENdz1jGWZawJDT74Z3CCC', 'Lelah', 'Hayes', 'Tromp', 'GAS', '11', 'G', '1989-11-29', NULL, 'L00h6n9SpZ', '2023-02-03 23:01:04', '2023-02-03 23:01:04'),
(605, NULL, 'SR-16074841', '$2y$10$Y9a/FnfOm3u6wnUVAoU9BernbkVjLKhRvRIbOn/5csdrYL0nC1R1u', 'Shanel', 'Greenfelder', 'Tromp', 'BSAIS', '2', 'L', '2006-11-11', NULL, 'SqQ1l8VJtW', '2023-02-03 23:01:04', '2023-02-03 23:01:04'),
(606, NULL, 'SR-22072931', '$2y$10$/QypXnkbro1LGVN5Du2tcepVePeGCY/ebYxjdyNoeDzgX.JCWjl0.', 'Darrell', 'Brakus', 'Tromp', 'ACT', '1', 'W', '1998-12-22', NULL, 'OcORJA3MVf', '2023-02-03 23:01:04', '2023-02-03 23:01:04'),
(607, NULL, 'AN-19082591', '$2y$10$HjDq4md/eXTJIyw8xVQkW.0p3C5entj92gT6j/6g2CrCNicvfjFhC', 'Lue', 'Reilly', 'Treutel', 'BTVTED', '4', 'M', '2020-10-21', NULL, 'EY1qw18Wls', '2023-02-03 23:01:04', '2023-02-03 23:01:04'),
(608, NULL, 'AN-19084901', '$2y$10$ZP6ek0VzZyqUKg80TXuqFuh92ZVD.qDNA5jvo1kk5dJFHpMBu0dc6', 'Josh', 'Johns', 'Treutel', 'BTVTED', '4', 'P', '1997-02-08', NULL, '3qxQH01AHK', '2023-02-03 23:01:04', '2023-02-03 23:01:04'),
(609, NULL, 'AN-20081052', '$2y$10$pQ7sOtyZ.4Mw/vnlkQEbWul57XXUZK5uuShN7YKBqxRagxlKFlk4i', 'Kian', 'Goodwin', 'Treutel', 'GAS', '12', 'R', '1999-11-21', NULL, 'EWAKCu8mRK8G5g71y54oFEF0iFbaYH7j2plUGbQ4E8ORhvr56JsBSvJEXtTy', '2023-02-03 23:01:04', '2023-02-03 23:01:04'),
(610, NULL, 'BO-22062372', '$2y$10$dFLTLDn1dooRhpwO7zBXw.Obbg/5phWiLgdjhO0sijXskYvXlRh4e', 'Jared', 'Reichert', 'Treutel', 'COMSEC', '4', 'O', '1988-08-18', NULL, 'B61p1DjHnX', '2023-02-03 23:01:04', '2023-02-03 23:01:04'),
(611, NULL, 'MA-18013056', '$2y$10$nmHziaZAObtB/g0mIEgdr.jVB70eRd9GdBRgQm.cWRtjIL5LfoIzy', 'Dino', 'Marvin', 'Treutel', 'ACT', '4', 'E', '1991-08-02', NULL, 'BZQ6EdSHEE', '2023-02-03 23:01:04', '2023-02-03 23:01:04'),
(612, NULL, 'MA-22010877', '$2y$10$Y6QoZDimALgw46tzBulonOancNSiIVAquNd9YXNnSBxRl3ixIep6.', 'Lea', 'Morissette', 'Treutel', 'BSAIS', '2', 'R', '1982-09-25', NULL, 'Psuv3qmjuT', '2023-02-03 23:01:04', '2023-02-03 23:01:04'),
(613, NULL, 'PA-20034014', '$2y$10$3XUFwRcJ03ZoH571am8ZHOHXJw6/fzFaKgm/HKQ5nuSk.aj0YTmw6', 'Felicia', 'Schuster', 'Treutel', 'BSIS', '3', 'Q', '1982-08-22', NULL, 'mdgqa90zQj', '2023-02-03 23:01:04', '2023-02-03 23:01:04'),
(614, NULL, 'SJ-21041225', '$2y$10$EeN4Oe0AYZrqB9UDn8dTZO1HQuBcoh33l7fgy3dVJkTDHcbOm4FDK', 'Kari', 'Paucek', 'Treutel', 'BSOM', '3', 'C', '2022-07-23', NULL, 'JpOsuLaFk7', '2023-02-03 23:01:04', '2023-02-03 23:01:04'),
(615, NULL, 'SM-20053554', '$2y$10$4.jXyosqW6mhjTHmrW/iVOo6K/./yxWjHh43U3FbAho8LYY9/l2qG', 'Sofia', 'Stracke', 'Treutel', 'COMSEC', '1', 'W', '1993-04-24', NULL, 'YxMG6zy40X', '2023-02-03 23:01:04', '2023-02-03 23:01:04'),
(616, NULL, 'SR-20072442', '$2y$10$2OYazr.u1xaUgOggxhSVB.f4PFdxBoAXNVORPTb4kMWUNp/QgUTJS', 'Henderson', 'Kovacek', 'Treutel', 'GAS', '12', 'K', '1993-09-02', NULL, 'rpQQ4rj9Ao', '2023-02-03 23:01:04', '2023-02-03 23:01:04'),
(617, NULL, 'SR-22072891', '$2y$10$wK7Fn2KMrU5j./wV2sYooOUjtDEk86M7mDjQStjNY09VL.ni6Qux6', 'Golden', 'Konopelski', 'Treutel', 'HRS', '4', 'V', '2008-07-07', NULL, 'syewUdYVES', '2023-02-03 23:01:04', '2023-02-03 23:01:04'),
(618, NULL, 'BO-20060577', '$2y$10$Grfzc4CtoQq8Le8rUvo8.Or5Vb0wfIDxGKUq8kXiogVmCG6drcIbG', 'Haylie', 'Olson', 'Tremblay', 'ACT', '1', 'C', '1975-08-13', NULL, 'uRUJ3OICAR', '2023-02-03 23:01:04', '2023-02-03 23:01:04'),
(619, NULL, 'BO-20065556', '$2y$10$GlTumfMerBLHPywFA9hNO.K7h/1K17ugrGVg1D53wp10HnpLa12pG', 'Oran', 'Kihn', 'Tremblay', 'BTVTED', '2', 'O', '1994-07-29', NULL, 'uE2zCvN8XL', '2023-02-03 23:01:04', '2023-02-03 23:01:04'),
(620, NULL, 'BO-21061145', '$2y$10$oCKb/yCxM.KMOodfQ0XRwOi0XWvKO.Xipz32LBR5ifUDoPcLFE3DS', 'Naomie', 'Schiller', 'Tremblay', 'GAS', '12', 'P', '2020-03-18', NULL, 'ziIAM8ZxX6', '2023-02-03 23:01:04', '2023-02-03 23:01:04'),
(621, NULL, 'BO-21065903', '$2y$10$6frZo/FyjpDI5J5hSqpVw.DgzUCjdH7eAGCaErZXDuOOTEBde0Squ', 'Carolyne', 'Padberg', 'Tremblay', 'HRS', '1', 'Z', '2019-10-07', NULL, 'czLKTUOT9x', '2023-02-03 23:01:04', '2023-02-03 23:01:04'),
(622, NULL, 'OB-18023752', '$2y$10$t48AJWfkSR.cjgxW4vfaVuPGsjFq03bJaRrFbFrX7AbDkVd6kaTxS', 'Linda', 'Kiehn', 'Tremblay', 'BSAIS', '2', 'A', '2012-06-20', NULL, 'MWLsmSY4Yh', '2023-02-03 23:01:04', '2023-02-03 23:01:04'),
(623, NULL, 'OB-22022446', '$2y$10$OaKMfTJU8XnLWp0VufKvmeQS1uBLIx9/vFVEB2GZ5hOchNUG/mapq', 'Julia', 'Bashirian', 'Tremblay', 'BTVTED', '4', 'V', '2000-03-03', NULL, 'O2Ia9AZmQc', '2023-02-03 23:01:04', '2023-02-03 23:01:04'),
(624, NULL, 'PA-16034478', '$2y$10$AjKPJmNIon72IdyPax5gG.zCcJBcc3VKxLCAfoZeCtCMpPDSXTGAC', 'Brooks', 'Mosciski', 'Tremblay', 'ABM', '12', 'W', '1979-10-29', NULL, 'SDUQgjTU6o', '2023-02-03 23:01:04', '2023-02-03 23:01:04'),
(625, NULL, 'PA-17032366', '$2y$10$Vpt7wqlhmcbBNUYCNjESke1cZj9Ti/gz7U.GP02el5jbo3ZYw20rW', 'Ava', 'O\'Connell', 'Tremblay', 'GAS', '11', 'M', '1971-10-02', NULL, 'e7OnAXU7dL', '2023-02-03 23:01:04', '2023-02-03 23:01:04'),
(626, NULL, 'PA-18030239', '$2y$10$coVMmCX6SCEB6nrscGlFxehQONzeX5F4WYl5qzQgUgFQqtmwn9NI.', 'Raleigh', 'Goodwin', 'Tremblay', 'COMSEC', '4', 'U', '1974-06-05', NULL, 'pGJFni7dWS', '2023-02-03 23:01:04', '2023-02-03 23:01:04'),
(627, NULL, 'SJ-16040676', '$2y$10$PXwFwb.nfoNHYvz5JMZNXel2k5z/mQkJUgQmbG.bQvanQJ3FEY3Zi', 'Christy', 'Murray', 'Tremblay', 'ABM', '12', 'W', '1980-02-14', NULL, 'JYQpO1TzIS', '2023-02-03 23:01:04', '2023-02-03 23:01:04'),
(628, NULL, 'SJ-21041220', '$2y$10$X0ksAbaS7dTYhSr/H52.su/hfxc8SIB43VWLv/8vbHxtW/EqRNvwG', 'Rory', 'Steuber', 'Tremblay', 'BSAIS', '2', 'Q', '2001-03-09', NULL, 'KDoQWJ03jl', '2023-02-03 23:01:04', '2023-02-03 23:01:04'),
(629, NULL, 'SM-16055203', '$2y$10$X5YJAvRTEEkofwjgdUyie.xGf0fL5.JKyE9fAk7CFE5DIJA2o3Ov2', 'Kadin', 'Gerlach', 'Tremblay', 'COMSEC', '1', 'F', '2020-11-01', NULL, '3fIwO6L5FX', '2023-02-03 23:01:04', '2023-02-03 23:01:04'),
(630, NULL, 'SM-22050871', '$2y$10$73X0HJ7eHvC8nKOngwPdUOxqC2k7aeuKA4bTu65c7CqmkxPMZWjeq', 'Jerad', 'Wisoky', 'Tremblay', 'BSIS', '2', 'M', '1998-04-28', NULL, 'jkeHCeMY0p', '2023-02-03 23:01:04', '2023-02-03 23:01:04'),
(631, NULL, 'SR-19071480', '$2y$10$Ht2H8CqNgWs05y7ZB8F4Q.Ru8qxOlx1xFliUmgeHSnvz4y03DdUB2', 'Richard', 'Smith', 'Tremblay', 'GAS', '11', 'G', '2002-07-27', NULL, 'QrlKXQGIR6', '2023-02-03 23:01:04', '2023-02-03 23:01:04'),
(632, NULL, 'AN-17083557', '$2y$10$.XUigiS85qWxivPtACwrXOhfIOY2kN8ygbvdvEwsl0naobBh4pphW', 'Jodie', 'Greenfelder', 'Trantow', 'BSIS', '2', 'U', '1971-05-17', NULL, 'TBIsVjmeI1', '2023-02-03 23:01:04', '2023-02-03 23:01:04'),
(633, NULL, 'AN-17085473', '$2y$10$r0hyCynqGAtVWATmiT69VOf4jfYIwqIHyphEyhDvLqngwv93jbNcy', 'Colleen', 'Schuppe', 'Trantow', 'COMSEC', '4', 'G', '1982-02-02', NULL, 'UrWk622KiA', '2023-02-03 23:01:04', '2023-02-03 23:01:04'),
(634, NULL, 'BO-18062229', '$2y$10$GUIljMNfd9SK.CN/6Q8DEOCr0GGfBOomIoGRKt7qQNBt30lzIymmO', 'Godfrey', 'Lebsack', 'Trantow', 'GAS', '11', 'F', '2004-08-24', NULL, 't7SJvKslIS', '2023-02-03 23:01:04', '2023-02-03 23:01:04'),
(635, NULL, 'BO-19064118', '$2y$10$w3DhIPKf1Xo/mQO3zwOBiey9gseOvhtiBMpU28j/j3C531Jq26C2a', 'Brian', 'Hand', 'Trantow', 'BSOM', '2', 'B', '1999-11-20', NULL, 's1Bzaq8ExT', '2023-02-03 23:01:04', '2023-02-03 23:01:04'),
(636, NULL, 'MA-16013956', '$2y$10$GTVYpNTxHlMayP9OY8l7WeOHrNZ4KvuI5JEM9pVofBslFbQr.yvyy', 'Nikita', 'Frami', 'Trantow', 'HRS', '4', 'C', '2013-04-27', NULL, 'yn5cR2jPZq', '2023-02-03 23:01:04', '2023-02-03 23:01:04'),
(637, NULL, 'MA-17014774', '$2y$10$/TaCgOz0wKd8lXUcg1onducUJLOVmCFhkoZfsST7VCnu2TkrZ.MQe', 'Bethel', 'Gusikowski', 'Trantow', 'HRS', '3', 'X', '1995-12-07', NULL, 'q0Z07vIBT7', '2023-02-03 23:01:04', '2023-02-03 23:01:04'),
(638, NULL, 'PA-16031723', '$2y$10$e59/5gj5iE65cozMUQq.GO2mGUHVhWCZM/vW8ISj0OFhpspAlM88W', 'Krystina', 'Lowe', 'Trantow', 'ACT', '1', 'O', '1980-08-27', NULL, 'unTPsiT70S', '2023-02-03 23:01:04', '2023-02-03 23:01:04'),
(639, NULL, 'SJ-18042759', '$2y$10$SlZpsxzyi3yY6gcAe2F1reIThs/mkx4bB7tX79aFYdHG7xTxux9Qq', 'Adrianna', 'Smitham', 'Trantow', 'HRS', '4', 'Y', '1998-05-16', NULL, 'BcHDCQtGkj', '2023-02-03 23:01:04', '2023-02-03 23:01:04'),
(640, NULL, 'SJ-21043559', '$2y$10$4d9ranB3o/GDnyIR3.lEw.hxxMUFjQmOX6Te5LUD1cr4XpKAbcvOa', 'Tressie', 'Zulauf', 'Trantow', 'COMSEC', '1', 'A', '1995-11-17', NULL, 'PmjaGylkYK', '2023-02-03 23:01:04', '2023-02-03 23:01:04'),
(641, NULL, 'SM-18051516', '$2y$10$qwl9ba/p6vnceSYzP9oqle.gVmRW6fb9h53G7fS5Oa1KtoUqGSAvq', 'Rylan', 'Pacocha', 'Trantow', 'GAS', '12', 'S', '1971-12-06', NULL, 'SvokqDKNjW', '2023-02-03 23:01:04', '2023-02-03 23:01:04'),
(642, NULL, 'SR-19072017', '$2y$10$gCPhVhaaiUzJg81a.NyLg.lBfbC/ed56ZSuwcggwdvD3Gk4tnp7f2', 'Stacey', 'Dicki', 'Trantow', 'BSAIS', '4', 'T', '1991-07-22', NULL, 'AptAGRX6AW', '2023-02-03 23:01:04', '2023-02-03 23:01:04'),
(643, NULL, 'AN-16084439', '$2y$10$GenSeqxg8DsqmlwVrQlsM.n.W7vV2790H1LnmSrOfgpsDqnnQDU6K', 'Mathias', 'Emmerich', 'Toy', 'BSOM', '2', 'V', '1976-09-16', NULL, 'Q7tWCYmUcB', '2023-02-03 23:01:04', '2023-02-03 23:01:04'),
(644, NULL, 'BO-18062653', '$2y$10$9xUa.DWO83idb3mgyaYNeOiCecr5XKAnAUm1QpNgMVXeAUD0bNwR2', 'Trisha', 'Fahey', 'Toy', 'BSOM', '3', 'Z', '1978-11-11', NULL, 'clZ1x6K2lq', '2023-02-03 23:01:04', '2023-02-03 23:01:04'),
(645, NULL, 'BO-20065848', '$2y$10$4sJtdwNbYkADX0TphGZEDOkHhJQ6X5/OdvelIsl3KDFcGf5L0q.oW', 'Oswald', 'Aufderhar', 'Toy', 'ABM', '12', 'D', '1992-11-19', NULL, 'S8z06tUKFG', '2023-02-03 23:01:04', '2023-02-03 23:01:04'),
(646, NULL, 'BO-22063459', '$2y$10$i.LFIsLVS3GaW2iMjlUrPOvlWZBLnQFcioyQ4YvFYz255Y54KZ0f6', 'Melody', 'Pfeffer', 'Toy', 'BSAIS', '4', 'V', '1985-10-30', NULL, 'nw8WISO0m4', '2023-02-03 23:01:04', '2023-02-03 23:01:04'),
(647, NULL, 'BO-22064145', '$2y$10$lH0EVconfi.ZEJK10Z6lcuWt3qKntfCikSSItrRD2bcvSUcOONYku', 'Dante', 'Gleichner', 'Toy', 'ACT', '1', 'Y', '2013-10-19', NULL, 't0rBvY9tvS', '2023-02-03 23:01:04', '2023-02-03 23:01:04'),
(648, NULL, 'MA-19012748', '$2y$10$UoXmZTV7.dAJ71TasUT6oOdVDDgQzchlCkVUGOg1E3qSb/NnRrKv6', 'Erika', 'Ullrich', 'Toy', 'BTVTED', '4', 'D', '1996-01-02', NULL, 'N71zfY30Dd', '2023-02-03 23:01:04', '2023-02-03 23:01:04'),
(649, NULL, 'MA-20010349', '$2y$10$Qo7MNsVpWNctXVKXJ8CaDeMHSc8Imu6Q2jxXQjvIMyU5brbeXTJu.', 'Myah', 'Gleason', 'Toy', 'BSIS', '1', 'E', '2005-12-31', NULL, '8RoMkmRsrH', '2023-02-03 23:01:04', '2023-02-03 23:01:04'),
(650, NULL, 'MA-21015041', '$2y$10$GH2heDWE7OV9u6K2atqVNuFT2ToNV/OYfHSPRFDKGSjbZWk.khCky', 'Dorothy', 'Douglas', 'Toy', 'BSAIS', '3', 'R', '1973-06-30', NULL, 'Vji0nDGlmT', '2023-02-03 23:01:04', '2023-02-03 23:01:04'),
(651, NULL, 'MA-21015247', '$2y$10$LAqkVcSqrNyGrsAv3vHcheZtfz7sRegHt0LbZjAiUzjJAGmofQdkC', 'Greg', 'Stracke', 'Toy', 'BTVTED', '4', 'S', '1988-03-26', NULL, 'y8OAaNjLsx', '2023-02-03 23:01:04', '2023-02-03 23:01:04'),
(652, NULL, 'OB-22025788', '$2y$10$y.Q9zlsaIlmZbos2Xhj.LewP7E28YkdPWy8qZYn3DPjojryjyUCWO', 'Jordan', 'McCullough', 'Toy', 'BSOM', '1', 'K', '1973-06-06', NULL, 'z6GCS470AY', '2023-02-03 23:01:04', '2023-02-03 23:01:04'),
(653, NULL, 'PA-19034284', '$2y$10$Hpx2Xyr9d.uz1WEsWZQ.dOxxjNfLZ2iymxQDrS/sURKowp8w5rrdS', 'Devante', 'Ritchie', 'Toy', 'BSIS', '2', 'T', '1971-04-19', NULL, '1hbClUeuBi', '2023-02-03 23:01:04', '2023-02-03 23:01:04'),
(654, NULL, 'PA-22032090', '$2y$10$FlqJGhWWi/lUbKd6UMcfv.vQoja9UPcMxMGHuyWvt8jY1Iii.PuIC', 'Kavon', 'Emard', 'Toy', 'ABM', '11', 'E', '1982-05-13', NULL, '5mIBdjfXQ6', '2023-02-03 23:01:04', '2023-02-03 23:01:04'),
(655, NULL, 'SJ-18041543', '$2y$10$BxdwmNWoR8XXB7enINc7tu59b8SyDGpi6F1FOftIhnk7rqDO1jnK2', 'Annette', 'Keebler', 'Toy', 'BSOM', '1', 'R', '1990-08-26', NULL, 'g8cp5mPaCw', '2023-02-03 23:01:04', '2023-02-03 23:01:04'),
(656, NULL, 'SJ-18044471', '$2y$10$wJu.2rX5ku0JNGRj8MpfmOc.EIb8Ul7MVdGqihHkpU//1BVLo0rL6', 'Constance', 'Steuber', 'Toy', 'ACT', '2', 'E', '2007-03-11', NULL, 'siwS8MEoY1', '2023-02-03 23:01:04', '2023-02-03 23:01:04'),
(657, NULL, 'SJ-21040891', '$2y$10$v.wVrAKIuaagVR50PiQ/muEB.91BFIjgETFLgL1odUf1tuDdEC7Oa', 'Vincent', 'Bogan', 'Toy', 'ABM', '12', 'C', '2001-11-23', NULL, '98VPY8R90u', '2023-02-03 23:01:04', '2023-02-03 23:01:04'),
(658, NULL, 'SM-16051536', '$2y$10$Y5UN5gFABdXjCi6n00Dzz.Kzw1pep4oin.31aL5x88zAayvAa9yAW', 'Peter', 'Walter', 'Toy', 'BSOM', '3', 'S', '2015-05-13', NULL, 'l6kSRlkDBY', '2023-02-03 23:01:04', '2023-02-03 23:01:04'),
(659, NULL, 'SM-21055490', '$2y$10$6R8civ6npfwCOwx.tpllsu2fzjKxer3cSuGrhTqCbF66u.hSfL5UK', 'Verlie', 'Erdman', 'Toy', 'ABM', '12', 'Z', '2021-01-26', NULL, '1bcx4LxtRh', '2023-02-03 23:01:04', '2023-02-03 23:01:04'),
(660, NULL, 'SM-22055132', '$2y$10$6PO46cOPI0gSpkgTFxozA.xXJ6GVufJHlF.4CiEBtXauOVwo1ZpjK', 'Kyla', 'Williamson', 'Toy', 'BSAIS', '1', 'W', '2006-04-18', NULL, 'wc1Ysfm3MX', '2023-02-03 23:01:04', '2023-02-03 23:01:04'),
(661, NULL, 'SR-17075391', '$2y$10$DqmIWp8CFQdviPIn5kxsLOrK6XZ2TO9PZFERe9QLrTc/szBCBloRe', 'Retha', 'Fay', 'Toy', 'ACT', '2', 'S', '1999-09-18', NULL, 'CayvWJj3d5', '2023-02-03 23:01:04', '2023-02-03 23:01:04'),
(662, NULL, 'SR-19074620', '$2y$10$t6EyusJ0fxBWug9xiNX.B.ImeuI4Y53mj6Amqz1/VtmNl.zGIf0QG', 'Antonette', 'Pouros', 'Toy', 'ABM', '11', 'D', '1981-09-11', NULL, 'e0JEKJEMbX', '2023-02-03 23:01:04', '2023-02-03 23:01:04'),
(663, NULL, 'SR-21075082', '$2y$10$lgIELkUMXB3ddLtUoZFRwumDXM0Ts97dFGB3KlqOPxo0iJNFLMegq', 'Jordan', 'Little', 'Toy', 'BSAIS', '4', 'X', '2008-11-15', NULL, 'bCMhTaYbvB', '2023-02-03 23:01:04', '2023-02-03 23:01:04'),
(664, NULL, 'MA-17014968', '$2y$10$11pUCnulICXsY8rl1NehbOKQY2wBY16EmFeE.nPqsYMQ//JToZ0PW', 'Fabian', 'Reichert', 'Towne', 'BSIS', '2', 'K', '1978-02-16', NULL, 'RX5Ab78DJo', '2023-02-03 23:01:04', '2023-02-03 23:01:04'),
(665, NULL, 'MA-17015294', '$2y$10$E/zUyvK89xqVPwfHPwcx3.GhWPRfqvdNX9SrXU054PceIeopn8D3K', 'Concepcion', 'Fadel', 'Towne', 'COMSEC', '1', 'I', '1995-05-20', NULL, 'hngzHPVuPV', '2023-02-03 23:01:04', '2023-02-03 23:01:04'),
(666, NULL, 'MA-21013111', '$2y$10$WawLjYqUrLfNNqD3EL.UGORynYvWuicXKSB8cC0kLV1HwyMXJjJze', 'Albina', 'Corkery', 'Towne', 'BTVTED', '3', 'S', '2006-08-27', NULL, 'A5esyiydtz', '2023-02-03 23:01:04', '2023-02-03 23:01:04'),
(667, NULL, 'PA-18032298', '$2y$10$BopRS3bqgmz1.Tdrk6itHeXsGUZy/YdXd72wn4fkWLcZmylRmkMDC', 'Angelo', 'Bashirian', 'Towne', 'HRS', '3', 'Z', '2003-04-10', NULL, 'dNE5JoFHOs', '2023-02-03 23:01:04', '2023-02-03 23:01:04'),
(668, NULL, 'SJ-16041479', '$2y$10$OLwH3XFY07rRMh6IQjUvv.UTF.xgNSYDjabfC06w58YdIYvX.rVw6', 'Harmon', 'White', 'Towne', 'BSIS', '1', 'N', '1982-06-12', NULL, 'aUVJLJMxUk', '2023-02-03 23:01:04', '2023-02-03 23:01:04'),
(669, NULL, 'SM-17050138', '$2y$10$huCwKrfhR7EvLghZlZaVI.NlkAp9GmTzw3ZMxl2a3TVTIb0lk3dIu', 'Erika', 'Kiehn', 'Towne', 'BSIS', '1', 'F', '1975-04-27', NULL, 'wXo4vwix7p', '2023-02-03 23:01:04', '2023-02-03 23:01:04'),
(670, NULL, 'SM-18050287', '$2y$10$m2JOUVi5DoyMkgzTPrmekumfi/CeGiY1pAIigwluwgNec4p6zK82u', 'Marcel', 'Daugherty', 'Towne', 'ABM', '11', 'K', '2005-07-07', NULL, 'LUkFtPQiGp', '2023-02-03 23:01:04', '2023-02-03 23:01:04'),
(671, NULL, 'SR-20070861', '$2y$10$asCgvC6UWTHmFS/ShMLLyuGW7VU.KjKpoPMiLG.UtT0Cb/KYobN3K', 'Roscoe', 'Farrell', 'Towne', 'ABM', '11', 'L', '1996-10-03', NULL, 'C4FPk14Be8', '2023-02-03 23:01:04', '2023-02-03 23:01:04'),
(672, NULL, 'SR-20071907', '$2y$10$WIFifanZwA46E68cUr8inuh7f5LvbZTKgeC8fFtbxg5/ekhy7t1XO', 'Norene', 'Barrows', 'Towne', 'BSOM', '4', 'I', '1972-04-13', NULL, 'lM5ncakQ88', '2023-02-03 23:01:04', '2023-02-03 23:01:04'),
(673, NULL, 'SR-21070110', '$2y$10$5YrMk.ua8FMvkAif9Q5hJeOvnJSic8J9wQ9OG6OESkQrugehb5zi.', 'Robert', 'Ortiz', 'Towne', 'BSIS', '3', 'F', '1995-06-22', NULL, 'zIvKvYczZu', '2023-02-03 23:01:04', '2023-02-03 23:01:04'),
(674, NULL, 'AN-16080802', '$2y$10$a3UPLQGdmdFZZAotj4A7A.V.Nc3aXVIHpXsycdOMo.u0gqbAa0/I2', 'Macy', 'Becker', 'Torphy', 'BSAIS', '4', 'N', '1995-05-15', NULL, 'c64J48biWH', '2023-02-03 23:01:04', '2023-02-03 23:01:04'),
(675, NULL, 'AN-16082505', '$2y$10$ODVwEC196rZobezhzVtAu.NArZ6zi3d3UffE8albL9U97c4QDTMwO', 'Rodrigo', 'Shields', 'Torphy', 'COMSEC', '1', 'H', '1972-05-29', NULL, 'BgiEzGWvJx', '2023-02-03 23:01:04', '2023-02-03 23:01:04'),
(676, NULL, 'AN-20082558', '$2y$10$vnrEVPYbQ1N2CKwnUcMiT.N9EFuYe0wx.kGo2Hc1t55LWHVlG/VXq', 'Ivah', 'Wintheiser', 'Torphy', 'BTVTED', '1', 'I', '2003-02-07', NULL, 'DCwdoaSriC', '2023-02-03 23:01:04', '2023-02-03 23:01:04'),
(677, NULL, 'AN-20084574', '$2y$10$5ZH5iw1lMlnbPqbWH5gLvOvHuvk51PnP.U8muHdTn30TvQWU3fpnq', 'Eloisa', 'Ziemann', 'Torphy', 'HRS', '4', 'X', '2009-08-07', NULL, '0PS9vuk9sx', '2023-02-03 23:01:04', '2023-02-03 23:01:04'),
(678, NULL, 'AN-21084151', '$2y$10$Q94OJOW44yl7fIpG5Qx1TO53oTm.Kqe3evvW1K15HyGx78/d5vMFK', 'Dallas', 'Bednar', 'Torphy', 'BSIS', '3', 'W', '2016-06-05', NULL, '8ui6688nQu', '2023-02-03 23:01:04', '2023-02-03 23:01:04'),
(679, NULL, 'BO-16064375', '$2y$10$traJiTDIw72Sgs.XUoh2Re7f7L34g0j5EtpsiGGGp3DZPb4KZP0q2', 'Jesus', 'Beahan', 'Torphy', 'ACT', '4', 'I', '1985-04-11', NULL, 'KtnNHS3Cdc', '2023-02-03 23:01:04', '2023-02-03 23:01:04'),
(680, NULL, 'BO-16065038', '$2y$10$CkQZyqOzNsg541a7yoGuX.hZoB40Mh9poWukXbVOHs/ghDorC852W', 'George', 'Feest', 'Torphy', 'BSAIS', '4', 'Y', '1997-03-19', NULL, '4EZqgpSuIL', '2023-02-03 23:01:04', '2023-02-03 23:01:04');
INSERT INTO `users` (`userID`, `displayPhoto`, `studentID`, `password`, `firstName`, `middleName`, `lastName`, `program`, `yearLevel`, `section`, `birthDate`, `email`, `remember_token`, `created_at`, `updated_at`) VALUES
(681, NULL, 'MA-18012458', '$2y$10$N3UO.Vj1AFj/1UeTepDPd.tYtIm0S7Y3LaJ1/WmSYa4j2XihKGI8m', 'Zelma', 'Schmeler', 'Torphy', 'BTVTED', '1', 'Q', '1992-01-04', NULL, 'KCTm4InTf9', '2023-02-03 23:01:04', '2023-02-03 23:01:04'),
(682, NULL, 'MA-21013024', '$2y$10$i0PyElNd6FZ.BI8qZfJuC.xsXOYqYfAca.prgnpuC3izvax3uU6QW', 'Larissa', 'Kihn', 'Torphy', 'COMSEC', '1', 'P', '2009-10-12', NULL, 'WB7iHgGkpf', '2023-02-03 23:01:04', '2023-02-03 23:01:04'),
(683, NULL, 'OB-16025582', '$2y$10$z6p2.Wl8i6xP90xXMKtQ9OOuoJJX7elRJTi7/RwokmSmYWZH/.5uO', 'Rhianna', 'Stokes', 'Torphy', 'BSAIS', '4', 'X', '2004-12-25', NULL, '8LVP8X3mCy', '2023-02-03 23:01:04', '2023-02-03 23:01:04'),
(684, NULL, 'OB-19025470', '$2y$10$ORxNWo9pqKEQrNKm6tznL.XhrokOL3.6YP1TAvrs8kPMTf5ZZkH4.', 'Palma', 'Murazik', 'Torphy', 'HRS', '4', 'D', '1971-01-06', NULL, 'aNkQADLLwO', '2023-02-03 23:01:04', '2023-02-03 23:01:04'),
(685, NULL, 'SJ-22041239', '$2y$10$Oc4SEwyW9KeXBgoEl35Al.nGpZe8gYJdg9VvoWurlZfXz2ldHc5SC', 'Chasity', 'Wiza', 'Torphy', 'BTVTED', '2', 'I', '2003-01-16', NULL, 'LEy7ToL5as', '2023-02-03 23:01:04', '2023-02-03 23:01:04'),
(686, NULL, 'SM-18053400', '$2y$10$SAaRCtSzkKG7SR24BiAu1evCMGExdmH9XaAylGebCzi.6d6cw2KoG', 'Eleonore', 'Keeling', 'Torphy', 'BSIS', '1', 'C', '1982-01-04', NULL, 'QCvmAmCtpM', '2023-02-03 23:01:04', '2023-02-03 23:01:04'),
(687, NULL, 'SR-20075385', '$2y$10$HgUNd0uyYtDR3Dm.ET.0W.lNLrJnl5nXC4lvPakznN/q9JhFsLRgy', 'Treva', 'Lemke', 'Torphy', 'ACT', '4', 'Z', '2018-12-22', NULL, 'u08SIYZsnJ', '2023-02-03 23:01:04', '2023-02-03 23:01:04'),
(688, NULL, 'BO-17061315', '$2y$10$lKEzNNUBS/4rz9hHfSdc4.ViVr49LYFGKRUnplNcVGImy39QW1T3G', 'Laurel', 'Dickinson', 'Torp', 'GAS', '11', 'W', '1973-06-29', NULL, 'vDHZVd4op6', '2023-02-03 23:01:04', '2023-02-03 23:01:04'),
(689, NULL, 'BO-21060122', '$2y$10$Fv8bzhEgRbFOIMYxMTFWj.cjwBdAWF2ZwmjFCQ3pR1M2z9Lur3lc.', 'Xzavier', 'Gislason', 'Torp', 'BSOM', '4', 'S', '1991-10-01', NULL, 'h1nziisAsn', '2023-02-03 23:01:04', '2023-02-03 23:01:04'),
(690, NULL, 'MA-18015377', '$2y$10$O/00Bl9CARskLvjqDAiFl.R0a7QKzqBFRlLDkQFJhcPorZYrYr/2a', 'Keyon', 'Russel', 'Torp', 'ACT', '3', 'J', '2014-04-03', NULL, 'dc2Y1n62TE', '2023-02-03 23:01:04', '2023-02-03 23:01:04'),
(691, NULL, 'MA-19011623', '$2y$10$ZG.zg/89xxfR9w7jjMlaVOxPLzycHdqDpQVz33KkSShi6Ns2H7Quy', 'Juliana', 'Beatty', 'Torp', 'GAS', '12', 'V', '2003-02-28', NULL, 'Ts2wGu7Rtj', '2023-02-03 23:01:04', '2023-02-03 23:01:04'),
(692, NULL, 'OB-21025322', '$2y$10$wWvceMMzM9qrJqDEF1Qe7O2hCX5niGuUAcrQ6tTkUsaSty3jHQuNy', 'Brayan', 'Dietrich', 'Torp', 'BSIS', '4', 'W', '2015-04-11', NULL, 'dwUsrEzbVR', '2023-02-03 23:01:04', '2023-02-03 23:01:04'),
(693, NULL, 'PA-16032076', '$2y$10$3/.b0KWZnK.Wnr3nPV.HTuZcoFBfZpF1CAVc/MD9NYdThgtNGtHbq', 'Erica', 'Stoltenberg', 'Torp', 'ABM', '12', 'V', '1992-07-15', NULL, 'k1bGPrsmy4', '2023-02-03 23:01:04', '2023-02-03 23:01:04'),
(694, NULL, 'PA-17032760', '$2y$10$/jV5PSrsaKnvsza5o2SHxupXzra2/dwZk32zOIN/EFpywd6mIMoOy', 'Dawn', 'O\'Reilly', 'Torp', 'BSOM', '3', 'R', '2001-08-31', NULL, 'doXjWC2hRs', '2023-02-03 23:01:04', '2023-02-03 23:01:04'),
(695, NULL, 'PA-20031534', '$2y$10$viFzJrQvRRdaSeIBUBkJLu7.E5l3HWSRXGcWnJyQ1Vg3a5CzQp5wi', 'Aidan', 'Mayer', 'Torp', 'BSAIS', '3', 'H', '2018-11-20', NULL, '7pM4Uo7bUq', '2023-02-03 23:01:04', '2023-02-03 23:01:04'),
(696, NULL, 'SJ-16041552', '$2y$10$nbi5iKjjsp8kosemyrqmlONeGr1qSue7N7GKv80kyRrY2gAqxqb7O', 'Adele', 'Frami', 'Torp', 'HRS', '4', 'O', '1993-03-12', NULL, 'XWoFwEXiZ6', '2023-02-03 23:01:04', '2023-02-03 23:01:04'),
(697, NULL, 'SJ-18045351', '$2y$10$xBxEwXyNNJbGqrMU1UcekuMOrmTUkWarLrdLfEvOvOjWbA0njyvQ6', 'Vivian', 'Olson', 'Torp', 'ABM', '11', 'V', '2000-01-27', NULL, 'zzwhCifnA8', '2023-02-03 23:01:04', '2023-02-03 23:01:04'),
(698, NULL, 'SM-16055154', '$2y$10$n.XE7zkxiqbhGa2ys/go9uTiesmOolIaX7oquRXkhW.N9S/WLi8Yy', 'Rahsaan', 'Schimmel', 'Torp', 'BSAIS', '3', 'A', '2004-05-08', NULL, 'QOLmdlYE6A', '2023-02-03 23:01:04', '2023-02-03 23:01:04'),
(699, NULL, 'SR-16075795', '$2y$10$W9TUCOSQhSpcdgJ2CNLcw.frzMAKd9Yd8HyagLidlnywomLYIutRm', 'Carole', 'Hessel', 'Torp', 'HRS', '2', 'D', '1984-02-25', NULL, 'W2gJs6YPtO', '2023-02-03 23:01:04', '2023-02-03 23:01:04'),
(700, NULL, 'SR-20072327', '$2y$10$2c6MVJBsSOUaD/Zg/2ofMeduzzHkFoWpvJLmgVhN9fSXjOqc0gyK.', 'Julien', 'Pfannerstill', 'Torp', 'BSAIS', '3', 'H', '2007-10-31', NULL, 'k1wKpltq2Y', '2023-02-03 23:01:04', '2023-02-03 23:01:04'),
(701, NULL, 'AN-17083139', '$2y$10$oibUvLV89qnVwc17YZdHxeYOnSQT.gx2Qg3OsAC/ZYjgww/MBAP7u', 'Neil', 'Kerluke', 'Tillman', 'BSIS', '4', 'O', '1983-07-30', NULL, 'UDKCLJi8BS', '2023-02-03 23:01:04', '2023-02-03 23:01:04'),
(702, NULL, 'AN-17085779', '$2y$10$6TvVaNrU8CkemskCOsoSqO3Fxg8UDRZR/TzyR/Z5SPFUBw0nLh746', 'Gladys', 'Cummings', 'Tillman', 'BSAIS', '2', 'G', '2013-10-24', NULL, '5u8EYilYov', '2023-02-03 23:01:04', '2023-02-03 23:01:04'),
(703, NULL, 'BO-16063137', '$2y$10$z6mxFMSk.BBALJt8njRjs.t.kN.8gCt/IqmzaOGsESzpn6JPq4Vae', 'Susan', 'Kuvalis', 'Tillman', 'ABM', '11', 'C', '1995-04-07', NULL, 'OvMtVGqGFb', '2023-02-03 23:01:04', '2023-02-03 23:01:04'),
(704, NULL, 'BO-18062324', '$2y$10$JXQACC.xg7lLYjaM8/JJpO7abcIZ.bjzQs.dCgNgA9CWzSEYLwFC.', 'Vernie', 'Keeling', 'Tillman', 'ABM', '12', 'R', '1991-02-08', NULL, 'BbjvLtg9zi', '2023-02-03 23:01:04', '2023-02-03 23:01:04'),
(705, NULL, 'BO-20061703', '$2y$10$m9QSJrrSWnNym2.sd/NCIOFXeSbTmGQ7aVCUgtLVNAi.zJE8PJ0ye', 'General', 'Fisher', 'Tillman', 'BTVTED', '2', 'L', '1981-06-14', NULL, 'TczZeD9J3E', '2023-02-03 23:01:04', '2023-02-03 23:01:04'),
(706, NULL, 'OB-16024391', '$2y$10$KF6ch9PvfGTDY0LzFO3DveBRF58LaOOmvwFJDs8roZWrnHyhs/h9q', 'Heber', 'Bartell', 'Tillman', 'ACT', '4', 'U', '1999-10-25', NULL, 'HNz3HZEBsO', '2023-02-03 23:01:04', '2023-02-03 23:01:04'),
(707, NULL, 'OB-18023120', '$2y$10$9L/bgr.EqAmQjaG9sl8q4.QhrGwvbNHfj6iyEYzFYyFv3o/Fp/zdC', 'Fannie', 'Daniel', 'Tillman', 'BTVTED', '2', 'D', '2023-01-24', NULL, 'koz7fMg1Cd', '2023-02-03 23:01:04', '2023-02-03 23:01:04'),
(708, NULL, 'PA-16030062', '$2y$10$A3P093C/nn9UJCHSUXLjxuaIetj9ORXPKTEcEV2E1E.8ejESCljgq', 'Robin', 'Graham', 'Tillman', 'GAS', '12', 'W', '2015-11-27', NULL, 'W57sRrdE47', '2023-02-03 23:01:04', '2023-02-03 23:01:04'),
(709, NULL, 'PA-16031350', '$2y$10$mFLgvIrp6wLRltLuNLF6I.HTDLkHbsGJb.hLRUQ6Jyl3LXWBaPZla', 'Lyla', 'Welch', 'Tillman', 'GAS', '12', 'Q', '1975-02-04', NULL, 'tzNUrBq296', '2023-02-03 23:01:04', '2023-02-03 23:01:04'),
(710, NULL, 'PA-17030696', '$2y$10$dT5YZKUhGmmD40yvSd5CSO1.ux/4MU3VTgajSxo.vf2c0MKqOBdGu', 'Myrtis', 'Abshire', 'Tillman', 'ACT', '4', 'Z', '1980-12-15', NULL, 'J2bwzVEEUr', '2023-02-03 23:01:04', '2023-02-03 23:01:04'),
(711, NULL, 'PA-19035656', '$2y$10$bMw5s1IW7oNmKHibzxn1/uQmXJW/UIHGDin6oGddxjYDtRInrl5ea', 'Immanuel', 'Huel', 'Tillman', 'ABM', '12', 'M', '2014-05-11', NULL, '24EIuCtg0X', '2023-02-03 23:01:04', '2023-02-03 23:01:04'),
(712, NULL, 'SJ-16041592', '$2y$10$.pqTIhNUHVuB1Xy/cJNTx.j7Xy.fnIcsSiSUywhdHCxZ48kR1.7Cu', 'Shaina', 'Kihn', 'Tillman', 'GAS', '12', 'Z', '1986-07-10', NULL, 'U4cUfFFtcK', '2023-02-03 23:01:04', '2023-02-03 23:01:04'),
(713, NULL, 'SJ-17045688', '$2y$10$mKFkzTYTWywzhiBCeTooI.A4/c9GL9FB/fLOX5EYoU0sjjimKHgAe', 'Alana', 'Altenwerth', 'Tillman', 'ACT', '3', 'J', '2014-05-16', NULL, 'hE5hjGtQ2v', '2023-02-03 23:01:04', '2023-02-03 23:01:04'),
(714, NULL, 'SJ-20044349', '$2y$10$D9pzrBjMJg7LoWRm5bNvzODpia3kYftxDyCjYQSJPZZnln5bAiq.G', 'Ramon', 'Bartoletti', 'Tillman', 'GAS', '12', 'T', '2019-01-05', NULL, 'M6jbW0VDOT', '2023-02-03 23:01:04', '2023-02-03 23:01:04'),
(715, NULL, 'SM-19050745', '$2y$10$SMnPPpc.nVYRkHUmFOHNauLTQnn1BQdfOcv8x0nTsPQqCxjhg15dC', 'Raymond', 'Goyette', 'Tillman', 'ACT', '1', 'L', '2014-10-31', NULL, '8A6HEpD5be', '2023-02-03 23:01:04', '2023-02-03 23:01:04'),
(716, NULL, 'SM-19052294', '$2y$10$qYCAF/Mu1OyP3k4rifnfh.l9fXhgQGWBUHqMCOZT8wogoWRW5Jena', 'Raina', 'Farrell', 'Tillman', 'ACT', '3', 'A', '1971-05-30', NULL, 'Mv7jWpL9Px', '2023-02-03 23:01:04', '2023-02-03 23:01:04'),
(717, NULL, 'AN-19080924', '$2y$10$W0Ndvk.nP7Q4TcA7rLZXZuFpwqaHRK/NBN6xGpr//J/oD2NeRMFB.', 'Cheyanne', 'Gulgowski', 'Thompson', 'BSAIS', '2', 'H', '2017-12-21', NULL, 'AjkRItecz3', '2023-02-03 23:01:04', '2023-02-03 23:01:04'),
(718, NULL, 'BO-20060096', '$2y$10$BbAKhNIO1DpYLmQ4rFctV..W6eOQc/rY0KVnaMtNJP6JT8U1d8nZO', 'Gina', 'Huel', 'Thompson', 'ACT', '3', 'X', '2001-10-26', NULL, 'INnxDK8fbM', '2023-02-03 23:01:04', '2023-02-03 23:01:04'),
(719, NULL, 'BO-20063359', '$2y$10$4MnKG/XnEl/.UYZnZKJMtuWuuk4c5s8ehD12DrWS1nXusue8skOoW', 'Aracely', 'Powlowski', 'Thompson', 'COMSEC', '2', 'Q', '1983-06-12', NULL, 'VN1uYhjJtq', '2023-02-03 23:01:04', '2023-02-03 23:01:04'),
(720, NULL, 'BO-21061659', '$2y$10$pe2tKAzokq.75tEbVLrzwuWsQRhZnUgMP0Jfmarh0JPcfKpjOUepq', 'Liliane', 'Grimes', 'Thompson', 'BSAIS', '3', 'V', '2001-12-08', NULL, 'FSO0jHBHeR', '2023-02-03 23:01:04', '2023-02-03 23:01:04'),
(721, NULL, 'MA-17014947', '$2y$10$79W7ngFKnBbIPhEfbuAdaOtK6EwYOCbn1w4fg3r0zS98QMBxOysc.', 'Amely', 'Crona', 'Thompson', 'BSAIS', '3', 'L', '2016-06-05', NULL, 'DvdE2abPpX', '2023-02-03 23:01:04', '2023-02-03 23:01:04'),
(722, NULL, 'OB-16021099', '$2y$10$rpi2zAx2bSTJrDNec8LMmeyaX0DuydtEOxj6b4aWi9yYCQ48g5lLK', 'Carissa', 'Cassin', 'Thompson', 'BTVTED', '1', 'Z', '2014-11-14', NULL, 'V38yU1Q9I5', '2023-02-03 23:01:04', '2023-02-03 23:01:04'),
(723, NULL, 'OB-16021560', '$2y$10$ojpbr1MygwRL0QSNjx7ipuXDadfi03lK0KPCctMNHS/5pBj4rUX3u', 'Brooks', 'Bradtke', 'Thompson', 'BSIS', '4', 'N', '2000-12-28', NULL, 'kYSNWuivBI', '2023-02-03 23:01:04', '2023-02-03 23:01:04'),
(724, NULL, 'PA-17031855', '$2y$10$Rl.H1PiuoTC0TnaJhTzi3.H5oiYwemyoxPT3mof2o/M/sUWNnoykW', 'Chase', 'Price', 'Thompson', 'ACT', '1', 'B', '1991-02-22', NULL, 'vCxTDpMHvZ', '2023-02-03 23:01:04', '2023-02-03 23:01:04'),
(725, NULL, 'SM-17053060', '$2y$10$XRl2LefPEeG0Xjxo3BKnMOJBWgeXeBY7njIZAssV80Vr18PVjjJEK', 'Janessa', 'Abbott', 'Thompson', 'BSAIS', '2', 'M', '2006-08-09', NULL, 'OCB18XmTdM', '2023-02-03 23:01:04', '2023-02-03 23:01:04'),
(726, NULL, 'SR-17075411', '$2y$10$L209wpWjgb6/8vyDDq4lGufsvgMI/DLBR/IUHOtNK71vRb8FHJ7R2', 'Zoey', 'Bernhard', 'Thompson', 'ACT', '1', 'U', '1980-07-11', NULL, 'M2tRc9xkoa', '2023-02-03 23:01:04', '2023-02-03 23:01:04'),
(727, NULL, 'SR-19074362', '$2y$10$MjPUCJj.D4UdZcUn11.11.qjCs9zyWfBIKLszHRreVBBcffTJmTIa', 'Marlen', 'Bergnaum', 'Thompson', 'ACT', '2', 'M', '1986-10-10', NULL, 'ZOKHO3Hi7f', '2023-02-03 23:01:04', '2023-02-03 23:01:04'),
(728, NULL, 'SR-21074127', '$2y$10$/g1NvCS.tTwE3L4WU7IXCOjYnosWUz.cgdbleadUHG0vuTB/PgGEW', 'Jammie', 'Brown', 'Thompson', 'BTVTED', '4', 'M', '1991-06-20', NULL, 'Z06pEWkt3D', '2023-02-03 23:01:04', '2023-02-03 23:01:04'),
(729, NULL, 'AN-16081380', '$2y$10$YdwO0x3f1.4pcj7SraEWr.335R4bpJkCvSCLv7PlgCVbF2ae25OPe', 'Cesar', 'Olson', 'Thiel', 'HRS', '2', 'N', '1994-08-31', NULL, 'ZZSllHv4UY', '2023-02-03 23:01:04', '2023-02-03 23:01:04'),
(730, NULL, 'BO-17065727', '$2y$10$Jzk6K3JWSSU4DOoiecFM..GXzdSgiCZXazpcPXcPeiNfo5yMZ/F7m', 'Katrina', 'King', 'Thiel', 'BSAIS', '2', 'E', '2008-03-13', NULL, '5WechnNhKA', '2023-02-03 23:01:04', '2023-02-03 23:01:04'),
(731, NULL, 'BO-19060907', '$2y$10$DhNHpVYKCinA1a6KVyFRXesrnLusV7nqcTNl3BPbKLLCaX4q/cUx2', 'Madisen', 'Daugherty', 'Thiel', 'COMSEC', '3', 'Z', '2010-01-24', NULL, 'FvfHAdFugO', '2023-02-03 23:01:04', '2023-02-03 23:01:04'),
(732, NULL, 'MA-20015868', '$2y$10$63eIXD99rmq98elTOsKQEO0Rg0lDE5Qb0le.dKZ5VEh31o1NS55K2', 'Cordie', 'Osinski', 'Thiel', 'BSAIS', '4', 'N', '2021-11-25', NULL, 'CRy9VQJBUj', '2023-02-03 23:01:04', '2023-02-03 23:01:04'),
(733, NULL, 'OB-16022836', '$2y$10$mU/YtjkzDab7YO3t/uCBmuvrBTUCkfQu7stdEWmD3mXAX/WhX8D22', 'Andres', 'Hyatt', 'Thiel', 'ACT', '2', 'O', '1972-01-20', NULL, 'FLkR3ilq64', '2023-02-03 23:01:04', '2023-02-03 23:01:04'),
(734, NULL, 'PA-16034570', '$2y$10$Iw4EWiTQZIYbLYC9swWETeM3iNOfZG05iD4yq97IUnGqw2ua.mJg2', 'Raleigh', 'Mosciski', 'Thiel', 'BSOM', '2', 'S', '2012-09-05', NULL, '40TWaLue1i', '2023-02-03 23:01:04', '2023-02-03 23:01:04'),
(735, NULL, 'PA-19034540', '$2y$10$34RyEFOHfQM15MzBBQtw3udnCGiheTcjTWupaB.JMeyyYPBSrRnau', 'Juwan', 'Wilkinson', 'Thiel', 'COMSEC', '1', 'G', '1999-04-04', NULL, 'mKXJGPeGv8', '2023-02-03 23:01:04', '2023-02-03 23:01:04'),
(736, NULL, 'SJ-22040598', '$2y$10$7y4i/JLsJeClRvqJVgYiyerKzOwvIcawCrb7MyOoVvHNN7uGondLO', 'Jamar', 'Kovacek', 'Thiel', 'COMSEC', '3', 'M', '2016-09-17', NULL, 'ta14daNB4w', '2023-02-03 23:01:04', '2023-02-03 23:01:04'),
(737, NULL, 'SM-22054556', '$2y$10$.hEUKMxoR8hRIu/TihsNYOv5sivi31X/P8X8RTNOmVaJgzqGoKX1S', 'Marjorie', 'Kuhlman', 'Thiel', 'BSOM', '4', 'H', '2012-09-25', NULL, '6Dk11o0fPr', '2023-02-03 23:01:04', '2023-02-03 23:01:04'),
(738, NULL, 'SR-21073353', '$2y$10$SBVzeUA1R65ZTJfSg2lkTOX8mrHXh6txvg0moDBMpz3NWI9CPor0K', 'Thea', 'Orn', 'Thiel', 'HRS', '1', 'H', '2022-12-07', NULL, 'EQyKHKx6gE', '2023-02-03 23:01:04', '2023-02-03 23:01:04'),
(739, NULL, 'AN-19080405', '$2y$10$fxDtk1hSECrSBkYxW3BsLeIirW1D5xZWGj.bSmlgoutPaRXVU3hby', 'Lelah', 'Schuppe', 'Terry', 'HRS', '1', 'H', '2013-06-07', NULL, 'O6GQDbMLF4', '2023-02-03 23:01:04', '2023-02-03 23:01:04'),
(740, NULL, 'AN-22084182', '$2y$10$bQyiVZLnknzpUkS6kxaQDefKMQQGbaV8Mp1Ie5JfN4Qs9kTI7AX7C', 'Keenan', 'Casper', 'Terry', 'COMSEC', '4', 'I', '2015-11-13', NULL, 'GHFUy2Riyv', '2023-02-03 23:01:04', '2023-02-03 23:01:04'),
(741, NULL, 'OB-20021983', '$2y$10$iUHZRTiXrAHx/Lhw/8wpTuBSBTwjCZY654HDblGgUx1J./vtetqIO', 'Grant', 'Jacobson', 'Terry', 'BSIS', '4', 'U', '1994-12-08', NULL, 'UJxQZS0NZb', '2023-02-03 23:01:04', '2023-02-03 23:01:04'),
(742, NULL, 'PA-16034937', '$2y$10$V5rfOqbN3A3wzOBxy2xFKeh.ajWWIS9JxbSIDbt8ZOCfdCCIjRyMG', 'Christian', 'Runolfsson', 'Terry', 'BSAIS', '4', 'S', '2007-10-07', NULL, 'SzcFQ86uYi', '2023-02-03 23:01:04', '2023-02-03 23:01:04'),
(743, NULL, 'PA-18035035', '$2y$10$MkW3xTbad.7H344C/KmZB.Ft7pkyaXU94J4ffE3D1bn3P3eBUG5Me', 'Keith', 'Crooks', 'Terry', 'COMSEC', '3', 'O', '1998-08-05', NULL, '3gjAdMXl4o', '2023-02-03 23:01:04', '2023-02-03 23:01:04'),
(744, NULL, 'PA-19032794', '$2y$10$hr0UwTI0LWlNYA4dLYlWM.HrooCFQ8P8Bypgy/JhpCRe3Hf54UmKm', 'Antwon', 'Ward', 'Terry', 'ABM', '12', 'Q', '1988-10-13', NULL, '1EZ8azaskQ', '2023-02-03 23:01:04', '2023-02-03 23:01:04'),
(745, NULL, 'PA-20031571', '$2y$10$BaRZKKOka9X1yErcmG.NpuY/iv22x.mUX9ni4BjAoGPl1XQIXHjFm', 'Grayson', 'Wisozk', 'Terry', 'HRS', '1', 'T', '1975-05-19', NULL, 'q0scXZV0Qh', '2023-02-03 23:01:04', '2023-02-03 23:01:04'),
(746, NULL, 'SJ-19042058', '$2y$10$DDJIMHe.Win2YflH3kEsfeXl1aPohbKUgfdc4ND5qSEJD0OGUzQWy', 'Adrianna', 'Franecki', 'Terry', 'ABM', '11', 'B', '2022-07-24', NULL, 'rz1eqo6Niy', '2023-02-03 23:01:04', '2023-02-03 23:01:04'),
(747, NULL, 'SJ-21041013', '$2y$10$Sz2tudwApuMbzYsi767CS.RL4PwG1vMtwV6fJCrz1gW5.z/MZDenW', 'Haleigh', 'Lemke', 'Terry', 'BSAIS', '1', 'Z', '1977-09-15', NULL, 'U6UIgZqjzn', '2023-02-03 23:01:04', '2023-02-03 23:01:04'),
(748, NULL, 'SM-17054944', '$2y$10$Hk12TwGdS1.jaa7tjiM9BO1eqhnUZV3ohNEb1Vr8noERcIr1oEM4K', 'Graham', 'Lindgren', 'Terry', 'BSAIS', '1', 'P', '1982-07-25', NULL, 'jyZ2DbvQGD', '2023-02-03 23:01:04', '2023-02-03 23:01:04'),
(749, NULL, 'SM-22054693', '$2y$10$byyzzAsLXr/GjFXzD3l3T.kgPvdPvf/RTkdV6N3GQ4eOO5iBVLlD.', 'Dalton', 'Blick', 'Terry', 'GAS', '11', 'U', '2002-12-16', NULL, 'IOU00y22rB', '2023-02-03 23:01:04', '2023-02-03 23:01:04'),
(750, NULL, 'AN-16081557', '$2y$10$QTKrCugOUzJGVfUkmpQneenS.fZ.iP.G9dNY5NjMPRsFTTIhBJive', 'Makenzie', 'Collier', 'Swift', 'ACT', '2', 'G', '2019-12-12', NULL, 'L9h12iv5oA', '2023-02-03 23:01:04', '2023-02-03 23:01:04'),
(751, NULL, 'AN-19085883', '$2y$10$Uu0jkd4ydxiW60dk1pq6kuhGQd3FciI3EZM9a.CUrgiwiD0.X5b46', 'Hayden', 'Dach', 'Swift', 'ACT', '2', 'J', '2016-02-13', NULL, 'jqorMd1B61', '2023-02-03 23:01:04', '2023-02-03 23:01:04'),
(752, NULL, 'BO-18062705', '$2y$10$FieE8LizKIKrf6/oFWr1VeSm361fbWaUR4ccsgytp2W9RzXLOU78m', 'Faustino', 'Halvorson', 'Swift', 'BTVTED', '1', 'O', '1983-04-25', NULL, 'j2lpYzDvTC', '2023-02-03 23:01:04', '2023-02-03 23:01:04'),
(753, NULL, 'BO-18065383', '$2y$10$.DV4s0iouKKM5mcPwjBxcOQfDifBVxyHRGDL0mxzvP4m3wrFL61dS', 'Nicholaus', 'Metz', 'Swift', 'BSAIS', '2', 'Q', '1992-03-04', NULL, '8wktDZOKmh', '2023-02-03 23:01:04', '2023-02-03 23:01:04'),
(754, NULL, 'BO-19062745', '$2y$10$HgEE66IbTRH.zMWNW4FK8.oi6.BddJiWu7MPjz3IuWZ6.UJVe2qj6', 'Kaya', 'Schamberger', 'Swift', 'HRS', '3', 'M', '2002-02-03', NULL, 'DbTu3ztfOU', '2023-02-03 23:01:04', '2023-02-03 23:01:04'),
(755, NULL, 'BO-22060065', '$2y$10$ZJshGePGDWiO/MXrP9gP6uHRtSymy97Fw8wHGLlSYRDX817L7bJhK', 'Clarissa', 'Bernhard', 'Swift', 'BSAIS', '4', 'D', '1970-03-06', NULL, 'MHYESuAmXN', '2023-02-03 23:01:04', '2023-02-03 23:01:04'),
(756, NULL, 'MA-18015797', '$2y$10$dnlUpZPL5SQ8jg8MMyLPMuuhwa4.0JrTppu8Fl2kNluELznVSzwWG', 'Landen', 'Oberbrunner', 'Swift', 'ABM', '12', 'J', '2010-01-01', NULL, 'mPdQgv1xjI', '2023-02-03 23:01:04', '2023-02-03 23:01:04'),
(757, NULL, 'MA-21012821', '$2y$10$AYAcHNGmMnPGkPxgw0.HQeLjpRGUyopZj97QQf3u5qz/rnXyR9A6y', 'Jorge', 'Ferry', 'Swift', 'BSOM', '4', 'Z', '2011-09-05', NULL, 'p80hADV8gi', '2023-02-03 23:01:04', '2023-02-03 23:01:04'),
(758, NULL, 'OB-16023218', '$2y$10$B8RB7hcVO7KAHOD8dHkZiulvyusHMBPlTRSGkTDln7DqCVK5DEzNm', 'Spencer', 'Stanton', 'Swift', 'BSIS', '4', 'X', '2002-10-16', NULL, 'bYicz3jSMz', '2023-02-03 23:01:04', '2023-02-03 23:01:04'),
(759, NULL, 'OB-16025126', '$2y$10$nr.FGe4XPdHvwQ4/jILKaOLdx98J.JJdypW00LSTvFEycFJGO5INm', 'Dorian', 'Greenfelder', 'Swift', 'GAS', '11', 'L', '1989-12-21', NULL, 'p0JovIU5a1', '2023-02-03 23:01:04', '2023-02-03 23:01:04'),
(760, NULL, 'OB-17024064', '$2y$10$QFXXEyYDf0E9yAy9MAb1HOckEVPPGdqnksjR.iG6fW72fTFHBpk5a', 'Emmie', 'Bruen', 'Swift', 'ABM', '12', 'W', '1990-01-20', NULL, 'ml57wJagUF', '2023-02-03 23:01:04', '2023-02-03 23:01:04'),
(761, NULL, 'OB-19024879', '$2y$10$wARUFcRRgf5CNAavi960WePb9.jdAXCc8.XjB.9iu6WSlpRnTuiDC', 'Jasen', 'McCullough', 'Swift', 'GAS', '11', 'Z', '2020-05-16', NULL, 'ApcAgfCZdf', '2023-02-03 23:01:04', '2023-02-03 23:01:04'),
(762, NULL, 'SJ-17042593', '$2y$10$b7K3lfzVQ/iTehwBNtLmyeTQdD1JJ4/L1AL2qbqLHlo9ISOBc9YLK', 'Brant', 'Abernathy', 'Swift', 'BSIS', '3', 'A', '2013-02-25', NULL, 'Un3M0wBj1v', '2023-02-03 23:01:04', '2023-02-03 23:01:04'),
(763, NULL, 'SJ-18043700', '$2y$10$cHIMTJB6AJSj.OhZQDcft.UdKXfLBZc2syj95YLakL3gY1iBfAlEi', 'Alessandro', 'Will', 'Swift', 'HRS', '1', 'J', '1986-08-05', NULL, 'swnlE1Mo2x', '2023-02-03 23:01:04', '2023-02-03 23:01:04'),
(764, NULL, 'SJ-21045679', '$2y$10$nfj9cvljnYygQtQtUFqAJO7tO0G8LCFtIjXZ20lFh0yCa51DxBINy', 'Shad', 'Walsh', 'Swift', 'BTVTED', '4', 'V', '2019-04-26', NULL, 'J8Lz0T7HZZ', '2023-02-03 23:01:04', '2023-02-03 23:01:04'),
(765, NULL, 'SM-16052320', '$2y$10$AzGwhDAlG2iJ7Ir4xXxPjuOsIK7bqe1svsCzUOkKW7TfIFZpviqpm', 'Amely', 'Schuppe', 'Swift', 'BSIS', '4', 'I', '2021-04-09', NULL, 'r7kTH7FcxR', '2023-02-03 23:01:04', '2023-02-03 23:01:04'),
(766, NULL, 'SM-19052812', '$2y$10$k0xFUgyb/mAmg4nkCEh94ed4X29/aaOXhbLvE85S0LopGj9xVlNAq', 'Mac', 'Boehm', 'Swift', 'ACT', '3', 'P', '1981-04-11', NULL, 'rc0MqNIxOX', '2023-02-03 23:01:04', '2023-02-03 23:01:04'),
(767, NULL, 'SR-16073298', '$2y$10$zDqj6q5jY4q5uFzYYO5XGeD77eaADeUmX0p9W62wQzyLQ.EzUQx/.', 'Vance', 'Wyman', 'Swift', 'BSIS', '3', 'I', '2005-10-12', NULL, '9uPsVHMx8J', '2023-02-03 23:01:04', '2023-02-03 23:01:04'),
(768, NULL, 'SR-17074464', '$2y$10$Mgo.1syhbUhO2HwyQGNRtuLnSTGSmu352B24e3bMxQ/ZRyEM0ZnoC', 'Stanley', 'Powlowski', 'Swift', 'BSOM', '1', 'C', '1983-11-09', NULL, 'ZLYMInlieA', '2023-02-03 23:01:04', '2023-02-03 23:01:04'),
(769, NULL, 'SR-22072206', '$2y$10$FC8412kjNpEZzga4JSqwl.nJCY903SGKHRBv3STBWAAoD40UUN0c.', 'Rylan', 'Purdy', 'Swift', 'BSOM', '3', 'L', '2019-08-17', NULL, 'weXe1qvOJS', '2023-02-03 23:01:04', '2023-02-03 23:01:04'),
(770, NULL, 'AN-19081360', '$2y$10$RdZul6nbaoga/TMgXYtgOeJAdYHcCBqHsi8hPQrod.NzjPSMMqGvi', 'Buddy', 'McLaughlin', 'Swaniawski', 'BSIS', '1', 'J', '1987-11-23', NULL, 'svcBy7JR9L', '2023-02-03 23:01:04', '2023-02-03 23:01:04'),
(771, NULL, 'AN-21083402', '$2y$10$qGj.wEsXpp4DqpvKfY.ex.Re.iPrT/KN1/NCesRR63Agwz22LTEXq', 'Jeffrey', 'Rippin', 'Swaniawski', 'COMSEC', '2', 'C', '1983-12-27', NULL, 'Na0ND457yi', '2023-02-03 23:01:04', '2023-02-03 23:01:04'),
(772, NULL, 'BO-21065479', '$2y$10$ldFDztrQDN/L3Wm48RM1tuQQfKbQfZSkgG9R/BddcMDbFKe2Y5e5O', 'Jerome', 'O\'Reilly', 'Swaniawski', 'HRS', '3', 'Q', '1997-07-01', NULL, 'il5pYsHvhl', '2023-02-03 23:01:04', '2023-02-03 23:01:04'),
(773, NULL, 'MA-16013304', '$2y$10$9CKblHtHuPBqn0X58Bi.S.zzwUAfSo3TSSjVsr.C3CT8u6OdQtEpy', 'Melany', 'Leuschke', 'Swaniawski', 'BTVTED', '2', 'N', '1980-12-12', NULL, 'DwRTrDtiiW', '2023-02-03 23:01:04', '2023-02-03 23:01:04'),
(774, NULL, 'MA-17011345', '$2y$10$s/OsLeIq6BmhVTVh3G4/euJE.1SJR.Qw5kV0LkgQHwTUm627adIGy', 'Davin', 'Grant', 'Swaniawski', 'GAS', '11', 'X', '1972-10-17', NULL, 'sk627fQ6BU', '2023-02-03 23:01:04', '2023-02-03 23:01:04'),
(775, NULL, 'MA-17015514', '$2y$10$i4s5zk/LHm6eUtKJpURN7e/qXsiETgH2E22XLi62Aht6p8t8GPsi6', 'Laney', 'Rohan', 'Swaniawski', 'ACT', '3', 'R', '2008-05-09', NULL, '0MdmL2AjIS', '2023-02-03 23:01:04', '2023-02-03 23:01:04'),
(776, NULL, 'OB-19024094', '$2y$10$W1E5xpeYJgoQpMxtiLCcOufb.ly3DoXabNgqp4aSQ9TpPmkapW/LW', 'Pansy', 'McGlynn', 'Swaniawski', 'BTVTED', '1', 'C', '2005-05-25', NULL, 'P9T2yuhhUI', '2023-02-03 23:01:04', '2023-02-03 23:01:04'),
(777, NULL, 'PA-16035558', '$2y$10$Ie3fQkWgciy31Gw75KM8Nu1uJ59AkYXYx4Qwb7rOScwiKvFehKgTy', 'Adah', 'O\'Connell', 'Swaniawski', 'BTVTED', '3', 'U', '1999-05-17', NULL, 'QRnCTKxqoZ', '2023-02-03 23:01:04', '2023-02-03 23:01:04'),
(778, NULL, 'SJ-22045432', '$2y$10$aW.sE2bMc17sECvsYheYPuZBVL8B5KgZyINtjVqvBCM5/uX0hnm8G', 'Theron', 'Reilly', 'Swaniawski', 'HRS', '1', 'R', '1994-02-23', NULL, 'B9pfEe1N8f', '2023-02-03 23:01:04', '2023-02-03 23:01:04'),
(779, NULL, 'SM-20054754', '$2y$10$9ZjvfccuHABaPi.2F3wME.C24y72A1mvZe2fh1hWLZpGS0lHkk9lW', 'Evan', 'Rowe', 'Swaniawski', 'COMSEC', '4', 'C', '2020-02-12', NULL, 'wtAytp4gfU', '2023-02-03 23:01:04', '2023-02-03 23:01:04'),
(780, NULL, 'SM-22053970', '$2y$10$JXDuGWVgHFl01W7GWnV.3uy04RIxy3LIaIOHCdqEigjsx/Q9qC1jO', 'August', 'Kihn', 'Swaniawski', 'BTVTED', '1', 'Q', '1983-08-10', NULL, 'NdDzMxj6st', '2023-02-03 23:01:04', '2023-02-03 23:01:04'),
(781, NULL, 'SR-20072672', '$2y$10$TgAfe5r.MYMkrhg5qFsiI.WnYwXxBezNu6WhqJy.ydb1j6RMSuZSm', 'Carley', 'Cruickshank', 'Swaniawski', 'HRS', '2', 'K', '2016-10-18', NULL, 'ammxGkpb5v', '2023-02-03 23:01:04', '2023-02-03 23:01:04'),
(782, NULL, 'SR-21072666', '$2y$10$8P2vUJMXRJsNjcbD1uiImemgE9w4Jks7L6lVKwXnvLGXCS4/QTeMa', 'Layne', 'Mante', 'Swaniawski', 'HRS', '3', 'E', '1975-02-10', NULL, 'j1UeAt47R8', '2023-02-03 23:01:04', '2023-02-03 23:01:04'),
(783, NULL, 'AN-17081716', '$2y$10$Kv7ahOg1rKRWNcXGvp6RReuqZNyTKClhg0dj1/7EQShdBw99uMQ7K', 'Isabelle', 'McGlynn', 'Strosin', 'ABM', '11', 'K', '2005-10-25', NULL, 'lARUFbb0G5', '2023-02-03 23:01:04', '2023-02-03 23:01:04'),
(784, NULL, 'AN-22082339', '$2y$10$Pqvs8dr8zxMmyaBm875kx.CuIYmqyuuX7TcsdS4W6FlG00qQ1VqtC', 'Scot', 'Von', 'Strosin', 'BSIS', '2', 'K', '1991-04-04', NULL, 'fR2ylWn6CB', '2023-02-03 23:01:04', '2023-02-03 23:01:04'),
(785, NULL, 'BO-17061797', '$2y$10$UXO4r.QuBXdg1OHO0HmkSObuF1AopRGl52773PAxSgkDPmg.F/08q', 'Harold', 'Grant', 'Strosin', 'BSIS', '3', 'F', '2008-08-02', NULL, 'aB9FZrZZjS', '2023-02-03 23:01:04', '2023-02-03 23:01:04'),
(786, NULL, 'MA-17010731', '$2y$10$vljDrEoWD/KMeIb23FKOwe05RrF0UnWqeFEncLJS1dDgFDKLypEMy', 'Beatrice', 'Schiller', 'Strosin', 'GAS', '11', 'Y', '2005-05-17', NULL, 'WyocG1pU8X', '2023-02-03 23:01:04', '2023-02-03 23:01:04'),
(787, NULL, 'MA-17011232', '$2y$10$hyaW0nAy2utLzCMdzZQeF.6Ef9mqbQbhFo0wHV4uhb7h8f61YZj/u', 'Adeline', 'White', 'Strosin', 'ABM', '11', 'H', '1977-11-26', NULL, 'oTgSPVyPR0', '2023-02-03 23:01:04', '2023-02-03 23:01:04'),
(788, NULL, 'MA-17014740', '$2y$10$QfMInQvFri09cdKJ17v/ReUH0q.JRPLXhVYaFN5SnEQFoIatx3wf.', 'Minerva', 'Deckow', 'Strosin', 'BSIS', '3', 'Y', '2005-04-20', NULL, 'wQxjJw3smx', '2023-02-03 23:01:04', '2023-02-03 23:01:04'),
(789, NULL, 'MA-18012780', '$2y$10$ogkJupCogQl5hhauFht1eOFC9SZfRaGJnEeIN3sJST6KY0yL7Vyr2', 'Kristina', 'Stamm', 'Strosin', 'COMSEC', '4', 'T', '1987-12-04', NULL, 'lnYfOrhPqL', '2023-02-03 23:01:04', '2023-02-03 23:01:04'),
(790, NULL, 'OB-18021745', '$2y$10$idbFvoYLZFLRmb10guDine4RHueFfrBW/uak1dSxD0E5QeMuGahnW', 'Nelson', 'Wunsch', 'Strosin', 'BSOM', '1', 'E', '1975-09-24', NULL, 'rg4ERKrWhC', '2023-02-03 23:01:04', '2023-02-03 23:01:04'),
(791, NULL, 'OB-20021615', '$2y$10$neX7ebOWi4DL/G1VJl2SYeoXX932Gp5uBTY3Y2x6rzcGvqLIXHCva', 'Pierce', 'Schuster', 'Strosin', 'GAS', '12', 'N', '1993-07-05', NULL, 'M8doAdZ9gq', '2023-02-03 23:01:04', '2023-02-03 23:01:04'),
(792, NULL, 'OB-21021308', '$2y$10$ggYqLS6bPkas735Ch9grwuvpkV7X1l27s7lzk4cWaQlZuRTlMUm7y', 'Adrienne', 'Bruen', 'Strosin', 'BSOM', '1', 'U', '2001-12-08', NULL, 'yiPG8ydsU7', '2023-02-03 23:01:04', '2023-02-03 23:01:04'),
(793, NULL, 'OB-21022926', '$2y$10$T7P89to9xQ9935zFL2DOl.dfTWFZPlXGPiTzYsPLw.OfnYQXXM28W', 'Marcia', 'Abshire', 'Strosin', 'ABM', '12', 'U', '2020-02-05', NULL, 'yYek4Sld6j', '2023-02-03 23:01:04', '2023-02-03 23:01:04'),
(794, NULL, 'PA-20034314', '$2y$10$yk0aHA/9gOKEQrEZvEfUc.arCMeAGfbCFK9j18gOeXtMuGnKM2Zp6', 'Jevon', 'Hartmann', 'Strosin', 'BSIS', '3', 'E', '2013-03-14', NULL, 'QXOHxliVMo', '2023-02-03 23:01:04', '2023-02-03 23:01:04'),
(795, NULL, 'SJ-22045179', '$2y$10$VuWACwU63I5mpgafAKw/telZoiq28tt.SX.qH8COkr39t1r1D.s5.', 'Robbie', 'Lehner', 'Strosin', 'ACT', '4', 'R', '1984-10-10', NULL, 'jx8zQFIVMv', '2023-02-03 23:01:04', '2023-02-03 23:01:04'),
(796, NULL, 'SM-19053010', '$2y$10$A1uzC9wn3HGeOjqO5B0PC.zphQmpYS.SbiS5JxBZrtpzMxnojvlZm', 'Chyna', 'Robel', 'Strosin', 'ABM', '12', 'N', '2011-10-18', NULL, 'tnK8cVqkfg', '2023-02-03 23:01:04', '2023-02-03 23:01:04'),
(797, NULL, 'SR-16070825', '$2y$10$vUiFHrKYie3gLXbNnh9W/OgHv3Nuy4Rx7xON5mEvJWCnPbIdXRmeu', 'Ramiro', 'Haag', 'Strosin', 'BSIS', '1', 'D', '1995-11-30', NULL, '4K6qrT9mJE', '2023-02-03 23:01:04', '2023-02-03 23:01:04'),
(798, NULL, 'SR-16073942', '$2y$10$ojXmrtv4OWOu9ObGplcP1usDMeAPUE5QTC84Aprmlu7UW/sceAO0K', 'Aracely', 'Gislason', 'Strosin', 'BTVTED', '1', 'E', '1971-01-24', NULL, 'INKDA01FH2', '2023-02-03 23:01:04', '2023-02-03 23:01:04'),
(799, NULL, 'SR-22071654', '$2y$10$93rKuBhRnrFkP.fzM1MmT.57Pe4.X3I9KoXJYZ0WPG9y9wDq8VN3K', 'Delia', 'Pouros', 'Strosin', 'BSIS', '4', 'B', '2018-12-26', NULL, 'Q1GOMAl9Ks', '2023-02-03 23:01:04', '2023-02-03 23:01:04'),
(800, NULL, 'OB-20021407', '$2y$10$4Z4qvyaojNUGT7x9eatFXe.5q26aaSoRNDxcMUqeTkyFFdU0Siauq', 'Fidel', 'Morissette', 'Stroman', 'ACT', '1', 'V', '1997-06-10', NULL, 'YAseACTWIj', '2023-02-03 23:01:04', '2023-02-03 23:01:04'),
(801, NULL, 'OB-21022159', '$2y$10$.OknBoiraKHeaYQlhet1J.sOzOKjQqHbRb7AYBOouK4vg3222CxX2', 'Tessie', 'Okuneva', 'Stroman', 'HRS', '1', 'G', '1988-07-13', NULL, 'DOIMgCVHTa', '2023-02-03 23:01:04', '2023-02-03 23:01:04'),
(802, NULL, 'OB-22020227', '$2y$10$tpB8AfGXZpGOdv1AaBd01uu42/fT0ZkCoDy/thD6HVRA7UcnkZED.', 'Daisy', 'Schuster', 'Stroman', 'BSIS', '4', 'Z', '2003-05-04', NULL, '6NnLve15AH', '2023-02-03 23:01:04', '2023-02-03 23:01:04'),
(803, NULL, 'OB-22024970', '$2y$10$q3otiMo2.V7Lzu5FTolyour8.p.un4Zdewe/okz3oQn6co50qReC6', 'Euna', 'Hauck', 'Stroman', 'ACT', '4', 'E', '2005-09-27', NULL, '7m6rJsxj6b', '2023-02-03 23:01:04', '2023-02-03 23:01:04'),
(804, NULL, 'PA-17033691', '$2y$10$tz/T3Hl48JlTBkRRHN07.ODp1tMwS0Nx9ucJyIL6tSU8Q8s4wR5om', 'Lawson', 'Bergnaum', 'Stroman', 'COMSEC', '4', 'P', '2014-08-05', NULL, '4P4DINXJSg', '2023-02-03 23:01:04', '2023-02-03 23:01:04'),
(805, NULL, 'SJ-16042923', '$2y$10$3XjbubSKmdpeJSoOUeqXouNRk3T7XMgMsjRxHEUJrKo4adLT3sV9i', 'Jany', 'Adams', 'Stroman', 'ABM', '11', 'G', '1996-12-16', NULL, 'rbSy4ZIdgu', '2023-02-03 23:01:04', '2023-02-03 23:01:04'),
(806, NULL, 'SJ-16045773', '$2y$10$yfl1AMpnoayRa.y0PgPjPOG4I8iz1LZvJnYXP8Iy4wM3eoGxQGXVi', 'Asha', 'Mertz', 'Stroman', 'ABM', '12', 'D', '2011-04-23', NULL, 'VzuGakuYVa', '2023-02-03 23:01:04', '2023-02-03 23:01:04'),
(807, NULL, 'SJ-19040174', '$2y$10$W0AAX3UVsM.T2q0kMwGRlu.g4OgS0O7BP1S93zsuPl.Ne.Uw4oGzG', 'Izabella', 'Bernhard', 'Stroman', 'BSOM', '3', 'R', '2014-06-22', NULL, 'pWwAkMqeFd', '2023-02-03 23:01:04', '2023-02-03 23:01:04'),
(808, NULL, 'SJ-20044507', '$2y$10$86TLldpwDrZWbPVdvvHZqe610zNPFTpskG7NBu.TDe/aeYE5EvhmO', 'Lessie', 'Hagenes', 'Stroman', 'ACT', '3', 'R', '2013-09-05', NULL, 'RufyfDwvgm', '2023-02-03 23:01:04', '2023-02-03 23:01:04'),
(809, NULL, 'SM-16052153', '$2y$10$/88.r8amuetNMGGQrQnjIuKUmhPLRFzFgC54iDPyO4GbmDdNb8ASq', 'Clovis', 'Jacobson', 'Stroman', 'BSIS', '2', 'I', '2013-11-13', NULL, 'wfkonzLKIB', '2023-02-03 23:01:04', '2023-02-03 23:01:04'),
(810, NULL, 'BO-17060715', '$2y$10$YV0PaY2/CkDsPB/SxKBnHeRrvlA0wZGip3q8mm0i4pMVXenA5zsnC', 'Mathias', 'Murazik', 'Streich', 'ACT', '3', 'B', '2015-08-27', NULL, 'F8Km0xbS9I', '2023-02-03 23:01:04', '2023-02-03 23:01:04'),
(811, NULL, 'BO-21062889', '$2y$10$fDGBysS/r9LUmb16dGtyIOqVoaRi4HEJjtcT8g.JG7/WfXpv3Veoa', 'Erich', 'Yost', 'Streich', 'COMSEC', '3', 'Q', '2020-10-05', NULL, 'KL5XTFYfxx', '2023-02-03 23:01:04', '2023-02-03 23:01:04'),
(812, NULL, 'MA-21012230', '$2y$10$7o9m/Ie48WfSXbCPZLb3l.hgRPuF25mjO.z22yCUNkIxSc6JYl2Ji', 'Jazmyn', 'Mueller', 'Streich', 'HRS', '4', 'F', '1977-06-24', NULL, '4J8GIECC9l', '2023-02-03 23:01:04', '2023-02-03 23:01:04'),
(813, NULL, 'OB-20025647', '$2y$10$.FovBIftvVzJHjWvG3ls/ub9XjWKfGwpCR8/StLrzQR3CVL00hyo.', 'Tatum', 'Haley', 'Streich', 'HRS', '1', 'K', '1970-06-18', NULL, '0qg0pFUZVA', '2023-02-03 23:01:04', '2023-02-03 23:01:04'),
(814, NULL, 'OB-21021662', '$2y$10$DzGE/DadnLGY.HnYEnV2NuU8WYtqJD1ug91/lcLPEYlmMzNWuV3La', 'Vicky', 'Leannon', 'Streich', 'BSAIS', '1', 'P', '1988-01-14', NULL, 'ZTvON2vroX', '2023-02-03 23:01:04', '2023-02-03 23:01:04'),
(815, NULL, 'PA-20030837', '$2y$10$l6TImb7ieroqzlNL8LnFP.mSl.mMNitRp4sbEyQtFFjok7w.gxCau', 'Caterina', 'Kovacek', 'Streich', 'BSOM', '3', 'Q', '2011-08-01', NULL, 'BrDMphCdY4', '2023-02-03 23:01:04', '2023-02-03 23:01:04'),
(816, NULL, 'PA-20033393', '$2y$10$McnYqLw5WO23n3gviUmXn.m55nE4LmDM1/5SgShXZkEsWw9.OHCiq', 'Devyn', 'Carter', 'Streich', 'BSAIS', '2', 'J', '1978-04-07', NULL, 'GFTjEavggN', '2023-02-03 23:01:04', '2023-02-03 23:01:04'),
(817, NULL, 'SJ-17040920', '$2y$10$kMwXCr1hfE8K7eOmBzOWwuP.rBiif81Ty15wvBs2nz9XaOfNDMZV.', 'Naomi', 'Oberbrunner', 'Streich', 'BSIS', '4', 'W', '1971-07-25', NULL, '1YWxVeXEBx', '2023-02-03 23:01:04', '2023-02-03 23:01:04'),
(818, NULL, 'SJ-19045793', '$2y$10$KGsV6/Lv7b2jVzYWxujUceFYyuuHAPbwA52tPB5AJaUpK2cpz2gbe', 'Nash', 'Raynor', 'Streich', 'COMSEC', '2', 'B', '1977-08-09', NULL, 'NVvb6EConb', '2023-02-03 23:01:04', '2023-02-03 23:01:04'),
(819, NULL, 'SM-18050352', '$2y$10$A2YxG2X.sBK0VUK.Sv.Eg.uYQWlLKRTkK0yEKQRPurTbUriVhMRQ.', 'Kelley', 'Pouros', 'Streich', 'COMSEC', '2', 'L', '1982-03-17', NULL, '2b8T5fDo8i', '2023-02-03 23:01:04', '2023-02-03 23:01:04'),
(820, NULL, 'AN-19081374', '$2y$10$TcfFb0FJYeatVq..Lj0bGOJnK1jHVBTClo0sv0NRRPbe7EWNI9SRa', 'Zechariah', 'Bechtelar', 'Stracke', 'GAS', '11', 'O', '2000-05-24', NULL, '0XVRGYdWiD', '2023-02-03 23:01:04', '2023-02-03 23:01:04'),
(821, NULL, 'BO-18062571', '$2y$10$5HvHJObpE1t2fqc66kyHHu1tvR5qrvdqKe7oEmERdr0Z12jXziyfS', 'Devin', 'McClure', 'Stracke', 'COMSEC', '3', 'N', '2010-11-04', NULL, '3FgkQhnRpA', '2023-02-03 23:01:04', '2023-02-03 23:01:04'),
(822, NULL, 'MA-19011825', '$2y$10$QOsMC4ryvHWDLfiUJi0vsONwvejx2q2V8s6hPS6PU/9W3geioxMx2', 'Elsie', 'Grant', 'Stracke', 'COMSEC', '3', 'E', '1984-02-23', NULL, 'd7MWk48Yx5', '2023-02-03 23:01:04', '2023-02-03 23:01:04'),
(823, NULL, 'OB-17024906', '$2y$10$jEv3a14KgYv3YGO0GfM32ekobgdUjZtLqs8Do7u1baL8udeh4Q9v.', 'Horace', 'Toy', 'Stracke', 'BSOM', '2', 'H', '1988-10-02', NULL, '7fyOQiXRLx', '2023-02-03 23:01:04', '2023-02-03 23:01:04'),
(824, NULL, 'OB-21025513', '$2y$10$hI1Fktv4IpFQcTRaK5DFdOISzs8wcVvEW4cV67PhSlazO5dqVNufO', 'Santiago', 'Huels', 'Stracke', 'ACT', '1', 'M', '1986-05-29', NULL, 'sfFJ6wYhNN', '2023-02-03 23:01:04', '2023-02-03 23:01:04'),
(825, NULL, 'PA-17031316', '$2y$10$tq4BVUgq4y288s5Q4HTP8eNOtCH6GpvO4wIS4UbwlicdUN65zShJ.', 'Tomasa', 'D\'Amore', 'Stracke', 'GAS', '12', 'H', '2017-07-03', NULL, '5FZ26SM6s8', '2023-02-03 23:01:04', '2023-02-03 23:01:04'),
(826, NULL, 'PA-19031262', '$2y$10$EmDipufGdHl2lilbCcK1eOsEJzKqYNSQmAQYalGQfB4iuCEbz04ry', 'Dion', 'Kunze', 'Stracke', 'ABM', '11', 'B', '1981-07-01', NULL, 'mV4ewMNDwn', '2023-02-03 23:01:04', '2023-02-03 23:01:04'),
(827, NULL, 'PA-22033330', '$2y$10$P9yufNg9/dFljy4dshieKerDZVfH9QO7S0YFtjorwmgIgar.YCEQW', 'Murray', 'D\'Amore', 'Stracke', 'BSIS', '2', 'I', '2017-07-18', NULL, 'zbWLu8gkmO', '2023-02-03 23:01:04', '2023-02-03 23:01:04'),
(828, NULL, 'SJ-21043955', '$2y$10$5PFTkB.Hga6QjePPmuW5qu822y4NaH0SYIIMNlBL3hA9EFHhr3ttW', 'Kathryn', 'Gerhold', 'Stracke', 'BTVTED', '4', 'Y', '2000-08-02', NULL, 'tRec74eMH7', '2023-02-03 23:01:04', '2023-02-03 23:01:04'),
(829, NULL, 'SJ-22044624', '$2y$10$4pV2jp15bjG.5h9wL1yxkumQ2yFqhyzgRvEJ6LgGZ3iXeAiJZ77I2', 'Makenzie', 'Raynor', 'Stracke', 'ACT', '1', 'L', '2022-09-10', NULL, 'lWXQesTR2d', '2023-02-03 23:01:04', '2023-02-03 23:01:04'),
(830, NULL, 'SM-18055699', '$2y$10$RXShkm7ve1cY20GGPSkRN.32P2hF/XTz3qMKO0rDSVYrv8OxOyfze', 'Jennings', 'Lubowitz', 'Stracke', 'BSIS', '2', 'J', '1988-09-27', NULL, 'Wz2HYvuu90', '2023-02-03 23:01:04', '2023-02-03 23:01:04'),
(831, NULL, 'AN-18080385', '$2y$10$yJuSzS78xTKpw0Sx66ZH8ec0YIZSikUCuAyH9YRpndyz/mxjvzk4u', 'Stanton', 'Zulauf', 'Stoltenberg', 'COMSEC', '1', 'U', '1979-10-09', NULL, '9077oWM77Z4LxxTHH3nKVhoDmPaFUMZES8SdhKCFmeOFKuocfbTTaBkSzKr4', '2023-02-03 23:01:04', '2023-02-03 23:01:04'),
(832, NULL, 'AN-18085090', '$2y$10$ldfVr2N/IGKwp4EOHddSwun2SBVPUCGCoUAb0iH8d/WnMrGStiLs.', 'Jules', 'Corwin', 'Stoltenberg', 'BTVTED', '2', 'Z', '1996-07-29', NULL, 'kUdL85Hgy4FZCzb8IvhbJVVorcGXO09Ux1Ub6FcIcMvuYFpqE3BabNDeo7JG', '2023-02-03 23:01:04', '2023-02-03 23:01:04'),
(833, NULL, 'AN-22080470', '$2y$10$vMeQLdhJgxszAH8FKk8ECOfX3Kjy7YnTUjEGNzjRDYxvHyWhS1I0C', 'Mekhi', 'Schulist', 'Stoltenberg', 'HRS', '2', 'K', '1975-04-26', NULL, 'AtiEpkp9ij', '2023-02-03 23:01:04', '2023-02-03 23:01:04'),
(834, NULL, 'BO-21065343', '$2y$10$JAbdTJtKfsljVL3ycb7Fqu6Ehi3WEptJszjLVHiW4Y3krDJ81xehK', 'Citlalli', 'Green', 'Stoltenberg', 'BSAIS', '4', 'D', '2016-09-27', NULL, 'zpyNu9khI4', '2023-02-03 23:01:04', '2023-02-03 23:01:04'),
(835, NULL, 'MA-21011912', '$2y$10$vS/o8SSu6jj2ilN5sQRAl.2IY4lQ0oUj5WthwNieaHSKK1OZCfVpi', 'Jayda', 'Wintheiser', 'Stoltenberg', 'ABM', '12', 'O', '2017-09-22', NULL, 'lnEQXGi32y', '2023-02-03 23:01:04', '2023-02-03 23:01:04'),
(836, NULL, 'MA-22013880', '$2y$10$Z.mWI06DAty989nbSpJIKeNAw2NoC6Sp/A7Mwua4Ubk4Mjfbt3oz2', 'Cortney', 'Keebler', 'Stoltenberg', 'BSAIS', '4', 'W', '2022-05-28', NULL, 'dAfunDlmF3', '2023-02-03 23:01:04', '2023-02-03 23:01:04'),
(837, NULL, 'OB-21022764', '$2y$10$NUs3qHKSDCqkGEtLUqAnGemziBU737gpEODO5Ub5UlMDb2rbE/Tli', 'Piper', 'Hagenes', 'Stoltenberg', 'BTVTED', '3', 'H', '1971-03-16', NULL, 'wKQUqqPhZc', '2023-02-03 23:01:04', '2023-02-03 23:01:04'),
(838, NULL, 'PA-16034677', '$2y$10$eazvCIUFP5aH/kN9wObZeOokk.sP1MrhtlobI9AlZ3S9dXUEgCAhi', 'Casey', 'Douglas', 'Stoltenberg', 'HRS', '3', 'U', '2017-05-18', NULL, 'LojXmeIeCB', '2023-02-03 23:01:04', '2023-02-03 23:01:04'),
(839, NULL, 'PA-21030559', '$2y$10$Kget8OzQ7O3LPdFKG7kDMOLR2/50JSLE0KGBH5B1aZ6g5Ea393BO2', 'Bulah', 'Williamson', 'Stoltenberg', 'ACT', '3', 'L', '1979-02-13', NULL, 'QzqNUQ7Zfl', '2023-02-03 23:01:04', '2023-02-03 23:01:04'),
(840, NULL, 'SJ-16045533', '$2y$10$j4DBVPOcdybxV5ahfYeAv.RRpxdx/n9BXZ/j3lXLVs2usruVeJN3a', 'Brandt', 'Stroman', 'Stoltenberg', 'GAS', '12', 'S', '1976-03-16', NULL, 'msRnRwlJr9', '2023-02-03 23:01:04', '2023-02-03 23:01:04'),
(841, NULL, 'SJ-20041951', '$2y$10$m7qZTQr6aHulb2LNNZ85fO5iYyxW8pEZ0RXHkZ/vVy5loj5Awe5JO', 'Ebony', 'Hudson', 'Stoltenberg', 'HRS', '1', 'G', '2003-09-25', NULL, '8vLRneKjG4', '2023-02-03 23:01:04', '2023-02-03 23:01:04'),
(842, NULL, 'SJ-22041241', '$2y$10$2ZqWqhcKwfbQeC.DRPjv.urTRjIvPOGtA3irz7qQpXlNdAn410zji', 'Shea', 'Kutch', 'Stoltenberg', 'ABM', '11', 'N', '1994-06-23', NULL, 'J5PUoaV7oC', '2023-02-03 23:01:04', '2023-02-03 23:01:04'),
(843, NULL, 'SM-18055885', '$2y$10$ihlu35e7PrOpex1hYa4.tOQp7pVmoPekh4SLQUt4TRtYU25UNbpzO', 'Fabian', 'Willms', 'Stoltenberg', 'GAS', '11', 'P', '2012-03-31', NULL, 'yAkxTlrCTf', '2023-02-03 23:01:04', '2023-02-03 23:01:04'),
(844, NULL, 'SM-20055326', '$2y$10$WotWRTKEdMR2mNA2WWsZCODP7xf4knzGeGnqYSAA3fCGhtqiKhpMy', 'Thad', 'Bradtke', 'Stoltenberg', 'GAS', '12', 'S', '2010-12-19', NULL, 'JbxQEVnrDv', '2023-02-03 23:01:04', '2023-02-03 23:01:04'),
(845, NULL, 'SR-22075253', '$2y$10$ZWIVKJ/wKGKcqyVbehiq7OuouJmJsdUoFgZQgGnc5JHOw3J25GmoW', 'Shanelle', 'Bosco', 'Stoltenberg', 'HRS', '3', 'N', '2010-07-23', NULL, 'U7BVdXgg8h', '2023-02-03 23:01:04', '2023-02-03 23:01:04'),
(846, NULL, 'AN-20085680', '$2y$10$3JxOmn4OffKgRJ28/XSnmeimoo.6eVCVFcWbz7H7U/vrotMWbYHW.', 'Randy', 'Rau', 'Stokes', 'BSIS', '3', 'Y', '2021-10-17', NULL, 'kytg0TWjwp', '2023-02-03 23:01:04', '2023-02-03 23:01:04'),
(847, NULL, 'AN-21084682', '$2y$10$p1TiIvhlrimorgji5TV.p.lDXrS.4WEu8LmnhK4WGqbvqLdqUGW3q', 'Hannah', 'Morissette', 'Stokes', 'BTVTED', '2', 'L', '2008-10-20', NULL, 'g3PSqJQrON', '2023-02-03 23:01:04', '2023-02-03 23:01:04'),
(848, NULL, 'BO-18060231', '$2y$10$jdLIO3PUDvoY9KvwGXsJ8.Cj/dRGZaGJRj0dWMPtBm2K19.0GWnUu', 'Darlene', 'Kuhlman', 'Stokes', 'BSOM', '4', 'A', '1994-05-18', NULL, '3w2GcRDEVH', '2023-02-03 23:01:04', '2023-02-03 23:01:04'),
(849, NULL, 'MA-17010107', '$2y$10$g8A3T8KDgig2Ul.RR8IODe5PeswkbX22LFXOmAhpVe3usdK1rolgO', 'Selina', 'Senger', 'Stokes', 'ACT', '4', 'M', '1984-10-12', NULL, 'VNh0u9ax6v', '2023-02-03 23:01:04', '2023-02-03 23:01:04'),
(850, NULL, 'MA-21013569', '$2y$10$yv5wJIcO7o4vzlcCU17lj.pGZ3IPBTEC4xd7vxnYQz7Jj5T5FEUeW', 'Adalberto', 'Collins', 'Stokes', 'COMSEC', '2', 'D', '1983-10-18', NULL, 'ZuPhgg9uH7', '2023-02-03 23:01:04', '2023-02-03 23:01:04'),
(851, NULL, 'MA-21015838', '$2y$10$f4HboH2ZmuutAqZdGocwqe5jArdGIXIWNBA5D/TSI38CcPeSVnkVK', 'Doris', 'Keebler', 'Stokes', 'GAS', '11', 'J', '1986-07-01', NULL, '7c8rZi7984', '2023-02-03 23:01:04', '2023-02-03 23:01:04'),
(852, NULL, 'OB-19023986', '$2y$10$jXlDpZmduyLtAzW8hSglR.kwioIojkN6hYH.BUhKIru.UxbZyIsSS', 'Valentine', 'Schinner', 'Stokes', 'BSOM', '4', 'K', '2015-03-22', NULL, 'YhnC44EVGw', '2023-02-03 23:01:04', '2023-02-03 23:01:04'),
(853, NULL, 'PA-16030679', '$2y$10$tI1O4EHnSqp8HLpJ1nu2z.hH2xtPABDNafhmYmfw9pAPY0q.pl8Xy', 'Courtney', 'Lowe', 'Stokes', 'BSOM', '2', 'U', '2003-01-27', NULL, 'XSZjcIs3Ks', '2023-02-03 23:01:04', '2023-02-03 23:01:04'),
(854, NULL, 'PA-21035468', '$2y$10$IpCs1QDpt.3Q8jN74d0ose8LbY62QQQ/Akj2lIq3SZjckqF371Jge', 'Aileen', 'Russel', 'Stokes', 'COMSEC', '3', 'E', '1973-12-07', NULL, 'bsoxVXaSmb', '2023-02-03 23:01:04', '2023-02-03 23:01:04'),
(855, NULL, 'PA-22035469', '$2y$10$JFzF0uawjaku0mMCPP3tduLzT9OPdaC.VeZAiTd1tVmBePGr0/IEm', 'Erica', 'Kutch', 'Stokes', 'BTVTED', '1', 'R', '2018-03-11', NULL, 'L6irKUk2tf', '2023-02-03 23:01:04', '2023-02-03 23:01:04'),
(856, NULL, 'SJ-17042541', '$2y$10$D52bH.0G4wVqARkDhWYdnuyGm1CxRMy104hf/Efmy2hJlFdUZh0Ju', 'Emmie', 'Bergstrom', 'Stokes', 'COMSEC', '2', 'C', '1990-07-27', NULL, '97HJ6aZNLx', '2023-02-03 23:01:04', '2023-02-03 23:01:04'),
(857, NULL, 'SJ-18043892', '$2y$10$P3rvnPzDEupCKHYpwwbD1ud4DMSqWJARbiTSlRLHrGuQsqeQOVaDO', 'Ryann', 'Grady', 'Stokes', 'ABM', '12', 'Q', '2008-08-10', NULL, 'ezkAjdtkUd', '2023-02-03 23:01:04', '2023-02-03 23:01:04'),
(858, NULL, 'SJ-21040610', '$2y$10$x2gysdqkuW6ehBPYZKxvKudAHhKxArFiC1/kWLs9JfXK0S0c/YNpK', 'Hope', 'Hansen', 'Stokes', 'HRS', '3', 'K', '2006-10-24', NULL, 'CPwsxjeAiS', '2023-02-03 23:01:04', '2023-02-03 23:01:04'),
(859, NULL, 'SJ-22044117', '$2y$10$zH0wZ268S5CU6Tftxu7n/.vAHik1yXUoIyS6SXm9wBi9EtxPMchFC', 'Wilburn', 'Nitzsche', 'Stokes', 'BSOM', '1', 'G', '2022-10-22', NULL, 'V2FMVC8K3Y', '2023-02-03 23:01:04', '2023-02-03 23:01:04'),
(860, NULL, 'SM-20050749', '$2y$10$Ljnu5EYvFSjdFt07kdYpc./Hn03KOir9dw5AKPPSXYmg8vYaNMbHK', 'Mable', 'Kohler', 'Stokes', 'ABM', '11', 'I', '1971-03-05', NULL, 'R78voCZBwC', '2023-02-03 23:01:04', '2023-02-03 23:01:04'),
(861, NULL, 'SR-16070721', '$2y$10$q4vdSX.JMqOZAvGIL7EnPeY94diCa057W2LbBFaFxC772UbKg1wde', 'Gerald', 'Dietrich', 'Stokes', 'COMSEC', '4', 'D', '1985-01-17', NULL, '1jksRbe6qg', '2023-02-03 23:01:04', '2023-02-03 23:01:04'),
(862, NULL, 'AN-16084218', '$2y$10$fgLzk8/no8WW7mlpfLTUb.QZ5hyVQsKODKbekacmm6.OkPJD2CITG', 'Beryl', 'Lowe', 'Stiedemann', 'BSIS', '2', 'A', '1982-11-21', NULL, 'n7DkRQfxYn', '2023-02-03 23:01:04', '2023-02-03 23:01:04'),
(863, NULL, 'AN-18084588', '$2y$10$So/Iuwi2nzdxI.igBCKa7eu5npmwSks0iaVrbIxoKfO.VhBWnR.ya', 'Idell', 'Turcotte', 'Stiedemann', 'BSAIS', '4', 'P', '2012-10-20', NULL, 'v27xdTMKta', '2023-02-03 23:01:04', '2023-02-03 23:01:04'),
(864, NULL, 'AN-19081191', '$2y$10$ZN.ZQYOnV0hreeiCNFv3wOB7DISE9l3XiB9n7QR1Sy6obvmPX8PBy', 'Abel', 'Huel', 'Stiedemann', 'HRS', '3', 'F', '2020-11-05', NULL, 'VwojZ85Sc7', '2023-02-03 23:01:04', '2023-02-03 23:01:04'),
(865, NULL, 'BO-20062506', '$2y$10$UXn4Zg24tgHyxYdItqoW4OJLL3b/iGNADz./3usBu2.qlvFkWY4xK', 'Sid', 'Nienow', 'Stiedemann', 'HRS', '2', 'I', '1990-07-23', NULL, 'e6WzsDRhRM', '2023-02-03 23:01:04', '2023-02-03 23:01:04'),
(866, NULL, 'BO-21060565', '$2y$10$YljB7LeniFbp2aTbZMhhaOEFYFfOghHrhJdjRedLMpV1UG9Gio2.6', 'Alessandra', 'Cruickshank', 'Stiedemann', 'HRS', '2', 'N', '2005-04-06', NULL, 'UwdFATV1RP', '2023-02-03 23:01:04', '2023-02-03 23:01:04'),
(867, NULL, 'BO-22064572', '$2y$10$x7OOd7sD8YegjLDu/S5le.TjSCRNWkT9ICKOO0/uNK9mWxrHl4Sni', 'Dandre', 'Farrell', 'Stiedemann', 'ACT', '1', 'K', '2006-06-01', NULL, '7ZlSTrB4lA', '2023-02-03 23:01:04', '2023-02-03 23:01:04'),
(868, NULL, 'MA-16012004', '$2y$10$T8xw4pgXJMfqNnQpOA8DMudCnER6qJd5ZalI4Une2gOl4Purqiv6C', 'Jessyca', 'Krajcik', 'Stiedemann', 'COMSEC', '3', 'D', '2022-11-19', NULL, 'ye8u8k739f', '2023-02-03 23:01:04', '2023-02-03 23:01:04'),
(869, NULL, 'MA-19010369', '$2y$10$TPFQaM39wv8rWXBdL9TykuBvGfZYMzEaxTJVIYM6uTehIOnBZwGg6', 'Fermin', 'O\'Conner', 'Stiedemann', 'BTVTED', '4', 'E', '1996-12-13', NULL, 'tedIJBEPNZ', '2023-02-03 23:01:04', '2023-02-03 23:01:04'),
(870, NULL, 'MA-21010655', '$2y$10$W9OTYNjbRC/Y51znKZ1kauCKn2lQ/HPVfS//aUN1mZlzHSbV5Ofgq', 'Robin', 'Nader', 'Stiedemann', 'GAS', '12', 'C', '1987-12-19', NULL, 'jQLCar6Icg', '2023-02-03 23:01:04', '2023-02-03 23:01:04'),
(871, NULL, 'OB-18021318', '$2y$10$1qsgWmmie9bqLQ.q/i0suulaEKaEIYD3QgwFIsdblzYqG4WUYznFG', 'Earnest', 'Johnson', 'Stiedemann', 'ABM', '12', 'Y', '1988-02-02', NULL, 'YUOf5cs8BB', '2023-02-03 23:01:04', '2023-02-03 23:01:04'),
(872, NULL, 'OB-20020708', '$2y$10$eFGGIWwNCFvhrui8cZRjSuc/yuH28LND7m43wgs6.nST.yg4.6kju', 'Sammy', 'Larson', 'Stiedemann', 'COMSEC', '2', 'G', '1989-03-04', NULL, '4OyyK09ZHX', '2023-02-03 23:01:04', '2023-02-03 23:01:04'),
(873, NULL, 'PA-16035091', '$2y$10$hQlXnLSmIdYnuzKlp4O4TuAMRQU2fWDCFkm6J1TBqMlqhopPYKOjG', 'Cloyd', 'Kuvalis', 'Stiedemann', 'ACT', '3', 'W', '1973-12-29', NULL, 'LsHp0UUqPC', '2023-02-03 23:01:04', '2023-02-03 23:01:04'),
(874, NULL, 'PA-20033836', '$2y$10$A4U0dwjqCVmdQ.5vvx9BWu.Az0LXbUf1.wAqN4Aecf4FX8Yp2CCtS', 'Jeffrey', 'Veum', 'Stiedemann', 'HRS', '1', 'V', '2004-12-23', NULL, 'UJowM1aMIB', '2023-02-03 23:01:04', '2023-02-03 23:01:04'),
(875, NULL, 'PA-21030652', '$2y$10$6gqf604/0GJrAdCtoSskfOznIl65CrL91/j64sIYBwil5f1jYQzRG', 'Libby', 'Schmidt', 'Stiedemann', 'GAS', '11', 'E', '2002-09-13', NULL, 'm3F5mwrqdF', '2023-02-03 23:01:04', '2023-02-03 23:01:04'),
(876, NULL, 'SM-16054266', '$2y$10$eVsi/II5ODC97UGk22Ri1uj5zetB8kO8aRP5IuJFD9me4mPKzgwgS', 'Jovanny', 'Bednar', 'Stiedemann', 'BSAIS', '2', 'I', '1977-08-26', NULL, 'SXdBoj2oNp', '2023-02-03 23:01:04', '2023-02-03 23:01:04'),
(877, NULL, 'SM-18051352', '$2y$10$xarviLOdCCCLAA3g0et.7eS8/2sbbcfTig3O8bVRK7D7kSAAc.HEq', 'Felicia', 'Champlin', 'Stiedemann', 'ABM', '11', 'A', '2004-03-03', NULL, '6uG9MVb2GE', '2023-02-03 23:01:04', '2023-02-03 23:01:04'),
(878, NULL, 'SR-22071976', '$2y$10$rp5LOb4yzcZps5piBYbJpuyLKNsQs63nK6R5o.9EOL74LPCvfZp5W', 'Maybell', 'King', 'Stiedemann', 'ACT', '4', 'W', '1997-09-07', NULL, 'GmoYf5hcg7', '2023-02-03 23:01:04', '2023-02-03 23:01:04'),
(879, NULL, 'BO-17061190', '$2y$10$8XOKDB1eGANMTAMb4zmJluFfT/ctw9cSmtkHFRqDog8jocjcCvT5u', 'Mustafa', 'Emmerich', 'Steuber', 'BSAIS', '1', 'I', '2007-04-20', NULL, 'HEYmc2lApS', '2023-02-03 23:01:04', '2023-02-03 23:01:04'),
(880, NULL, 'BO-22062371', '$2y$10$sy8yIIBtfUCZsP7P5ZhIMuoPiE5N46iRC1QCGgm.ewLWNSLayMXiS', 'Harmon', 'Koepp', 'Steuber', 'BTVTED', '3', 'B', '2004-09-19', NULL, 'sxOMmHmhJd', '2023-02-03 23:01:04', '2023-02-03 23:01:04'),
(881, NULL, 'BO-22063967', '$2y$10$qh.gaIxVukt9iKwtPMtUS.ZDxWvEnsnof1GyUHzuRwSdkT5.RY44m', 'Taryn', 'Mueller', 'Steuber', 'ABM', '11', 'H', '1995-06-28', NULL, 'DUIUfv1PlY', '2023-02-03 23:01:04', '2023-02-03 23:01:04'),
(882, NULL, 'MA-18011359', '$2y$10$AnvSEQcp/cEYgAAshl2YA.P/LgZlcqeLKT1mKmuMY6SmoT4Xvxzei', 'Zoey', 'O\'Kon', 'Steuber', 'ABM', '11', 'Z', '1977-04-14', NULL, 'jKVJDT1Xrc', '2023-02-03 23:01:04', '2023-02-03 23:01:04'),
(883, NULL, 'MA-19010772', '$2y$10$NYLyJavQdvPUa/3RWEc8UOTNsBpRsWn1zrWBh6vYNf7LmyVBprEW6', 'Tyler', 'Lynch', 'Steuber', 'BTVTED', '4', 'L', '1971-09-11', NULL, 'taZd47yBRO', '2023-02-03 23:01:04', '2023-02-03 23:01:04'),
(884, NULL, 'OB-16020130', '$2y$10$SgLQsAZ0yVbst.MKL56At.hpwuupEVmAjehGuOAjInDVKNFjuA/o6', 'Blanche', 'Haley', 'Steuber', 'ACT', '4', 'U', '1991-02-25', NULL, 'AGyClWZKLx', '2023-02-03 23:01:04', '2023-02-03 23:01:04'),
(885, NULL, 'OB-18020654', '$2y$10$sOKNbeHwzDDlE24.kF71o.arELIHuBu3oauPhaL1vBbOnlpQkX19q', 'Damon', 'Klein', 'Steuber', 'GAS', '11', 'Z', '2012-04-07', NULL, 'jU9bvRwqd2', '2023-02-03 23:01:04', '2023-02-03 23:01:04'),
(886, NULL, 'PA-17030695', '$2y$10$MVAlxUO9IsLaZ2dSjGFiXu20.kNbvkzH6TxKj3Uk8P3z.CsUId2Xm', 'Jayson', 'Murazik', 'Steuber', 'ABM', '11', 'Y', '1984-05-20', NULL, 'cm7QYu1QYr', '2023-02-03 23:01:04', '2023-02-03 23:01:04'),
(887, NULL, 'SJ-19041686', '$2y$10$Elka5HimKLvJRMB7rG8CrezaL7RNI1kOADbg42yHDlhKmar8ayaZ.', 'Catalina', 'Gutmann', 'Steuber', 'HRS', '4', 'X', '2015-03-08', NULL, 'CbcEQMtrFo', '2023-02-03 23:01:04', '2023-02-03 23:01:04'),
(888, NULL, 'SM-16051864', '$2y$10$cRrkdKJ24a9cOIJHsJ2CseWPBAC9W/LxfuuAcwL0rj54bat3oZ1Hy', 'Hulda', 'Gutmann', 'Steuber', 'ABM', '12', 'O', '1985-12-05', NULL, 'jH9Vy6KjHS', '2023-02-03 23:01:04', '2023-02-03 23:01:04'),
(889, NULL, 'SM-20051382', '$2y$10$c2NIzOVWJy3yQ5v3LkLMau3shlGrNtni4w6ucKbgoaomS44zPHSpu', 'Cesar', 'Conn', 'Steuber', 'BTVTED', '2', 'P', '2013-01-12', NULL, 'bYncwx0lAn', '2023-02-03 23:01:04', '2023-02-03 23:01:04'),
(890, NULL, 'SR-17073533', '$2y$10$OF76Tgwqa5sVYBg8mDC.MuZF0esBFdcIH6oYiagadzTzln.7LowYa', 'Dewayne', 'Schroeder', 'Steuber', 'BSIS', '3', 'X', '2007-03-12', NULL, 'ibohEzEkG0', '2023-02-03 23:01:04', '2023-02-03 23:01:04'),
(891, NULL, 'AN-22085586', '$2y$10$ihVPT6QcPpDku1CVcenmm.y4AIKFoJKOx1H4JeuW3oMLdxHFCPiOC', 'Davon', 'Bernier', 'Stehr', 'BSOM', '2', 'U', '2005-11-09', NULL, 'OPXvXSOBCK', '2023-02-03 23:01:04', '2023-02-03 23:01:04'),
(892, NULL, 'BO-16064077', '$2y$10$ioWQRyjBWcV0U8X7d/Loy.MXs37cW7JVtMnttouAeJ05.6wySLdeu', 'Margarett', 'Erdman', 'Stehr', 'COMSEC', '1', 'N', '1978-11-11', NULL, 'xX9eqjE7s1', '2023-02-03 23:01:04', '2023-02-03 23:01:04'),
(893, NULL, 'BO-22063604', '$2y$10$RUlo/uTbjMsnH2GGGRVRm.oxhUWM8ysEOdI9/.bPH2p/IFQM4a.Bq', 'Deshaun', 'Breitenberg', 'Stehr', 'GAS', '11', 'U', '2017-03-28', NULL, 'pTTX8D0gb8', '2023-02-03 23:01:04', '2023-02-03 23:01:04'),
(894, NULL, 'MA-20010360', '$2y$10$v8Nr1HPvG.MONQjJ.gtGmucBGQkPM02Bfh/Uie5A3dn1UrRa0UVAm', 'Bernhard', 'Lynch', 'Stehr', 'COMSEC', '4', 'T', '1974-11-11', NULL, 'D5Gmrtx3rI', '2023-02-03 23:01:04', '2023-02-03 23:01:04'),
(895, NULL, 'OB-20024453', '$2y$10$PNMmU0NZjtqSaCf72tUF0uVDQ3O5f5Muw4bzGPRi9SUdWvXBJtm4.', 'Cordia', 'Aufderhar', 'Stehr', 'HRS', '1', 'Y', '1981-09-16', NULL, 'x9QFmWO9E5', '2023-02-03 23:01:04', '2023-02-03 23:01:04'),
(896, NULL, 'PA-17031944', '$2y$10$pGdAqpEMBhrhT2Y/gOChDeTBZxzL/mr0DMzdUIAyOj4jI28YueHWq', 'Janet', 'Carter', 'Stehr', 'BSAIS', '2', 'I', '2014-05-30', NULL, 'k6d1XAH4By', '2023-02-03 23:01:04', '2023-02-03 23:01:04'),
(897, NULL, 'PA-18034707', '$2y$10$WO6DFYrcYEDBnH4mVbQJp.poljzthODDPwudwCxF1vdVKUW1EjV6S', 'Hanna', 'Raynor', 'Stehr', 'HRS', '1', 'J', '1995-12-16', NULL, 'dlsJtEN6h6', '2023-02-03 23:01:04', '2023-02-03 23:01:04'),
(898, NULL, 'PA-22030423', '$2y$10$7vqvRI9e6r.6O2CcNRT/vOcIVmtNcYPXnrnQk.qVQfexDMbCjH6aa', 'Carmel', 'Jones', 'Stehr', 'COMSEC', '2', 'C', '1998-01-19', NULL, 'jeOHO44Xv8', '2023-02-03 23:01:04', '2023-02-03 23:01:04'),
(899, NULL, 'PA-22033337', '$2y$10$8UE/npHfLJMIo9uLrwPa6uY9EYfHkOrOTulsW6UGzhh2as/AwWebi', 'Billie', 'Kassulke', 'Stehr', 'BSOM', '4', 'G', '2008-04-05', NULL, 'd9gNkkE1li', '2023-02-03 23:01:04', '2023-02-03 23:01:04'),
(900, NULL, 'SJ-17040025', '$2y$10$DhiPkHgVLiAGxBCTbsMjjOFeNk9/rzHiEYn1qowKmVklH.M8PuNL2', 'Madalyn', 'Osinski', 'Stehr', 'BSIS', '2', 'S', '2013-12-24', NULL, 'ItKQuyszOE', '2023-02-03 23:01:04', '2023-02-03 23:01:04'),
(901, NULL, 'SJ-19042701', '$2y$10$q3C3od7JdokSr80rxv8uR.WMC1zAD6oWCFAXNjX3dhpwdbI8iQABC', 'Rosina', 'Waelchi', 'Stehr', 'ABM', '12', 'U', '1971-02-22', NULL, 'Swa3d0ugfq', '2023-02-03 23:01:04', '2023-02-03 23:01:04'),
(902, NULL, 'SM-21051635', '$2y$10$tg8OLxvITUhk7awt63k03eeEwANEyxXYbpdO6WDW1Hp.AFGN6/tnW', 'Cali', 'Rosenbaum', 'Stehr', 'GAS', '12', 'V', '1978-01-02', NULL, 's2qQ04sb9n', '2023-02-03 23:01:04', '2023-02-03 23:01:04'),
(903, NULL, 'SR-17075180', '$2y$10$R95ps9fjZxsXWbIXq4FTk.uX.33kqOROxCAdcbD9sU4wEpp3mgvcG', 'Jackson', 'Abernathy', 'Stehr', 'GAS', '12', 'K', '1998-03-01', NULL, 'aYUGiMoRfT', '2023-02-03 23:01:04', '2023-02-03 23:01:04'),
(904, NULL, 'SR-21075200', '$2y$10$Dnj/Ao1p5P.5jsCCbr6lXecM/laYGUZOlYGyVx4SuRHfmCkRt.aqO', 'Onie', 'Larkin', 'Stehr', 'BSOM', '4', 'K', '2014-08-23', NULL, 'sHNlZH1uNm', '2023-02-03 23:01:04', '2023-02-03 23:01:04'),
(905, NULL, 'SR-22075061', '$2y$10$1Crw579SG/8V5Wu7W4XGXuF6JmsafBx/3HmQUqv/hf1BPKvjnmEki', 'Meagan', 'Witting', 'Stehr', 'BTVTED', '3', 'Q', '2004-07-05', NULL, 'u0vcFQzEsk', '2023-02-03 23:01:04', '2023-02-03 23:01:04');
INSERT INTO `users` (`userID`, `displayPhoto`, `studentID`, `password`, `firstName`, `middleName`, `lastName`, `program`, `yearLevel`, `section`, `birthDate`, `email`, `remember_token`, `created_at`, `updated_at`) VALUES
(906, NULL, 'BO-18065639', '$2y$10$bg/2SA2ep6V0GGEGK4bShutpRk2/71PZffDjq66RYXhb5BXHnGVUy', 'John', 'Schaefer', 'Stark', 'BTVTED', '3', 'R', '1972-12-20', NULL, '7QZklpwX0A', '2023-02-03 23:01:04', '2023-02-03 23:01:04'),
(907, NULL, 'MA-17011815', '$2y$10$ahFqxi1Cb8SXS1Sij3oTK.4uy2DgssG5gdKUYX88bOq4mdBit0vzu', 'Tyrique', 'Emard', 'Stark', 'BSOM', '1', 'L', '1979-08-12', NULL, 'dAIgxc6whx', '2023-02-03 23:01:04', '2023-02-03 23:01:04'),
(908, NULL, 'MA-17013256', '$2y$10$vL.zxxZwcK1aXhsgWCKuceJTZBlz6VSoQjirVXP7l75XzN8UA2aVO', 'Queen', 'Kirlin', 'Stark', 'ABM', '12', 'Y', '2001-12-10', NULL, 'hxkQ85IXfO', '2023-02-03 23:01:04', '2023-02-03 23:01:04'),
(909, NULL, 'OB-22020557', '$2y$10$/Qh/SMJLqzbXzHntIJL8ouM22xWrfx7rFqGfnYygmB3RAIGjObugq', 'Guy', 'Will', 'Stark', 'BTVTED', '4', 'M', '1974-07-28', NULL, 'Z6d2R3fDPy', '2023-02-03 23:01:04', '2023-02-03 23:01:04'),
(910, NULL, 'SJ-18042316', '$2y$10$XoQwBvDs2Weqd.4GsafPie5ghDFx4lj0mToe2K6ZRRJe/Hj7uLGEa', 'Sabrina', 'Lindgren', 'Stark', 'BSAIS', '4', 'W', '2006-03-26', NULL, 'HKDdZkUDIY', '2023-02-03 23:01:04', '2023-02-03 23:01:04'),
(911, NULL, 'SR-20075337', '$2y$10$KBlqqJ6kjdoOuj6BQJsW1.7AH0FPNNE6J5nogla9FMhz0Ad.S76yK', 'Casper', 'Hyatt', 'Stark', 'BSAIS', '1', 'C', '1978-08-11', NULL, 'yySxPSBQPP', '2023-02-03 23:01:04', '2023-02-03 23:01:04'),
(912, NULL, 'AN-20082221', '$2y$10$pnZ.dzXBjgQGycUdsWln5OK2snCrCAKiZ565lR7YH2meU/b/soAuW', 'Serena', 'Smitham', 'Stanton', 'BSAIS', '4', 'T', '2007-09-20', NULL, '33GXbYNVZn', '2023-02-03 23:01:04', '2023-02-03 23:01:04'),
(913, NULL, 'BO-16063612', '$2y$10$jKCjJM4fDNYcyPE1GpW3JuAuC/22PHp.SLwa6Bgq8qjcNqmAOdehe', 'Javier', 'Yost', 'Stanton', 'ACT', '1', 'I', '2009-07-02', NULL, 'XEHB1Feost', '2023-02-03 23:01:04', '2023-02-03 23:01:04'),
(914, NULL, 'MA-19014655', '$2y$10$vCsZTtd7G8U6ppE95WvEXu3xpzWvsKxdKtq3UF/VHSSZ3WgyncLuW', 'Fredrick', 'Hirthe', 'Stanton', 'BSIS', '1', 'E', '1988-01-11', NULL, 'QvWklCEEDX', '2023-02-03 23:01:04', '2023-02-03 23:01:04'),
(915, NULL, 'MA-22011333', '$2y$10$wrbL5k7vWA63KOR7dxb9H.oACIFFLRKbRCuhyb0Zyr.oEN1zihxu.', 'Kelvin', 'Rau', 'Stanton', 'BSIS', '3', 'E', '1995-07-28', NULL, '30qH6yY6Dc', '2023-02-03 23:01:04', '2023-02-03 23:01:04'),
(916, NULL, 'OB-17022830', '$2y$10$zkg3o.HrRgmUCuFIXy5In.P4Bc4qEthG.P4ezqPdU7n6Xdn8GoLAy', 'Idell', 'Lind', 'Stanton', 'ABM', '11', 'Q', '1983-12-22', NULL, '2ySleGx8Gx', '2023-02-03 23:01:04', '2023-02-03 23:01:04'),
(917, NULL, 'OB-17023331', '$2y$10$9a347Vs0dQXcCUx0EO9Zf.VWkLXBTinN.uI/MZlHoFi6KMjEJtf7e', 'Lea', 'Brakus', 'Stanton', 'GAS', '12', 'E', '1974-12-03', NULL, 'htr9NDRaXg', '2023-02-03 23:01:04', '2023-02-03 23:01:04'),
(918, NULL, 'PA-16032784', '$2y$10$W4bLmGT6wlb078s6WG0NYeXL9MyZp2TZbIybeDoIA7Zm9wUokqMJm', 'Sandrine', 'Roberts', 'Stanton', 'COMSEC', '2', 'K', '1975-07-06', NULL, 'azS2Lci9AF', '2023-02-03 23:01:04', '2023-02-03 23:01:04'),
(919, NULL, 'PA-19034175', '$2y$10$ZsXbBulWY1Qtc3wbrzloQOBP944sKKHJMhCqxpKyAqRjkkYqmn0WG', 'Raphaelle', 'Lehner', 'Stanton', 'HRS', '4', 'H', '2018-11-20', NULL, 'OTgIMDR8cN', '2023-02-03 23:01:04', '2023-02-03 23:01:04'),
(920, NULL, 'SJ-16043490', '$2y$10$eNu7wL5o3m.26gK4nuOQXe4dd03lvwmI1TsH4QmhjDKmwM3yL9cLa', 'Richmond', 'Nicolas', 'Stanton', 'ABM', '12', 'W', '2022-06-28', NULL, 'b4lMrbCYyz', '2023-02-03 23:01:04', '2023-02-03 23:01:04'),
(921, NULL, 'SJ-18041389', '$2y$10$jUKumHVGo5klne9fJVoluOnv4l8aqhX0c67i.4LrCuWhaOXYfT65e', 'Kenya', 'Crist', 'Stanton', 'BTVTED', '4', 'H', '1999-05-26', NULL, 'B5aM9m9IEv', '2023-02-03 23:01:04', '2023-02-03 23:01:04'),
(922, NULL, 'SJ-19043610', '$2y$10$Q8/KTPt8dITD06DIbr9gxOr9PRwquYoFs1/QU2rOJV6GD2//3Tje6', 'Leonel', 'Harris', 'Stanton', 'ABM', '11', 'X', '2002-05-13', NULL, 'qou5Ykymh9', '2023-02-03 23:01:04', '2023-02-03 23:01:04'),
(923, NULL, 'SR-16074472', '$2y$10$pSzNwdHGZrmqOMCp6XRZUeZoGdbGUD61eqKyuNY8GShzCoBbx05p2', 'Holden', 'Ziemann', 'Stanton', 'ABM', '12', 'Y', '2022-04-03', NULL, 'gwvizQzm0G', '2023-02-03 23:01:04', '2023-02-03 23:01:04'),
(924, NULL, 'AN-18080280', '$2y$10$TzLS6Pt283wAqXa7MkfDMeIKJCOlb6XBcd37HBMOaXbR.EJrdVlnO', 'Lonie', 'Barrows', 'Stamm', 'COMSEC', '4', 'Z', '1988-07-12', NULL, 'YVJElTlWBU', '2023-02-03 23:01:04', '2023-02-03 23:01:04'),
(925, NULL, 'AN-21085970', '$2y$10$a05Uh6NlMGGKgjYEcWsinOSoUZ.WuxP4Foz6iF7/y6RlpvAasAO4i', 'Crystel', 'Daugherty', 'Stamm', 'BTVTED', '4', 'A', '1976-06-23', NULL, 'j8j17ZCump', '2023-02-03 23:01:04', '2023-02-03 23:01:04'),
(926, NULL, 'BO-16062394', '$2y$10$MUEqP0rqjjxZp5qJhGY1hOXtQlFO/BwDA7eGpz42dzRbOU70JCD0e', 'Margret', 'Shanahan', 'Stamm', 'BSOM', '1', 'K', '1980-06-26', NULL, 'EZRYReR0eZ', '2023-02-03 23:01:04', '2023-02-03 23:01:04'),
(927, NULL, 'MA-19010260', '$2y$10$gMB.dpdFykXw.bllzOJrgevjmx1UJ00hDIxMpArhIvyCImzcb9PCu', 'Hilma', 'Rosenbaum', 'Stamm', 'HRS', '2', 'U', '1998-03-04', NULL, '10Tqmq4xL9', '2023-02-03 23:01:04', '2023-02-03 23:01:04'),
(928, NULL, 'OB-16020781', '$2y$10$x.rbE92ENrtA6u..8Gn/suMAVUduhOyI/MD2GAop0d8HWCLQTb.km', 'Kian', 'Armstrong', 'Stamm', 'ABM', '12', 'G', '1990-07-05', NULL, '8pwyKsz2m1', '2023-02-03 23:01:04', '2023-02-03 23:01:04'),
(929, NULL, 'OB-17022620', '$2y$10$0kgh6VsdXJASra/6sHC6NOKmQUoBWFQo0bdJ42qDuBh4EroEacfoO', 'Jedediah', 'Weissnat', 'Stamm', 'BTVTED', '3', 'Q', '1992-04-26', NULL, '23A35eY0wJ', '2023-02-03 23:01:04', '2023-02-03 23:01:04'),
(930, NULL, 'OB-19020121', '$2y$10$oCdsVMN5kSzwozrcA4mRrOK4lyK5Cp49wJLUzkT4ExJrGACoB5Rxu', 'Jaime', 'Hartmann', 'Stamm', 'GAS', '11', 'E', '1996-04-13', NULL, 'JDwRyCAKUE', '2023-02-03 23:01:04', '2023-02-03 23:01:04'),
(931, NULL, 'OB-21025427', '$2y$10$.RGZaocMG7hixHYUsoo.v.NNzHzkSjavuwLbYAzVNsp/zKYRCBFn.', 'Lucio', 'Herzog', 'Stamm', 'GAS', '12', 'Q', '1998-05-07', NULL, 'j6BkMdqbNO', '2023-02-03 23:01:04', '2023-02-03 23:01:04'),
(932, NULL, 'PA-16034979', '$2y$10$EhD6mFbkrTfxSfP9sGz05.8z1O76Ul5k9dqjPvjcdTNqbgOzEf0nK', 'Hassie', 'Hodkiewicz', 'Stamm', 'BTVTED', '2', 'C', '2015-04-27', NULL, 'Jx4Z2Kwnnw', '2023-02-03 23:01:04', '2023-02-03 23:01:04'),
(933, NULL, 'PA-18035507', '$2y$10$u7XSkvXYv14ZHbup9KJCvOm6Vg05.3rsieSUCp42dfjJsKAeBGAUC', 'Bell', 'Lehner', 'Stamm', 'BSIS', '3', 'V', '1983-06-22', NULL, 'yQ2yT8M4tQ', '2023-02-03 23:01:04', '2023-02-03 23:01:04'),
(934, NULL, 'PA-21033932', '$2y$10$VcQ7Fr91YTDzGRYpxn7.BOitl.xeZ.ueorP5MP9yZtkpAzXqwzfSa', 'Carole', 'Hermann', 'Stamm', 'HRS', '2', 'X', '2018-02-23', NULL, '1A4TlAXpSq', '2023-02-03 23:01:04', '2023-02-03 23:01:04'),
(935, NULL, 'SJ-22043830', '$2y$10$sXbEDlICqTGQQetPidqDTuzOJ/rLW1a5yYp60xXQdFwM3jnFqP7zO', 'Myrtle', 'Dickens', 'Stamm', 'BTVTED', '4', 'P', '1995-04-25', NULL, 'YnekVyWEYs', '2023-02-03 23:01:04', '2023-02-03 23:01:04'),
(936, NULL, 'SJ-22044281', '$2y$10$nyFvXoSnZmW701.rd2deTumvSfgSLtpHLy5eCbSR9X2swvf99RfXe', 'Uriel', 'Collins', 'Stamm', 'HRS', '4', 'Z', '2015-07-15', NULL, 'tN6wdMkosZ', '2023-02-03 23:01:04', '2023-02-03 23:01:04'),
(937, NULL, 'SM-16053765', '$2y$10$Nx2/68VyYSiNsctbnD9B2e7LSzclgMwjBx934aSIuSOHiNHrwN1cS', 'Anya', 'Schimmel', 'Stamm', 'ACT', '4', 'H', '1975-07-27', NULL, 'EIUIN9NFpD', '2023-02-03 23:01:04', '2023-02-03 23:01:04'),
(938, NULL, 'SM-16054849', '$2y$10$GhDaRNUP/fHIzESGD4ZSyejZgwrvsJyAPO6ieJgWOTWN.7xgUOd7u', 'Kathlyn', 'Breitenberg', 'Stamm', 'COMSEC', '4', 'E', '1992-02-24', NULL, 'D9wjcUQCDp', '2023-02-03 23:01:04', '2023-02-03 23:01:04'),
(939, NULL, 'SM-17050326', '$2y$10$O00caDXf3WcUzwymaiBmK.E.IgURm1td6vhlQJp0B1VLZE2Gs3xRu', 'Nya', 'King', 'Stamm', 'BSOM', '3', 'N', '1992-10-13', NULL, 'gbUFBYbHhl', '2023-02-03 23:01:04', '2023-02-03 23:01:04'),
(940, NULL, 'SM-21053368', '$2y$10$mKVGPBrlDUXTs8Tm8QleAufm/jbtC7cpkqvPZTd8u.iT.8GUlk9zO', 'Skye', 'Hoppe', 'Stamm', 'BSOM', '2', 'T', '2019-07-14', NULL, 'x0KCyWOFEn', '2023-02-03 23:01:04', '2023-02-03 23:01:04'),
(941, NULL, 'SM-22051322', '$2y$10$zQNrZsJFUX/NojzcF98DZ.8A6PhrhYfpZ0EaRybNZ5YYxbLn7hmwW', 'Jackeline', 'Hartmann', 'Stamm', 'BSIS', '3', 'V', '2022-05-13', NULL, 'LcaVKXrCsa', '2023-02-03 23:01:04', '2023-02-03 23:01:04'),
(942, NULL, 'SR-19070100', '$2y$10$9hfDlkbU6WbBj/RwF6H3hOxC2T9cqcdg84/ogsL2vY7E/VryBFQry', 'Dessie', 'Stokes', 'Stamm', 'ACT', '3', 'I', '1995-04-05', NULL, '6hqfbHOKm6', '2023-02-03 23:01:04', '2023-02-03 23:01:04'),
(943, NULL, 'AN-22082001', '$2y$10$TdxTpaIq/Jh5fNBU6hnJSeGMQndX2cSQQch/iVakJcaTnIgFodyui', 'Bennie', 'Collier', 'Sporer', 'COMSEC', '4', 'Y', '1972-12-29', NULL, 'abjEXYYHwW', '2023-02-03 23:01:04', '2023-02-03 23:01:04'),
(944, NULL, 'AN-22082878', '$2y$10$PWWMQtENEFsPo.ICdqCzYu2oa2SnvZr8I8F/hX6YDmZDM/1FZgMqW', 'Edd', 'Rolfson', 'Sporer', 'COMSEC', '1', 'R', '2012-01-03', NULL, '40OG9v6cpR', '2023-02-03 23:01:04', '2023-02-03 23:01:04'),
(945, NULL, 'MA-17012068', '$2y$10$4YYkdG4Rx.KQRdjS0SCIUOGpRuXB65yhaaGQZKRIpGMa5KbZYP4Dy', 'Marianna', 'Hartmann', 'Sporer', 'BSIS', '1', 'H', '2008-08-11', NULL, 'MzJXJepews', '2023-02-03 23:01:04', '2023-02-03 23:01:04'),
(946, NULL, 'MA-22011199', '$2y$10$OdLQAb4Wb4OE7VIL5/LrEuAe39BF.i2/gfgJEu6pNBjfBIQNtG/7O', 'Vada', 'Bernier', 'Sporer', 'BSOM', '1', 'K', '1990-08-25', NULL, 'm3ryElG6VV', '2023-02-03 23:01:04', '2023-02-03 23:01:04'),
(947, NULL, 'PA-22032201', '$2y$10$14v0ue3Umv.DR3RBrwb5FuH18Hlneh9VX/H/JSvPLsas2myl4zb/6', 'Orie', 'Luettgen', 'Sporer', 'ACT', '3', 'R', '2015-10-30', NULL, 'pZA7IWHPC2', '2023-02-03 23:01:04', '2023-02-03 23:01:04'),
(948, NULL, 'SJ-16041755', '$2y$10$PV9cUXVsA5gGHEL/njTc1.BC8TeBPtKBJf5STi02EvENyyjYkyXj.', 'Rocky', 'Williamson', 'Sporer', 'BSIS', '4', 'Y', '1971-02-01', NULL, 'djTCKuimuD', '2023-02-03 23:01:04', '2023-02-03 23:01:04'),
(949, NULL, 'SJ-19041438', '$2y$10$SPUrTRzWS7qxpOmHUc3Hs.9DY7KgN8oKRL6ZelfT23Ydo4cRFDyra', 'Thaddeus', 'Doyle', 'Sporer', 'GAS', '12', 'G', '2012-01-13', NULL, 'SvbE5UeIkN', '2023-02-03 23:01:04', '2023-02-03 23:01:04'),
(950, NULL, 'SJ-20040191', '$2y$10$UWrnPJTi0Voz0B.adnKUlOKyq9V2GSuT7KKGCzJCWuB5EldXNLGhG', 'Alexandrea', 'Balistreri', 'Sporer', 'BTVTED', '3', 'Y', '1971-01-11', NULL, 'jpfnIZfelv', '2023-02-03 23:01:04', '2023-02-03 23:01:04'),
(951, NULL, 'SM-17050016', '$2y$10$H.uZb8SXWYtazN.ROJSKIeXz5MZQ1zOSkNp/m/Et6JToeh9tunAiS', 'Brandon', 'Romaguera', 'Sporer', 'ACT', '1', 'M', '2012-01-16', NULL, '2RpifxBVrf', '2023-02-03 23:01:04', '2023-02-03 23:01:04'),
(952, NULL, 'SM-19051020', '$2y$10$uYG4j6lrtdQYRQIc0WfJvuOdMNW1mfV5Z.tOKOPErDWXNyer7/uMe', 'Oma', 'Ebert', 'Sporer', 'BSIS', '4', 'E', '1974-10-13', NULL, 'ZlMaunSR7c', '2023-02-03 23:01:04', '2023-02-03 23:01:04'),
(953, NULL, 'SM-19054178', '$2y$10$JGYnlFGd/Sf/eEUYqG.lPu/1RJKcOAlkFTB8SoHOt5LV6MogLnmaS', 'Dorothy', 'Hodkiewicz', 'Sporer', 'BSIS', '3', 'W', '1973-08-06', NULL, 'EWt9ITZeOc', '2023-02-03 23:01:04', '2023-02-03 23:01:04'),
(954, NULL, 'SM-21051390', '$2y$10$.xCLY7xUFr6bpMGmPVvcvuODkfImzuSE0.AwKkLmJs9JXK7.VSRqu', 'Meda', 'Bergstrom', 'Sporer', 'COMSEC', '4', 'L', '2021-08-16', NULL, 'dkSd5YrDRZ', '2023-02-03 23:01:04', '2023-02-03 23:01:04'),
(955, NULL, 'BO-19061118', '$2y$10$OWN8/KqyP4oApM1sZ.iuVeHZuYNDnEfzhYnOEPHhYkbmT6OgYzrPK', 'Clementine', 'Okuneva', 'Spinka', 'HRS', '2', 'Q', '1989-08-25', NULL, 'OuFlMQAxxI', '2023-02-03 23:01:04', '2023-02-03 23:01:04'),
(956, NULL, 'BO-21060539', '$2y$10$sUi4nYJFqKFuSK5vpsYlVeRPfbkKBEg/NEKNzM1TQp9nNAfcsxwwy', 'Terrance', 'Rogahn', 'Spinka', 'BSOM', '4', 'C', '1985-06-15', NULL, 'FJKy97ni4V', '2023-02-03 23:01:04', '2023-02-03 23:01:04'),
(957, NULL, 'MA-16012127', '$2y$10$ML4A0BV.OkUZ6hrnDFwisu70oCkm73ukZjpFlJji/qQlLnOftzlle', 'Kasandra', 'Williamson', 'Spinka', 'HRS', '2', 'E', '2013-07-22', NULL, '9X0GYD6QO4', '2023-02-03 23:01:04', '2023-02-03 23:01:04'),
(958, NULL, 'AN-16085551', '$2y$10$VhzOSjbPfdLN/ekuQMIfBuY9rJfDpiKmbMMOaNcJXfMdlnUPFltze', 'Oda', 'Spinka', 'Klein', 'BSOM', '4', 'Y', '1998-03-17', NULL, NULL, '2023-02-03 23:26:25', '2023-02-03 23:26:25'),
(959, 'profilePics/jM5EMOwkGcHTckGJgbOXIfBVEUmmbWVFrSHKsOx4.gif', 'AN-18085516', '$2y$10$8dlOv9ExuJywWzbqdYoXfeNN8p.SH17E4cweuohbOLIrjsEGZ1PvG', 'Susie', 'Oberbrunner', 'Osinski', 'ABM', '11', 'S', '2015-12-18', NULL, NULL, '2023-02-03 23:28:54', '2023-02-03 23:32:02');

-- --------------------------------------------------------

--
-- Table structure for table `votearchives`
--

CREATE TABLE `votearchives` (
  `id` bigint(20) UNSIGNED NOT NULL,
  `electionarchive_id` bigint(20) UNSIGNED NOT NULL,
  `studentID` varchar(255) NOT NULL,
  `yearLevel` varchar(255) NOT NULL,
  `program` varchar(255) NOT NULL,
  `created_at` timestamp NULL DEFAULT NULL,
  `updated_at` timestamp NULL DEFAULT NULL
) ENGINE=InnoDB DEFAULT CHARSET=utf8mb4 COLLATE=utf8mb4_unicode_ci;

-- --------------------------------------------------------

--
-- Table structure for table `voteinfoarchives`
--

CREATE TABLE `voteinfoarchives` (
  `votearchive_id` bigint(20) UNSIGNED NOT NULL,
  `electionarchive_id` bigint(20) UNSIGNED NOT NULL,
  `positionarchive_id` bigint(20) UNSIGNED NOT NULL,
  `studentID` varchar(255) NOT NULL,
  `candidateID` varchar(255) NOT NULL,
  `created_at` timestamp NULL DEFAULT NULL,
  `updated_at` timestamp NULL DEFAULT NULL
) ENGINE=InnoDB DEFAULT CHARSET=utf8mb4 COLLATE=utf8mb4_unicode_ci;

-- --------------------------------------------------------

--
-- Table structure for table `voteinfos`
--

CREATE TABLE `voteinfos` (
  `vote_id` bigint(20) UNSIGNED NOT NULL,
  `election_id` bigint(20) UNSIGNED NOT NULL,
  `position_id` bigint(20) UNSIGNED NOT NULL,
  `studentID` varchar(255) NOT NULL,
  `candidateID` varchar(255) NOT NULL,
  `created_at` timestamp NULL DEFAULT NULL,
  `updated_at` timestamp NULL DEFAULT NULL
) ENGINE=InnoDB DEFAULT CHARSET=utf8mb4 COLLATE=utf8mb4_unicode_ci;

--
-- Dumping data for table `voteinfos`
--

INSERT INTO `voteinfos` (`vote_id`, `election_id`, `position_id`, `studentID`, `candidateID`, `created_at`, `updated_at`) VALUES
(1, 2, 5, 'AN-17082436', '5', '2023-02-03 23:15:10', '2023-02-03 23:15:10'),
(1, 2, 6, 'AN-17082436', '2', '2023-02-03 23:15:10', '2023-02-03 23:15:10'),
(1, 2, 7, 'AN-17082436', '6', '2023-02-03 23:15:10', '2023-02-03 23:15:10'),
(2, 2, 5, 'AN-16080966', '5', '2023-02-03 23:15:20', '2023-02-03 23:15:20'),
(2, 2, 6, 'AN-16080966', '3', '2023-02-03 23:15:20', '2023-02-03 23:15:20'),
(3, 4, 13, 'AN-20083311', '9', '2023-02-03 23:39:09', '2023-02-03 23:39:09'),
(3, 4, 14, 'AN-20083311', '8', '2023-02-03 23:39:09', '2023-02-03 23:39:09'),
(3, 4, 15, 'AN-20083311', '7', '2023-02-03 23:39:09', '2023-02-03 23:39:09'),
(4, 4, 13, 'AN-18085516', '9', '2023-02-03 23:39:47', '2023-02-03 23:39:47'),
(4, 4, 14, 'AN-18085516', '8', '2023-02-03 23:39:47', '2023-02-03 23:39:47'),
(4, 4, 15, 'AN-18085516', '7', '2023-02-03 23:39:47', '2023-02-03 23:39:47'),
(5, 4, 13, 'AN-20081052', '9', '2023-02-03 23:41:31', '2023-02-03 23:41:31');

-- --------------------------------------------------------

--
-- Table structure for table `votes`
--

CREATE TABLE `votes` (
  `id` bigint(20) UNSIGNED NOT NULL,
  `election_id` bigint(20) UNSIGNED NOT NULL,
  `studentID` varchar(255) NOT NULL,
  `yearLevel` varchar(255) NOT NULL,
  `program` varchar(255) NOT NULL,
  `created_at` timestamp NULL DEFAULT NULL,
  `updated_at` timestamp NULL DEFAULT NULL
) ENGINE=InnoDB DEFAULT CHARSET=utf8mb4 COLLATE=utf8mb4_unicode_ci;

--
-- Dumping data for table `votes`
--

INSERT INTO `votes` (`id`, `election_id`, `studentID`, `yearLevel`, `program`, `created_at`, `updated_at`) VALUES
(1, 2, 'AN-17082436', '12', 'ABM', '2023-02-03 23:15:10', '2023-02-03 23:15:10'),
(2, 2, 'AN-16080966', '12', 'GAS', '2023-02-03 23:15:20', '2023-02-03 23:15:20'),
(3, 4, 'AN-20083311', '12', 'GAS', '2023-02-03 23:39:08', '2023-02-03 23:39:08'),
(4, 4, 'AN-18085516', '11', 'ABM', '2023-02-03 23:39:47', '2023-02-03 23:39:47'),
(5, 4, 'AN-20081052', '12', 'GAS', '2023-02-03 23:41:31', '2023-02-03 23:41:31'),
(6, 1, 'AN-18080385', '1', 'COMSEC', '2023-02-05 00:54:11', '2023-02-05 00:54:11');

-- --------------------------------------------------------

--
-- Table structure for table `websockets_statistics_entries`
--

CREATE TABLE `websockets_statistics_entries` (
  `id` int(10) UNSIGNED NOT NULL,
  `app_id` varchar(255) NOT NULL,
  `peak_connection_count` int(11) NOT NULL,
  `websocket_message_count` int(11) NOT NULL,
  `api_message_count` int(11) NOT NULL,
  `created_at` timestamp NULL DEFAULT NULL,
  `updated_at` timestamp NULL DEFAULT NULL
) ENGINE=InnoDB DEFAULT CHARSET=utf8mb4 COLLATE=utf8mb4_unicode_ci;

-- --------------------------------------------------------

--
-- Table structure for table `winners`
--

CREATE TABLE `winners` (
  `id` bigint(20) UNSIGNED NOT NULL,
  `result_id` bigint(20) UNSIGNED NOT NULL,
  `election_id` bigint(20) UNSIGNED NOT NULL,
  `positionTitle` varchar(255) DEFAULT NULL,
  `firstName` varchar(255) DEFAULT NULL,
  `middleName` varchar(255) DEFAULT NULL,
  `lastName` varchar(255) DEFAULT NULL,
  `party` varchar(255) DEFAULT NULL,
  `program` varchar(255) DEFAULT NULL,
  `year` varchar(255) DEFAULT NULL,
  `section` varchar(255) DEFAULT NULL,
  `voteCount` varchar(255) DEFAULT NULL,
  `created_at` timestamp NULL DEFAULT NULL,
  `updated_at` timestamp NULL DEFAULT NULL
) ENGINE=InnoDB DEFAULT CHARSET=utf8mb4 COLLATE=utf8mb4_unicode_ci;

--
-- Dumping data for table `winners`
--

INSERT INTO `winners` (`id`, `result_id`, `election_id`, `positionTitle`, `firstName`, `middleName`, `lastName`, `party`, `program`, `year`, `section`, `voteCount`, `created_at`, `updated_at`) VALUES
(1, 1, 2, 'President', 'Kian', 'Goodwin', 'Treutel', 'Independent', 'GAS', '12', 'R', '2', '2023-02-03 23:17:15', '2023-02-03 23:17:15'),
(2, 1, 2, 'Vice President', 'Celestino', 'Schaefer', 'Wisozk', 'Independent', 'ABM', '12', 'A', '1', '2023-02-03 23:17:15', '2023-02-03 23:17:15'),
(3, 1, 2, 'Secretary', 'Grover', 'Willms', 'Tromp', 'Independent', 'GAS', '12', 'K', '1', '2023-02-03 23:17:15', '2023-02-03 23:17:15'),
(4, 2, 4, 'President', 'Kian', 'Goodwin', 'Treutel', 'Independent', 'GAS', '12', 'R', '3', '2023-02-05 01:14:49', '2023-02-05 01:14:49'),
(5, 2, 4, 'Vice President', NULL, NULL, NULL, NULL, NULL, NULL, NULL, NULL, '2023-02-05 01:14:49', '2023-02-05 01:14:49'),
(6, 2, 4, 'Secretary', NULL, NULL, NULL, NULL, NULL, NULL, NULL, NULL, '2023-02-05 01:14:49', '2023-02-05 01:14:49');

--
-- Indexes for dumped tables
--

--
-- Indexes for table `adminlogs`
--
ALTER TABLE `adminlogs`
  ADD PRIMARY KEY (`id`);

--
-- Indexes for table `admins`
--
ALTER TABLE `admins`
  ADD PRIMARY KEY (`id`);

--
-- Indexes for table `announcements`
--
ALTER TABLE `announcements`
  ADD PRIMARY KEY (`announcementID`);

--
-- Indexes for table `applicationarchives`
--
ALTER TABLE `applicationarchives`
  ADD PRIMARY KEY (`id`);

--
-- Indexes for table `applications`
--
ALTER TABLE `applications`
  ADD PRIMARY KEY (`id`),
  ADD KEY `applications_position_id_foreign` (`position_id`);

--
-- Indexes for table `candidatearchives`
--
ALTER TABLE `candidatearchives`
  ADD PRIMARY KEY (`id`),
  ADD KEY `candidatearchives_positionarchive_id_foreign` (`positionarchive_id`);

--
-- Indexes for table `candidates`
--
ALTER TABLE `candidates`
  ADD PRIMARY KEY (`id`),
  ADD KEY `candidates_position_id_foreign` (`position_id`);

--
-- Indexes for table `certificatearchives`
--
ALTER TABLE `certificatearchives`
  ADD PRIMARY KEY (`id`),
  ADD KEY `certificatearchives_electionarchive_id_foreign` (`electionarchive_id`);

--
-- Indexes for table `certificates`
--
ALTER TABLE `certificates`
  ADD PRIMARY KEY (`id`),
  ADD KEY `certificates_election_id_foreign` (`election_id`);

--
-- Indexes for table `cprofilearchives`
--
ALTER TABLE `cprofilearchives`
  ADD KEY `cprofilearchives_candidatearchive_id_foreign` (`candidatearchive_id`);

--
-- Indexes for table `cprofiles`
--
ALTER TABLE `cprofiles`
  ADD KEY `cprofiles_candidate_id_foreign` (`candidate_id`);

--
-- Indexes for table `electionarchives`
--
ALTER TABLE `electionarchives`
  ADD PRIMARY KEY (`id`);

--
-- Indexes for table `elections`
--
ALTER TABLE `elections`
  ADD PRIMARY KEY (`id`);

--
-- Indexes for table `migrations`
--
ALTER TABLE `migrations`
  ADD PRIMARY KEY (`id`);

--
-- Indexes for table `officerlogs`
--
ALTER TABLE `officerlogs`
  ADD PRIMARY KEY (`id`);

--
-- Indexes for table `officers`
--
ALTER TABLE `officers`
  ADD PRIMARY KEY (`id`);

--
-- Indexes for table `partylists`
--
ALTER TABLE `partylists`
  ADD PRIMARY KEY (`id`);

--
-- Indexes for table `password_resets`
--
ALTER TABLE `password_resets`
  ADD PRIMARY KEY (`id`);

--
-- Indexes for table `password_reset_archives`
--
ALTER TABLE `password_reset_archives`
  ADD PRIMARY KEY (`id`);

--
-- Indexes for table `personal_access_tokens`
--
ALTER TABLE `personal_access_tokens`
  ADD PRIMARY KEY (`id`),
  ADD UNIQUE KEY `personal_access_tokens_token_unique` (`token`),
  ADD KEY `personal_access_tokens_tokenable_type_tokenable_id_index` (`tokenable_type`,`tokenable_id`);

--
-- Indexes for table `positionarchives`
--
ALTER TABLE `positionarchives`
  ADD PRIMARY KEY (`id`),
  ADD KEY `positionarchives_electionarchive_id_foreign` (`electionarchive_id`);

--
-- Indexes for table `positions`
--
ALTER TABLE `positions`
  ADD PRIMARY KEY (`id`),
  ADD KEY `positions_election_id_foreign` (`election_id`);

--
-- Indexes for table `results`
--
ALTER TABLE `results`
  ADD PRIMARY KEY (`id`),
  ADD KEY `results_election_id_foreign` (`election_id`);

--
-- Indexes for table `templateinfos`
--
ALTER TABLE `templateinfos`
  ADD KEY `templateinfos_template_id_foreign` (`template_id`);

--
-- Indexes for table `templates`
--
ALTER TABLE `templates`
  ADD PRIMARY KEY (`id`);

--
-- Indexes for table `users`
--
ALTER TABLE `users`
  ADD PRIMARY KEY (`userID`);

--
-- Indexes for table `votearchives`
--
ALTER TABLE `votearchives`
  ADD PRIMARY KEY (`id`),
  ADD KEY `votearchives_electionarchive_id_foreign` (`electionarchive_id`);

--
-- Indexes for table `voteinfoarchives`
--
ALTER TABLE `voteinfoarchives`
  ADD KEY `voteinfoarchives_votearchive_id_foreign` (`votearchive_id`),
  ADD KEY `voteinfoarchives_electionarchive_id_foreign` (`electionarchive_id`),
  ADD KEY `voteinfoarchives_positionarchive_id_foreign` (`positionarchive_id`);

--
-- Indexes for table `voteinfos`
--
ALTER TABLE `voteinfos`
  ADD KEY `voteinfos_vote_id_foreign` (`vote_id`),
  ADD KEY `voteinfos_election_id_foreign` (`election_id`),
  ADD KEY `voteinfos_position_id_foreign` (`position_id`);

--
-- Indexes for table `votes`
--
ALTER TABLE `votes`
  ADD PRIMARY KEY (`id`),
  ADD KEY `votes_election_id_foreign` (`election_id`);

--
-- Indexes for table `websockets_statistics_entries`
--
ALTER TABLE `websockets_statistics_entries`
  ADD PRIMARY KEY (`id`);

--
-- Indexes for table `winners`
--
ALTER TABLE `winners`
  ADD PRIMARY KEY (`id`),
  ADD KEY `winners_result_id_foreign` (`result_id`),
  ADD KEY `winners_election_id_foreign` (`election_id`);

--
-- AUTO_INCREMENT for dumped tables
--

--
-- AUTO_INCREMENT for table `adminlogs`
--
ALTER TABLE `adminlogs`
  MODIFY `id` bigint(20) UNSIGNED NOT NULL AUTO_INCREMENT, AUTO_INCREMENT=36;

--
-- AUTO_INCREMENT for table `admins`
--
ALTER TABLE `admins`
  MODIFY `id` bigint(20) UNSIGNED NOT NULL AUTO_INCREMENT, AUTO_INCREMENT=6;

--
-- AUTO_INCREMENT for table `announcements`
--
ALTER TABLE `announcements`
  MODIFY `announcementID` bigint(20) UNSIGNED NOT NULL AUTO_INCREMENT, AUTO_INCREMENT=11;

--
-- AUTO_INCREMENT for table `applicationarchives`
--
ALTER TABLE `applicationarchives`
  MODIFY `id` bigint(20) UNSIGNED NOT NULL AUTO_INCREMENT, AUTO_INCREMENT=10;

--
-- AUTO_INCREMENT for table `applications`
--
ALTER TABLE `applications`
  MODIFY `id` bigint(20) UNSIGNED NOT NULL AUTO_INCREMENT, AUTO_INCREMENT=11;

--
-- AUTO_INCREMENT for table `candidatearchives`
--
ALTER TABLE `candidatearchives`
  MODIFY `id` bigint(20) UNSIGNED NOT NULL AUTO_INCREMENT, AUTO_INCREMENT=10;

--
-- AUTO_INCREMENT for table `candidates`
--
ALTER TABLE `candidates`
  MODIFY `id` bigint(20) UNSIGNED NOT NULL AUTO_INCREMENT, AUTO_INCREMENT=10;

--
-- AUTO_INCREMENT for table `certificatearchives`
--
ALTER TABLE `certificatearchives`
  MODIFY `id` bigint(20) UNSIGNED NOT NULL AUTO_INCREMENT, AUTO_INCREMENT=6;

--
-- AUTO_INCREMENT for table `certificates`
--
ALTER TABLE `certificates`
  MODIFY `id` bigint(20) UNSIGNED NOT NULL AUTO_INCREMENT, AUTO_INCREMENT=7;

--
-- AUTO_INCREMENT for table `electionarchives`
--
ALTER TABLE `electionarchives`
  MODIFY `id` bigint(20) UNSIGNED NOT NULL AUTO_INCREMENT, AUTO_INCREMENT=5;

--
-- AUTO_INCREMENT for table `elections`
--
ALTER TABLE `elections`
  MODIFY `id` bigint(20) UNSIGNED NOT NULL AUTO_INCREMENT, AUTO_INCREMENT=6;

--
-- AUTO_INCREMENT for table `migrations`
--
ALTER TABLE `migrations`
  MODIFY `id` int(10) UNSIGNED NOT NULL AUTO_INCREMENT, AUTO_INCREMENT=928;

--
-- AUTO_INCREMENT for table `officerlogs`
--
ALTER TABLE `officerlogs`
  MODIFY `id` bigint(20) UNSIGNED NOT NULL AUTO_INCREMENT;

--
-- AUTO_INCREMENT for table `officers`
--
ALTER TABLE `officers`
  MODIFY `id` bigint(20) UNSIGNED NOT NULL AUTO_INCREMENT, AUTO_INCREMENT=11;

--
-- AUTO_INCREMENT for table `partylists`
--
ALTER TABLE `partylists`
  MODIFY `id` bigint(20) UNSIGNED NOT NULL AUTO_INCREMENT;

--
-- AUTO_INCREMENT for table `password_resets`
--
ALTER TABLE `password_resets`
  MODIFY `id` bigint(20) UNSIGNED NOT NULL AUTO_INCREMENT;

--
-- AUTO_INCREMENT for table `password_reset_archives`
--
ALTER TABLE `password_reset_archives`
  MODIFY `id` bigint(20) UNSIGNED NOT NULL AUTO_INCREMENT;

--
-- AUTO_INCREMENT for table `personal_access_tokens`
--
ALTER TABLE `personal_access_tokens`
  MODIFY `id` bigint(20) UNSIGNED NOT NULL AUTO_INCREMENT;

--
-- AUTO_INCREMENT for table `positionarchives`
--
ALTER TABLE `positionarchives`
  MODIFY `id` bigint(20) UNSIGNED NOT NULL AUTO_INCREMENT, AUTO_INCREMENT=17;

--
-- AUTO_INCREMENT for table `positions`
--
ALTER TABLE `positions`
  MODIFY `id` bigint(20) UNSIGNED NOT NULL AUTO_INCREMENT, AUTO_INCREMENT=21;

--
-- AUTO_INCREMENT for table `results`
--
ALTER TABLE `results`
  MODIFY `id` bigint(20) UNSIGNED NOT NULL AUTO_INCREMENT, AUTO_INCREMENT=3;

--
-- AUTO_INCREMENT for table `templates`
--
ALTER TABLE `templates`
  MODIFY `id` bigint(20) UNSIGNED NOT NULL AUTO_INCREMENT, AUTO_INCREMENT=2;

--
-- AUTO_INCREMENT for table `users`
--
ALTER TABLE `users`
  MODIFY `userID` bigint(20) UNSIGNED NOT NULL AUTO_INCREMENT, AUTO_INCREMENT=960;

--
-- AUTO_INCREMENT for table `votearchives`
--
ALTER TABLE `votearchives`
  MODIFY `id` bigint(20) UNSIGNED NOT NULL AUTO_INCREMENT, AUTO_INCREMENT=6;

--
-- AUTO_INCREMENT for table `votes`
--
ALTER TABLE `votes`
  MODIFY `id` bigint(20) UNSIGNED NOT NULL AUTO_INCREMENT, AUTO_INCREMENT=7;

--
-- AUTO_INCREMENT for table `websockets_statistics_entries`
--
ALTER TABLE `websockets_statistics_entries`
  MODIFY `id` int(10) UNSIGNED NOT NULL AUTO_INCREMENT;

--
-- AUTO_INCREMENT for table `winners`
--
ALTER TABLE `winners`
  MODIFY `id` bigint(20) UNSIGNED NOT NULL AUTO_INCREMENT, AUTO_INCREMENT=7;

--
-- Constraints for dumped tables
--

--
-- Constraints for table `applications`
--
ALTER TABLE `applications`
  ADD CONSTRAINT `applications_position_id_foreign` FOREIGN KEY (`position_id`) REFERENCES `positions` (`id`) ON DELETE CASCADE;

--
-- Constraints for table `candidatearchives`
--
ALTER TABLE `candidatearchives`
  ADD CONSTRAINT `candidatearchives_positionarchive_id_foreign` FOREIGN KEY (`positionarchive_id`) REFERENCES `positionarchives` (`id`) ON DELETE CASCADE;

--
-- Constraints for table `candidates`
--
ALTER TABLE `candidates`
  ADD CONSTRAINT `candidates_position_id_foreign` FOREIGN KEY (`position_id`) REFERENCES `positions` (`id`) ON DELETE CASCADE;

--
-- Constraints for table `certificatearchives`
--
ALTER TABLE `certificatearchives`
  ADD CONSTRAINT `certificatearchives_electionarchive_id_foreign` FOREIGN KEY (`electionarchive_id`) REFERENCES `electionarchives` (`id`) ON DELETE CASCADE;

--
-- Constraints for table `certificates`
--
ALTER TABLE `certificates`
  ADD CONSTRAINT `certificates_election_id_foreign` FOREIGN KEY (`election_id`) REFERENCES `elections` (`id`) ON DELETE CASCADE;

--
-- Constraints for table `cprofilearchives`
--
ALTER TABLE `cprofilearchives`
  ADD CONSTRAINT `cprofilearchives_candidatearchive_id_foreign` FOREIGN KEY (`candidatearchive_id`) REFERENCES `candidatearchives` (`id`) ON DELETE CASCADE;

--
-- Constraints for table `cprofiles`
--
ALTER TABLE `cprofiles`
  ADD CONSTRAINT `cprofiles_candidate_id_foreign` FOREIGN KEY (`candidate_id`) REFERENCES `candidates` (`id`) ON DELETE CASCADE;

--
-- Constraints for table `positionarchives`
--
ALTER TABLE `positionarchives`
  ADD CONSTRAINT `positionarchives_electionarchive_id_foreign` FOREIGN KEY (`electionarchive_id`) REFERENCES `electionarchives` (`id`) ON DELETE CASCADE;

--
-- Constraints for table `positions`
--
ALTER TABLE `positions`
  ADD CONSTRAINT `positions_election_id_foreign` FOREIGN KEY (`election_id`) REFERENCES `elections` (`id`) ON DELETE CASCADE;

--
-- Constraints for table `results`
--
ALTER TABLE `results`
  ADD CONSTRAINT `results_election_id_foreign` FOREIGN KEY (`election_id`) REFERENCES `elections` (`id`) ON DELETE CASCADE;

--
-- Constraints for table `templateinfos`
--
ALTER TABLE `templateinfos`
  ADD CONSTRAINT `templateinfos_template_id_foreign` FOREIGN KEY (`template_id`) REFERENCES `templates` (`id`) ON DELETE CASCADE;

--
-- Constraints for table `votearchives`
--
ALTER TABLE `votearchives`
  ADD CONSTRAINT `votearchives_electionarchive_id_foreign` FOREIGN KEY (`electionarchive_id`) REFERENCES `electionarchives` (`id`) ON DELETE CASCADE;

--
-- Constraints for table `voteinfoarchives`
--
ALTER TABLE `voteinfoarchives`
  ADD CONSTRAINT `voteinfoarchives_electionarchive_id_foreign` FOREIGN KEY (`electionarchive_id`) REFERENCES `electionarchives` (`id`) ON DELETE CASCADE,
  ADD CONSTRAINT `voteinfoarchives_positionarchive_id_foreign` FOREIGN KEY (`positionarchive_id`) REFERENCES `positionarchives` (`id`) ON DELETE CASCADE,
  ADD CONSTRAINT `voteinfoarchives_votearchive_id_foreign` FOREIGN KEY (`votearchive_id`) REFERENCES `votearchives` (`id`) ON DELETE CASCADE;

--
-- Constraints for table `voteinfos`
--
ALTER TABLE `voteinfos`
  ADD CONSTRAINT `voteinfos_election_id_foreign` FOREIGN KEY (`election_id`) REFERENCES `elections` (`id`) ON DELETE CASCADE,
  ADD CONSTRAINT `voteinfos_position_id_foreign` FOREIGN KEY (`position_id`) REFERENCES `positions` (`id`) ON DELETE CASCADE,
  ADD CONSTRAINT `voteinfos_vote_id_foreign` FOREIGN KEY (`vote_id`) REFERENCES `votes` (`id`) ON DELETE CASCADE;

--
-- Constraints for table `votes`
--
ALTER TABLE `votes`
  ADD CONSTRAINT `votes_election_id_foreign` FOREIGN KEY (`election_id`) REFERENCES `elections` (`id`) ON DELETE CASCADE;

--
-- Constraints for table `winners`
--
ALTER TABLE `winners`
  ADD CONSTRAINT `winners_election_id_foreign` FOREIGN KEY (`election_id`) REFERENCES `elections` (`id`) ON DELETE CASCADE,
  ADD CONSTRAINT `winners_result_id_foreign` FOREIGN KEY (`result_id`) REFERENCES `results` (`id`) ON DELETE CASCADE;
COMMIT;

/*!40101 SET CHARACTER_SET_CLIENT=@OLD_CHARACTER_SET_CLIENT */;
/*!40101 SET CHARACTER_SET_RESULTS=@OLD_CHARACTER_SET_RESULTS */;
/*!40101 SET COLLATION_CONNECTION=@OLD_COLLATION_CONNECTION */;
